product_category,marketing_channel,customer_segment,payment_status,delivery_status,total_ordenes,ventas_netas,ganancia_neta,descuento_promedio
Automotive,Affiliate,Business,Failed,Cancelled,7,9791.57,5432.01,0.46
Automotive,Affiliate,Business,Paid,Cancelled,2,312.8,136.22,8.82
Automotive,Affiliate,Business,Paid,Delayed,22,12422.27,4200.25,142.88
Automotive,Affiliate,Business,Paid,Early,4,1737.88,826.41,37.53
Automotive,Affiliate,Business,Paid,On Time,69,43398.3,16515.03,120.33
Automotive,Affiliate,Business,Pending,Cancelled,1,1166.67,103.89,534.94
Automotive,Affiliate,Business,Pending,Delayed,2,1466.56,679.11,25.59
Automotive,Affiliate,Business,Pending,Early,1,1015.15,417.17,65.51
Automotive,Affiliate,Business,Pending,On Time,17,17403.24,6766.06,184.04
Automotive,Affiliate,Business,Refunded,Cancelled,13,7951.08,3792.72,31.82
Automotive,Affiliate,Consumer,Failed,Cancelled,50,41956.8,19289.12,45.66
Automotive,Affiliate,Consumer,Paid,Cancelled,12,5946.57,1781.51,200.15
Automotive,Affiliate,Consumer,Paid,Delayed,72,47629.47,18465.03,102.96
Automotive,Affiliate,Consumer,Paid,Early,43,33012.71,11271.02,170.72
Automotive,Affiliate,Consumer,Paid,On Time,400,254682.88,99572.49,108.7
Automotive,Affiliate,Consumer,Pending,Cancelled,14,10972.69,4186.97,136.18
Automotive,Affiliate,Consumer,Pending,Delayed,6,4420.87,1363.34,165.88
Automotive,Affiliate,Consumer,Pending,Early,3,1159.52,411.47,46.26
Automotive,Affiliate,Consumer,Pending,On Time,36,31487.51,12979.93,69.93
Automotive,Affiliate,Consumer,Refunded,Cancelled,49,32567.24,15218.28,1.72
Automotive,Affiliate,Premium,Failed,Cancelled,29,18326.8,8989.07,34.64
Automotive,Affiliate,Premium,Paid,Cancelled,7,4903.18,1930.56,214.42
Automotive,Affiliate,Premium,Paid,Delayed,39,20637.79,6967.39,131.99
Automotive,Affiliate,Premium,Paid,Early,27,18567.44,6100.06,197.6
Automotive,Affiliate,Premium,Paid,On Time,201,142210.28,54704.45,151.29
Automotive,Affiliate,Premium,Pending,Cancelled,5,2530.09,990.75,137.93
Automotive,Affiliate,Premium,Pending,Delayed,3,3368.21,993.05,177.86
Automotive,Affiliate,Premium,Pending,On Time,23,14960.62,3754.21,209.0
Automotive,Affiliate,Premium,Refunded,Cancelled,28,23733.75,12148.68,0.18
Automotive,Affiliate,VIP,Failed,Cancelled,8,8697.91,3717.01,37.47
Automotive,Affiliate,VIP,Paid,Cancelled,2,372.02,144.27,57.76
Automotive,Affiliate,VIP,Paid,Delayed,20,7073.51,2284.69,64.54
Automotive,Affiliate,VIP,Paid,Early,6,2465.98,1075.75,65.08
Automotive,Affiliate,VIP,Paid,On Time,80,45625.42,15387.07,178.76
Automotive,Affiliate,VIP,Pending,Cancelled,3,2335.9,1103.48,62.73
Automotive,Affiliate,VIP,Pending,Delayed,2,1372.47,449.17,259.53
Automotive,Affiliate,VIP,Pending,Early,1,857.34,304.67,57.34
Automotive,Affiliate,VIP,Pending,On Time,13,8951.82,3808.34,121.68
Automotive,Affiliate,VIP,Refunded,Cancelled,7,3424.61,1725.03,0.0
Automotive,Direct,Business,Failed,Cancelled,25,17863.12,7998.33,31.0
Automotive,Direct,Business,Paid,Cancelled,2,945.54,509.64,44.52
Automotive,Direct,Business,Paid,Delayed,51,30561.27,11869.92,78.96
Automotive,Direct,Business,Paid,Early,20,12119.68,5200.97,85.72
Automotive,Direct,Business,Paid,On Time,186,111448.53,41725.68,118.23
Automotive,Direct,Business,Pending,Cancelled,8,4261.54,1895.36,66.1
Automotive,Direct,Business,Pending,Delayed,7,4755.09,1821.55,187.5
Automotive,Direct,Business,Pending,Early,2,692.14,97.39,142.98
Automotive,Direct,Business,Pending,On Time,27,15671.02,5064.3,142.48
Automotive,Direct,Business,Refunded,Cancelled,24,19068.39,9267.54,8.84
Automotive,Direct,Consumer,Failed,Cancelled,142,97074.77,44514.28,18.45
Automotive,Direct,Consumer,Paid,Cancelled,26,20021.46,6151.32,155.62
Automotive,Direct,Consumer,Paid,Delayed,237,160859.52,62900.8,120.53
Automotive,Direct,Consumer,Paid,Early,135,91036.05,36862.73,105.25
Automotive,Direct,Consumer,Paid,On Time,1057,679052.51,261666.01,108.16
Automotive,Direct,Consumer,Pending,Cancelled,56,41613.95,15992.35,150.34
Automotive,Direct,Consumer,Pending,Delayed,24,9645.55,4131.35,78.45
Automotive,Direct,Consumer,Pending,Early,17,12018.06,5246.28,65.21
Automotive,Direct,Consumer,Pending,On Time,124,80843.22,31236.53,126.02
Automotive,Direct,Consumer,Refunded,Cancelled,139,104258.61,51153.81,5.27
Automotive,Direct,Premium,Failed,Cancelled,52,31459.31,15043.68,21.09
Automotive,Direct,Premium,Paid,Cancelled,13,12725.6,4329.95,148.04
Automotive,Direct,Premium,Paid,Delayed,108,69048.69,23395.95,150.82
Automotive,Direct,Premium,Paid,Early,55,37608.58,11421.25,183.86
Automotive,Direct,Premium,Paid,On Time,530,332644.49,122219.4,139.45
Automotive,Direct,Premium,Pending,Cancelled,19,14964.17,5186.76,186.47
Automotive,Direct,Premium,Pending,Delayed,12,6708.33,2531.8,88.41
Automotive,Direct,Premium,Pending,Early,4,1259.71,597.07,54.25
Automotive,Direct,Premium,Pending,On Time,66,43973.47,15708.56,160.12
Automotive,Direct,Premium,Refunded,Cancelled,73,50309.03,24712.98,5.33
Automotive,Direct,VIP,Failed,Cancelled,30,18350.62,8390.13,44.48
Automotive,Direct,VIP,Paid,Cancelled,9,6542.18,1503.31,222.61
Automotive,Direct,VIP,Paid,Delayed,43,32272.32,10370.75,185.48
Automotive,Direct,VIP,Paid,Early,18,14231.88,5041.58,221.93
Automotive,Direct,VIP,Paid,On Time,202,122765.32,45443.1,131.57
Automotive,Direct,VIP,Pending,Cancelled,4,3856.81,1623.05,205.07
Automotive,Direct,VIP,Pending,Delayed,4,2449.39,1086.11,71.84
Automotive,Direct,VIP,Pending,Early,2,500.97,171.6,47.16
Automotive,Direct,VIP,Pending,On Time,21,12631.65,4013.93,168.05
Automotive,Direct,VIP,Refunded,Cancelled,36,23917.33,12667.88,3.37
Automotive,Email Marketing,Business,Failed,Cancelled,12,12282.87,6105.29,28.4
Automotive,Email Marketing,Business,Paid,Cancelled,2,188.48,99.02,15.29
Automotive,Email Marketing,Business,Paid,Delayed,23,13831.29,5223.26,96.03
Automotive,Email Marketing,Business,Paid,Early,14,9622.63,3737.32,105.31
Automotive,Email Marketing,Business,Paid,On Time,123,81667.43,31125.32,127.01
Automotive,Email Marketing,Business,Pending,Cancelled,5,5154.05,2523.84,117.15
Automotive,Email Marketing,Business,Pending,Delayed,4,2007.62,539.96,179.17
Automotive,Email Marketing,Business,Pending,Early,2,887.72,394.58,20.52
Automotive,Email Marketing,Business,Pending,On Time,13,7101.45,3108.98,64.49
Automotive,Email Marketing,Business,Refunded,Cancelled,11,8754.99,4572.64,0.0
Automotive,Email Marketing,Consumer,Failed,Cancelled,71,40660.79,17993.31,31.0
Automotive,Email Marketing,Consumer,Paid,Cancelled,17,6807.85,2617.02,62.35
Automotive,Email Marketing,Consumer,Paid,Delayed,98,56767.31,22767.38,89.18
Automotive,Email Marketing,Consumer,Paid,Early,88,56223.04,21258.1,100.59
Automotive,Email Marketing,Consumer,Paid,On Time,608,406501.21,159924.04,120.32
Automotive,Email Marketing,Consumer,Pending,Cancelled,20,12446.88,5194.59,82.9
Automotive,Email Marketing,Consumer,Pending,Delayed,19,9825.13,4213.13,76.32
Automotive,Email Marketing,Consumer,Pending,Early,8,8350.57,3282.31,182.78
Automotive,Email Marketing,Consumer,Pending,On Time,73,48119.34,17244.02,133.34
Automotive,Email Marketing,Consumer,Refunded,Cancelled,84,55141.18,27117.88,7.65
Automotive,Email Marketing,Premium,Failed,Cancelled,38,20751.35,9077.58,32.07
Automotive,Email Marketing,Premium,Paid,Cancelled,8,8141.71,3414.61,114.42
Automotive,Email Marketing,Premium,Paid,Delayed,66,36702.7,14981.85,112.95
Automotive,Email Marketing,Premium,Paid,Early,34,26243.96,10915.56,120.52
Automotive,Email Marketing,Premium,Paid,On Time,259,164725.62,58601.13,140.65
Automotive,Email Marketing,Premium,Pending,Cancelled,15,9979.75,3842.45,110.65
Automotive,Email Marketing,Premium,Pending,Delayed,4,1617.06,508.05,161.73
Automotive,Email Marketing,Premium,Pending,Early,1,138.31,-71.31,164.93
Automotive,Email Marketing,Premium,Pending,On Time,38,23295.87,7934.1,138.14
Automotive,Email Marketing,Premium,Refunded,Cancelled,27,17019.54,7892.15,6.59
Automotive,Email Marketing,VIP,Failed,Cancelled,14,11666.98,5367.89,18.8
Automotive,Email Marketing,VIP,Paid,Delayed,24,19698.03,7112.4,205.59
Automotive,Email Marketing,VIP,Paid,Early,14,11746.92,5133.61,126.19
Automotive,Email Marketing,VIP,Paid,On Time,109,60599.94,22020.3,104.57
Automotive,Email Marketing,VIP,Pending,Cancelled,1,373.4,182.49,2.03
Automotive,Email Marketing,VIP,Pending,Delayed,7,5802.52,2455.0,233.63
Automotive,Email Marketing,VIP,Pending,Early,1,365.9,98.17,54.14
Automotive,Email Marketing,VIP,Pending,On Time,10,7322.86,2581.88,163.89
Automotive,Email Marketing,VIP,Refunded,Cancelled,14,12175.57,6370.96,7.3
Automotive,Facebook Ads,Business,Failed,Cancelled,17,14147.38,6782.11,18.12
Automotive,Facebook Ads,Business,Paid,Cancelled,7,4885.82,1989.82,87.35
Automotive,Facebook Ads,Business,Paid,Delayed,29,13260.82,5668.18,53.7
Automotive,Facebook Ads,Business,Paid,Early,16,11180.09,4444.91,120.51
Automotive,Facebook Ads,Business,Paid,On Time,177,120070.48,46834.46,112.17
Automotive,Facebook Ads,Business,Pending,Cancelled,9,4212.71,1347.05,66.15
Automotive,Facebook Ads,Business,Pending,Delayed,5,2571.09,855.98,46.88
Automotive,Facebook Ads,Business,Pending,Early,3,1213.02,450.08,52.01
Automotive,Facebook Ads,Business,Pending,On Time,21,13742.68,5373.88,111.61
Automotive,Facebook Ads,Business,Refunded,Cancelled,17,12819.72,6015.7,17.43
Automotive,Facebook Ads,Consumer,Failed,Cancelled,116,78488.43,35617.01,32.2
Automotive,Facebook Ads,Consumer,Paid,Cancelled,27,17368.11,7720.62,94.11
Automotive,Facebook Ads,Consumer,Paid,Delayed,181,119036.88,44900.36,121.91
Automotive,Facebook Ads,Consumer,Paid,Early,104,71080.19,28177.59,124.85
Automotive,Facebook Ads,Consumer,Paid,On Time,930,617135.34,247820.36,105.26
Automotive,Facebook Ads,Consumer,Pending,Cancelled,28,17796.97,7659.24,86.71
Automotive,Facebook Ads,Consumer,Pending,Delayed,23,16730.47,6363.61,111.17
Automotive,Facebook Ads,Consumer,Pending,Early,8,3709.11,1008.9,164.21
Automotive,Facebook Ads,Consumer,Pending,On Time,112,73901.56,30216.47,106.8
Automotive,Facebook Ads,Consumer,Refunded,Cancelled,135,90006.14,43593.68,11.21
Automotive,Facebook Ads,Premium,Failed,Cancelled,56,36404.69,16848.91,9.96
Automotive,Facebook Ads,Premium,Paid,Cancelled,7,6937.96,2537.91,201.2
Automotive,Facebook Ads,Premium,Paid,Delayed,75,55386.97,18703.59,175.59
Automotive,Facebook Ads,Premium,Paid,Early,56,38368.38,13168.74,164.69
Automotive,Facebook Ads,Premium,Paid,On Time,412,254869.52,88712.79,139.45
Automotive,Facebook Ads,Premium,Pending,Cancelled,19,11367.66,4362.19,102.98
Automotive,Facebook Ads,Premium,Pending,Delayed,6,4674.74,1316.12,349.16
Automotive,Facebook Ads,Premium,Pending,Early,4,2588.7,1071.4,97.2
Automotive,Facebook Ads,Premium,Pending,On Time,41,27426.67,8345.59,195.87
Automotive,Facebook Ads,Premium,Refunded,Cancelled,54,32621.3,16678.03,1.53
Automotive,Facebook Ads,VIP,Failed,Cancelled,25,18361.02,9057.58,65.71
Automotive,Facebook Ads,VIP,Paid,Cancelled,3,2428.16,1310.47,87.9
Automotive,Facebook Ads,VIP,Paid,Delayed,30,17253.84,6697.77,119.92
Automotive,Facebook Ads,VIP,Paid,Early,19,12366.46,4578.67,230.26
Automotive,Facebook Ads,VIP,Paid,On Time,180,103273.18,37426.32,131.33
Automotive,Facebook Ads,VIP,Pending,Cancelled,9,7313.76,2238.14,251.57
Automotive,Facebook Ads,VIP,Pending,Delayed,4,3779.1,1596.3,108.22
Automotive,Facebook Ads,VIP,Pending,On Time,9,4246.79,940.35,167.75
Automotive,Facebook Ads,VIP,Refunded,Cancelled,22,13522.77,6714.98,0.0
Automotive,Google Ads,Business,Failed,Cancelled,33,23471.63,10408.81,56.37
Automotive,Google Ads,Business,Paid,Cancelled,4,2271.25,658.57,143.81
Automotive,Google Ads,Business,Paid,Delayed,37,25556.62,9443.39,94.65
Automotive,Google Ads,Business,Paid,Early,29,19839.35,7363.7,77.31
Automotive,Google Ads,Business,Paid,On Time,224,150062.0,60179.75,116.36
Automotive,Google Ads,Business,Pending,Cancelled,10,6511.84,2646.27,86.0
Automotive,Google Ads,Business,Pending,Delayed,2,503.89,183.11,41.49
Automotive,Google Ads,Business,Pending,Early,2,689.64,359.59,33.54
Automotive,Google Ads,Business,Pending,On Time,30,20232.12,9139.43,83.88
Automotive,Google Ads,Business,Refunded,Cancelled,27,14995.17,7515.72,2.03
Automotive,Google Ads,Consumer,Failed,Cancelled,149,112106.88,51855.03,30.31
Automotive,Google Ads,Consumer,Paid,Cancelled,32,22346.19,9646.84,104.06
Automotive,Google Ads,Consumer,Paid,Delayed,227,159322.9,63331.29,119.3
Automotive,Google Ads,Consumer,Paid,Early,121,76357.33,31206.52,103.33
Automotive,Google Ads,Consumer,Paid,On Time,1166,767525.8,297184.39,117.0
Automotive,Google Ads,Consumer,Pending,Cancelled,39,27265.77,9592.41,125.42
Automotive,Google Ads,Consumer,Pending,Delayed,31,22843.6,8584.64,140.69
Automotive,Google Ads,Consumer,Pending,Early,20,15105.14,5432.17,129.49
Automotive,Google Ads,Consumer,Pending,On Time,122,78156.91,29327.03,131.82
Automotive,Google Ads,Consumer,Refunded,Cancelled,158,105502.41,51917.92,0.96
Automotive,Google Ads,Premium,Failed,Cancelled,80,49936.87,22967.68,28.12
Automotive,Google Ads,Premium,Paid,Cancelled,17,8629.13,3239.39,171.65
Automotive,Google Ads,Premium,Paid,Delayed,106,64331.68,21733.62,145.92
Automotive,Google Ads,Premium,Paid,Early,58,44169.52,15874.56,156.25
Automotive,Google Ads,Premium,Paid,On Time,525,362204.96,129564.23,158.66
Automotive,Google Ads,Premium,Pending,Cancelled,21,12894.42,5616.78,99.97
Automotive,Google Ads,Premium,Pending,Delayed,10,5618.18,2007.69,100.65
Automotive,Google Ads,Premium,Pending,Early,5,3832.81,1569.76,52.6
Automotive,Google Ads,Premium,Pending,On Time,56,37266.68,14774.61,128.71
Automotive,Google Ads,Premium,Refunded,Cancelled,58,38380.61,20117.92,15.56
Automotive,Google Ads,VIP,Failed,Cancelled,27,18528.77,8038.36,79.61
Automotive,Google Ads,VIP,Paid,Cancelled,6,4293.75,770.62,282.51
Automotive,Google Ads,VIP,Paid,Delayed,41,24170.95,9750.37,128.79
Automotive,Google Ads,VIP,Paid,Early,26,14864.54,5681.13,137.33
Automotive,Google Ads,VIP,Paid,On Time,236,147789.14,49399.22,163.03
Automotive,Google Ads,VIP,Pending,Cancelled,6,4154.54,1572.16,141.19
Automotive,Google Ads,VIP,Pending,Delayed,5,2704.52,1026.81,93.56
Automotive,Google Ads,VIP,Pending,Early,3,544.16,205.28,22.46
Automotive,Google Ads,VIP,Pending,On Time,28,14972.3,5721.26,99.83
Automotive,Google Ads,VIP,Refunded,Cancelled,22,10932.86,4734.96,0.0
Automotive,Instagram,Business,Failed,Cancelled,21,11693.67,5666.97,7.18
Automotive,Instagram,Business,Paid,Cancelled,6,1296.39,415.06,29.1
Automotive,Instagram,Business,Paid,Delayed,30,18066.63,6339.66,92.77
Automotive,Instagram,Business,Paid,Early,21,14840.69,5617.32,157.17
Automotive,Instagram,Business,Paid,On Time,134,87792.14,33925.7,108.27
Automotive,Instagram,Business,Pending,Cancelled,5,1572.57,651.27,40.99
Automotive,Instagram,Business,Pending,Delayed,2,4862.54,2339.81,212.61
Automotive,Instagram,Business,Pending,Early,1,530.52,151.78,117.44
Automotive,Instagram,Business,Pending,On Time,17,9499.45,2986.99,122.26
Automotive,Instagram,Business,Refunded,Cancelled,18,15458.32,8016.35,9.91
Automotive,Instagram,Consumer,Failed,Cancelled,99,61596.76,29693.65,29.52
Automotive,Instagram,Consumer,Paid,Cancelled,23,11205.92,3806.83,119.06
Automotive,Instagram,Consumer,Paid,Delayed,147,98920.05,40851.35,100.25
Automotive,Instagram,Consumer,Paid,Early,83,55628.94,21002.73,123.83
Automotive,Instagram,Consumer,Paid,On Time,756,487222.84,186920.23,117.39
Automotive,Instagram,Consumer,Pending,Cancelled,24,12393.18,4971.08,85.44
Automotive,Instagram,Consumer,Pending,Delayed,12,9356.72,3096.06,157.52
Automotive,Instagram,Consumer,Pending,Early,11,5654.73,1799.2,163.85
Automotive,Instagram,Consumer,Pending,On Time,83,56234.93,22859.55,90.49
Automotive,Instagram,Consumer,Refunded,Cancelled,106,78608.85,38283.19,3.11
Automotive,Instagram,Premium,Failed,Cancelled,59,43521.86,19543.52,34.6
Automotive,Instagram,Premium,Paid,Cancelled,7,5614.94,1956.04,144.96
Automotive,Instagram,Premium,Paid,Delayed,79,47381.9,17580.17,137.84
Automotive,Instagram,Premium,Paid,Early,42,24206.98,8407.61,131.04
Automotive,Instagram,Premium,Paid,On Time,330,212098.38,79104.84,131.72
Automotive,Instagram,Premium,Pending,Cancelled,8,4776.02,2026.9,121.7
Automotive,Instagram,Premium,Pending,Delayed,7,4479.37,1646.76,170.86
Automotive,Instagram,Premium,Pending,Early,5,5703.54,1868.69,231.42
Automotive,Instagram,Premium,Pending,On Time,43,24472.74,7629.98,169.24
Automotive,Instagram,Premium,Refunded,Cancelled,41,27450.85,13474.11,0.77
Automotive,Instagram,VIP,Failed,Cancelled,21,14976.32,6098.51,79.09
Automotive,Instagram,VIP,Paid,Cancelled,3,1272.56,604.09,27.95
Automotive,Instagram,VIP,Paid,Delayed,27,17553.1,6511.22,108.62
Automotive,Instagram,VIP,Paid,Early,19,8718.77,3183.83,98.8
Automotive,Instagram,VIP,Paid,On Time,119,79386.13,26291.4,153.66
Automotive,Instagram,VIP,Pending,Cancelled,4,1206.88,423.99,73.61
Automotive,Instagram,VIP,Pending,Delayed,4,537.37,157.18,20.04
Automotive,Instagram,VIP,Pending,Early,4,2458.91,1069.09,109.82
Automotive,Instagram,VIP,Pending,On Time,14,7715.77,2917.32,130.01
Automotive,Instagram,VIP,Refunded,Cancelled,5,2554.61,1056.78,0.0
Automotive,Organic Search,Business,Failed,Cancelled,37,25557.64,12235.1,36.5
Automotive,Organic Search,Business,Paid,Cancelled,8,8105.99,2811.63,193.41
Automotive,Organic Search,Business,Paid,Delayed,67,45000.39,18168.79,111.72
Automotive,Organic Search,Business,Paid,Early,39,26043.74,9511.03,115.47
Automotive,Organic Search,Business,Paid,On Time,282,183936.23,71002.22,123.98
Automotive,Organic Search,Business,Pending,Cancelled,11,7349.12,2741.45,103.35
Automotive,Organic Search,Business,Pending,Delayed,4,937.51,410.7,11.56
Automotive,Organic Search,Business,Pending,Early,3,1814.27,876.07,42.23
Automotive,Organic Search,Business,Pending,On Time,19,15953.12,6246.22,158.05
Automotive,Organic Search,Business,Refunded,Cancelled,31,23458.02,11650.24,4.31
Automotive,Organic Search,Consumer,Failed,Cancelled,186,123387.98,57853.18,33.2
Automotive,Organic Search,Consumer,Paid,Cancelled,39,27541.72,10046.35,138.76
Automotive,Organic Search,Consumer,Paid,Delayed,315,209701.64,81478.5,114.67
Automotive,Organic Search,Consumer,Paid,Early,194,128617.43,50107.65,120.34
Automotive,Organic Search,Consumer,Paid,On Time,1598,1064229.01,417084.93,115.06
Automotive,Organic Search,Consumer,Pending,Cancelled,50,30381.53,11621.93,113.29
Automotive,Organic Search,Consumer,Pending,Delayed,29,16561.17,5995.77,171.58
Automotive,Organic Search,Consumer,Pending,Early,25,15910.97,5889.52,128.69
Automotive,Organic Search,Consumer,Pending,On Time,186,123089.75,49328.39,106.3
Automotive,Organic Search,Consumer,Refunded,Cancelled,198,128959.05,63928.49,6.23
Automotive,Organic Search,Premium,Failed,Cancelled,94,58194.5,27030.43,40.13
Automotive,Organic Search,Premium,Paid,Cancelled,14,11524.51,3515.8,209.51
Automotive,Organic Search,Premium,Paid,Delayed,169,104823.94,36048.44,159.06
Automotive,Organic Search,Premium,Paid,Early,91,59805.51,22091.72,148.99
Automotive,Organic Search,Premium,Paid,On Time,719,478386.29,171835.75,149.57
Automotive,Organic Search,Premium,Pending,Cancelled,24,17070.36,5337.72,199.63
Automotive,Organic Search,Premium,Pending,Delayed,19,10106.72,3946.1,118.36
Automotive,Organic Search,Premium,Pending,Early,10,6494.96,3079.27,80.47
Automotive,Organic Search,Premium,Pending,On Time,71,50221.72,18886.83,147.8
Automotive,Organic Search,Premium,Refunded,Cancelled,89,53939.48,24826.62,15.29
Automotive,Organic Search,VIP,Failed,Cancelled,39,26002.22,12572.02,34.41
Automotive,Organic Search,VIP,Paid,Cancelled,7,3128.42,1074.92,144.79
Automotive,Organic Search,VIP,Paid,Delayed,52,28595.04,9704.81,129.86
Automotive,Organic Search,VIP,Paid,Early,40,22216.35,8220.67,113.48
Automotive,Organic Search,VIP,Paid,On Time,285,181606.13,65064.09,148.72
Automotive,Organic Search,VIP,Pending,Cancelled,7,7143.1,2631.87,193.91
Automotive,Organic Search,VIP,Pending,Delayed,6,3764.27,1148.01,162.61
Automotive,Organic Search,VIP,Pending,On Time,29,14572.85,4592.89,139.98
Automotive,Organic Search,VIP,Refunded,Cancelled,38,24116.13,11596.61,2.33
Automotive,Referral,Business,Failed,Cancelled,20,15769.1,7549.32,26.57
Automotive,Referral,Business,Paid,Cancelled,1,446.89,89.45,117.24
Automotive,Referral,Business,Paid,Delayed,19,8200.91,3013.6,95.73
Automotive,Referral,Business,Paid,Early,16,8104.32,3333.37,72.38
Automotive,Referral,Business,Paid,On Time,101,62807.73,25203.97,103.32
Automotive,Referral,Business,Pending,Cancelled,4,1461.34,717.3,42.26
Automotive,Referral,Business,Pending,Delayed,1,136.48,39.39,14.51
Automotive,Referral,Business,Pending,On Time,20,12412.76,5572.21,60.67
Automotive,Referral,Business,Refunded,Cancelled,21,16839.08,8586.98,0.27
Automotive,Referral,Consumer,Failed,Cancelled,89,60123.12,27832.01,27.68
Automotive,Referral,Consumer,Paid,Cancelled,18,8950.82,3006.29,69.71
Automotive,Referral,Consumer,Paid,Delayed,133,83191.42,32674.03,123.2
Automotive,Referral,Consumer,Paid,Early,61,34645.04,11457.54,124.57
Automotive,Referral,Consumer,Paid,On Time,661,428255.59,167326.21,114.77
Automotive,Referral,Consumer,Pending,Cancelled,26,21933.73,8827.71,143.72
Automotive,Referral,Consumer,Pending,Delayed,2,1968.76,751.24,312.29
Automotive,Referral,Consumer,Pending,Early,6,2343.6,918.71,44.62
Automotive,Referral,Consumer,Pending,On Time,66,37019.15,14519.61,86.72
Automotive,Referral,Consumer,Refunded,Cancelled,74,50464.25,24066.69,9.41
Automotive,Referral,Premium,Failed,Cancelled,42,26380.06,12351.01,14.52
Automotive,Referral,Premium,Paid,Cancelled,6,3661.42,1188.86,115.47
Automotive,Referral,Premium,Paid,Delayed,56,35492.34,11860.77,162.42
Automotive,Referral,Premium,Paid,Early,44,30329.71,10873.4,183.52
Automotive,Referral,Premium,Paid,On Time,278,159824.33,59274.2,131.75
Automotive,Referral,Premium,Pending,Cancelled,12,8824.82,3616.55,108.08
Automotive,Referral,Premium,Pending,Delayed,2,1579.65,787.89,189.5
Automotive,Referral,Premium,Pending,Early,1,1865.41,985.79,77.96
Automotive,Referral,Premium,Pending,On Time,38,24060.68,8431.84,153.91
Automotive,Referral,Premium,Refunded,Cancelled,29,24595.69,12643.37,3.44
Automotive,Referral,VIP,Failed,Cancelled,22,13569.38,6949.52,6.07
Automotive,Referral,VIP,Paid,Cancelled,4,3827.73,1310.51,104.52
Automotive,Referral,VIP,Paid,Delayed,33,24442.3,8542.03,159.75
Automotive,Referral,VIP,Paid,Early,12,7917.8,2632.64,168.39
Automotive,Referral,VIP,Paid,On Time,117,71433.03,25335.4,150.45
Automotive,Referral,VIP,Pending,Cancelled,3,1070.0,452.27,77.17
Automotive,Referral,VIP,Pending,Delayed,1,1297.53,661.85,72.81
Automotive,Referral,VIP,Pending,Early,1,1447.55,218.23,360.42
Automotive,Referral,VIP,Pending,On Time,19,8223.73,2703.66,157.61
Automotive,Referral,VIP,Refunded,Cancelled,16,12620.36,6513.3,0.67
Automotive,TikTok,Business,Failed,Cancelled,10,3266.36,1512.04,2.84
Automotive,TikTok,Business,Paid,Cancelled,1,1729.53,965.48,234.98
Automotive,TikTok,Business,Paid,Delayed,5,3517.75,1431.59,191.92
Automotive,TikTok,Business,Paid,Early,7,5598.74,2637.32,94.88
Automotive,TikTok,Business,Paid,On Time,62,35628.77,13987.66,105.63
Automotive,TikTok,Business,Pending,Cancelled,1,337.16,144.89,15.47
Automotive,TikTok,Business,Pending,Delayed,1,431.94,196.04,45.28
Automotive,TikTok,Business,Pending,On Time,4,3297.56,1446.16,67.72
Automotive,TikTok,Business,Refunded,Cancelled,6,7754.08,4040.35,13.92
Automotive,TikTok,Consumer,Failed,Cancelled,45,30189.85,13502.33,33.02
Automotive,TikTok,Consumer,Paid,Cancelled,12,7777.24,2680.54,243.0
Automotive,TikTok,Consumer,Paid,Delayed,48,25726.6,10727.28,83.19
Automotive,TikTok,Consumer,Paid,Early,36,24381.56,10215.71,119.21
Automotive,TikTok,Consumer,Paid,On Time,307,201014.34,79591.22,110.07
Automotive,TikTok,Consumer,Pending,Cancelled,13,6538.63,1876.79,121.61
Automotive,TikTok,Consumer,Pending,Delayed,2,512.29,143.78,30.71
Automotive,TikTok,Consumer,Pending,Early,2,1238.61,542.25,124.13
Automotive,TikTok,Consumer,Pending,On Time,30,20010.46,7813.01,111.38
Automotive,TikTok,Consumer,Refunded,Cancelled,49,43045.0,20866.75,0.46
Automotive,TikTok,Premium,Failed,Cancelled,23,22561.1,10682.57,34.3
Automotive,TikTok,Premium,Paid,Cancelled,3,1375.16,488.7,134.67
Automotive,TikTok,Premium,Paid,Delayed,29,20668.79,7401.0,184.44
Automotive,TikTok,Premium,Paid,Early,18,16214.49,5780.78,236.25
Automotive,TikTok,Premium,Paid,On Time,146,93275.4,30398.94,160.44
Automotive,TikTok,Premium,Pending,Cancelled,2,1467.06,242.9,351.24
Automotive,TikTok,Premium,Pending,Delayed,3,1456.8,144.72,285.63
Automotive,TikTok,Premium,Pending,Early,2,1703.9,434.23,446.85
Automotive,TikTok,Premium,Pending,On Time,19,12103.65,4232.94,145.34
Automotive,TikTok,Premium,Refunded,Cancelled,29,22567.48,10889.51,38.63
Automotive,TikTok,VIP,Failed,Cancelled,12,6362.22,3148.75,18.45
Automotive,TikTok,VIP,Paid,Cancelled,1,279.95,95.4,201.17
Automotive,TikTok,VIP,Paid,Delayed,7,2854.39,1033.52,116.85
Automotive,TikTok,VIP,Paid,Early,9,11781.52,4175.48,217.26
Automotive,TikTok,VIP,Paid,On Time,52,31605.32,12643.84,127.18
Automotive,TikTok,VIP,Pending,Cancelled,4,4539.99,1546.41,434.12
Automotive,TikTok,VIP,Pending,Delayed,1,356.77,144.48,39.98
Automotive,TikTok,VIP,Pending,On Time,9,5731.62,2107.06,129.47
Automotive,TikTok,VIP,Refunded,Cancelled,5,2389.77,972.26,0.0
Automotive,YouTube,Business,Failed,Cancelled,3,2392.3,1102.06,0.0
Automotive,YouTube,Business,Paid,Cancelled,1,382.89,195.39,33.74
Automotive,YouTube,Business,Paid,Delayed,8,7675.51,2783.64,214.37
Automotive,YouTube,Business,Paid,Early,4,3393.36,1544.55,44.47
Automotive,YouTube,Business,Paid,On Time,42,30382.81,12033.07,117.68
Automotive,YouTube,Business,Pending,On Time,2,978.75,537.3,66.48
Automotive,YouTube,Business,Refunded,Cancelled,3,3238.16,1730.88,0.0
Automotive,YouTube,Consumer,Failed,Cancelled,35,25873.68,11402.71,33.36
Automotive,YouTube,Consumer,Paid,Cancelled,9,5247.04,2389.37,95.22
Automotive,YouTube,Consumer,Paid,Delayed,51,38423.54,15192.21,115.91
Automotive,YouTube,Consumer,Paid,Early,26,16445.79,5533.19,108.35
Automotive,YouTube,Consumer,Paid,On Time,232,143564.36,53397.32,125.01
Automotive,YouTube,Consumer,Pending,Cancelled,12,11728.74,5203.6,137.5
Automotive,YouTube,Consumer,Pending,Delayed,5,2966.67,1319.21,63.93
Automotive,YouTube,Consumer,Pending,Early,1,413.67,128.94,23.7
Automotive,YouTube,Consumer,Pending,On Time,11,5837.73,2765.13,78.92
Automotive,YouTube,Consumer,Refunded,Cancelled,40,21237.03,9355.36,10.75
Automotive,YouTube,Premium,Failed,Cancelled,14,14590.43,6430.16,116.37
Automotive,YouTube,Premium,Paid,Cancelled,4,3831.38,1354.84,139.78
Automotive,YouTube,Premium,Paid,Delayed,18,16685.54,6310.97,170.04
Automotive,YouTube,Premium,Paid,Early,16,13134.57,4460.32,169.57
Automotive,YouTube,Premium,Paid,On Time,97,65994.45,23264.79,154.88
Automotive,YouTube,Premium,Pending,Cancelled,3,1280.71,624.23,19.73
Automotive,YouTube,Premium,Pending,Delayed,3,1982.38,199.23,278.28
Automotive,YouTube,Premium,Pending,Early,1,396.16,205.08,97.68
Automotive,YouTube,Premium,Pending,On Time,9,8236.81,3032.78,88.76
Automotive,YouTube,Premium,Refunded,Cancelled,13,6791.73,3283.21,0.0
Automotive,YouTube,VIP,Failed,Cancelled,4,3280.68,1513.25,0.0
Automotive,YouTube,VIP,Paid,Delayed,9,5617.57,2664.85,107.93
Automotive,YouTube,VIP,Paid,Early,7,5097.01,2544.32,61.83
Automotive,YouTube,VIP,Paid,On Time,46,30673.38,11941.04,153.15
Automotive,YouTube,VIP,Pending,Delayed,3,2378.47,504.17,182.13
Automotive,YouTube,VIP,Pending,On Time,4,1683.06,868.07,69.55
Automotive,YouTube,VIP,Refunded,Cancelled,2,1368.72,835.68,0.0
Baby & Kids,Affiliate,Business,Failed,Cancelled,6,2191.24,1268.7,36.46
Baby & Kids,Affiliate,Business,Paid,Cancelled,3,1713.49,733.36,155.76
Baby & Kids,Affiliate,Business,Paid,Delayed,11,4853.82,2360.47,77.41
Baby & Kids,Affiliate,Business,Paid,Early,7,2797.75,1626.84,39.62
Baby & Kids,Affiliate,Business,Paid,On Time,72,30726.0,14767.9,91.39
Baby & Kids,Affiliate,Business,Pending,Cancelled,2,975.65,285.56,199.6
Baby & Kids,Affiliate,Business,Pending,Early,3,1231.94,730.01,52.8
Baby & Kids,Affiliate,Business,Pending,On Time,5,1926.64,924.32,37.11
Baby & Kids,Affiliate,Business,Refunded,Cancelled,5,2462.14,1737.89,0.0
Baby & Kids,Affiliate,Consumer,Failed,Cancelled,43,20988.47,11888.96,17.55
Baby & Kids,Affiliate,Consumer,Paid,Cancelled,8,4189.95,2221.42,87.31
Baby & Kids,Affiliate,Consumer,Paid,Delayed,64,29238.42,15066.03,71.85
Baby & Kids,Affiliate,Consumer,Paid,Early,51,22709.22,11384.53,79.92
Baby & Kids,Affiliate,Consumer,Paid,On Time,356,141883.35,67711.48,75.87
Baby & Kids,Affiliate,Consumer,Pending,Cancelled,9,2735.46,1177.6,96.55
Baby & Kids,Affiliate,Consumer,Pending,Delayed,5,1938.6,738.39,166.42
Baby & Kids,Affiliate,Consumer,Pending,Early,6,2411.15,1218.3,62.55
Baby & Kids,Affiliate,Consumer,Pending,On Time,39,17784.85,8599.19,89.04
Baby & Kids,Affiliate,Consumer,Refunded,Cancelled,38,19270.06,11548.14,9.75
Baby & Kids,Affiliate,Premium,Failed,Cancelled,17,7825.64,4493.17,12.37
Baby & Kids,Affiliate,Premium,Paid,Cancelled,7,3413.34,1696.15,130.56
Baby & Kids,Affiliate,Premium,Paid,Delayed,32,13423.13,6183.0,97.64
Baby & Kids,Affiliate,Premium,Paid,Early,12,4253.44,2016.92,81.97
Baby & Kids,Affiliate,Premium,Paid,On Time,167,61200.47,29250.67,95.94
Baby & Kids,Affiliate,Premium,Pending,Cancelled,4,653.43,290.87,35.64
Baby & Kids,Affiliate,Premium,Pending,Delayed,4,1861.43,697.54,217.9
Baby & Kids,Affiliate,Premium,Pending,On Time,22,9863.27,4862.1,93.55
Baby & Kids,Affiliate,Premium,Refunded,Cancelled,23,11285.86,6553.63,0.01
Baby & Kids,Affiliate,VIP,Failed,Cancelled,10,5544.8,3260.92,35.62
Baby & Kids,Affiliate,VIP,Paid,Delayed,14,6596.56,3543.46,55.83
Baby & Kids,Affiliate,VIP,Paid,Early,5,2464.44,1393.33,67.46
Baby & Kids,Affiliate,VIP,Paid,On Time,67,29797.4,14238.81,104.01
Baby & Kids,Affiliate,VIP,Pending,Cancelled,1,284.33,191.32,28.38
Baby & Kids,Affiliate,VIP,Pending,Delayed,3,1014.54,382.76,111.32
Baby & Kids,Affiliate,VIP,Pending,On Time,7,4085.6,1910.21,120.52
Baby & Kids,Affiliate,VIP,Refunded,Cancelled,6,3154.34,1727.28,0.0
Baby & Kids,Direct,Business,Failed,Cancelled,23,8745.94,4702.94,37.12
Baby & Kids,Direct,Business,Paid,Cancelled,5,2300.51,1165.0,55.1
Baby & Kids,Direct,Business,Paid,Delayed,37,14207.22,7150.77,49.65
Baby & Kids,Direct,Business,Paid,Early,29,12184.8,6091.48,78.95
Baby & Kids,Direct,Business,Paid,On Time,197,72822.9,37713.4,57.94
Baby & Kids,Direct,Business,Pending,Cancelled,3,644.73,404.96,16.06
Baby & Kids,Direct,Business,Pending,Delayed,5,3032.04,1011.66,136.49
Baby & Kids,Direct,Business,Pending,Early,2,161.67,86.62,6.84
Baby & Kids,Direct,Business,Pending,On Time,25,8083.84,4283.13,49.3
Baby & Kids,Direct,Business,Refunded,Cancelled,24,10984.59,6069.08,3.11
Baby & Kids,Direct,Consumer,Failed,Cancelled,132,62320.95,33878.67,31.19
Baby & Kids,Direct,Consumer,Paid,Cancelled,18,7720.42,4443.54,49.92
Baby & Kids,Direct,Consumer,Paid,Delayed,220,86737.74,41840.39,73.03
Baby & Kids,Direct,Consumer,Paid,Early,110,44274.87,22666.49,64.96
Baby & Kids,Direct,Consumer,Paid,On Time,1069,435829.09,212460.75,71.69
Baby & Kids,Direct,Consumer,Pending,Cancelled,37,19134.06,10078.89,76.48
Baby & Kids,Direct,Consumer,Pending,Delayed,24,11318.07,4908.28,152.57
Baby & Kids,Direct,Consumer,Pending,Early,15,6713.16,3462.89,94.81
Baby & Kids,Direct,Consumer,Pending,On Time,116,47209.26,23451.57,62.98
Baby & Kids,Direct,Consumer,Refunded,Cancelled,130,59574.32,33733.81,6.23
Baby & Kids,Direct,Premium,Failed,Cancelled,63,23214.02,13210.67,21.81
Baby & Kids,Direct,Premium,Paid,Cancelled,13,5299.03,2389.88,124.27
Baby & Kids,Direct,Premium,Paid,Delayed,87,31861.04,15522.7,104.83
Baby & Kids,Direct,Premium,Paid,Early,61,22490.57,9838.48,93.54
Baby & Kids,Direct,Premium,Paid,On Time,520,198394.18,93200.78,96.17
Baby & Kids,Direct,Premium,Pending,Cancelled,18,6399.28,2551.77,120.62
Baby & Kids,Direct,Premium,Pending,Delayed,7,3160.49,1346.17,120.48
Baby & Kids,Direct,Premium,Pending,Early,4,1401.95,853.12,16.7
Baby & Kids,Direct,Premium,Pending,On Time,61,21707.96,10291.73,71.17
Baby & Kids,Direct,Premium,Refunded,Cancelled,61,33189.59,19829.0,1.93
Baby & Kids,Direct,VIP,Failed,Cancelled,27,13085.1,7327.69,37.46
Baby & Kids,Direct,VIP,Paid,Cancelled,5,1224.21,748.21,40.96
Baby & Kids,Direct,VIP,Paid,Delayed,36,12957.67,5610.23,99.86
Baby & Kids,Direct,VIP,Paid,Early,25,8130.26,4033.94,71.02
Baby & Kids,Direct,VIP,Paid,On Time,211,85216.89,40317.3,94.4
Baby & Kids,Direct,VIP,Pending,Cancelled,5,1884.67,662.42,131.08
Baby & Kids,Direct,VIP,Pending,Delayed,6,2503.05,1116.82,91.96
Baby & Kids,Direct,VIP,Pending,Early,1,77.46,18.13,51.37
Baby & Kids,Direct,VIP,Pending,On Time,21,8439.21,3755.44,90.67
Baby & Kids,Direct,VIP,Refunded,Cancelled,19,8685.7,4442.48,12.63
Baby & Kids,Email Marketing,Business,Failed,Cancelled,17,7225.06,3887.79,39.73
Baby & Kids,Email Marketing,Business,Paid,Cancelled,3,700.96,357.79,27.53
Baby & Kids,Email Marketing,Business,Paid,Delayed,23,8752.42,3875.31,84.85
Baby & Kids,Email Marketing,Business,Paid,Early,17,8979.24,4085.04,89.51
Baby & Kids,Email Marketing,Business,Paid,On Time,107,42993.57,21425.52,69.84
Baby & Kids,Email Marketing,Business,Pending,Cancelled,5,1134.11,566.53,45.25
Baby & Kids,Email Marketing,Business,Pending,Delayed,1,284.94,156.58,48.75
Baby & Kids,Email Marketing,Business,Pending,Early,4,1812.58,1096.45,14.41
Baby & Kids,Email Marketing,Business,Pending,On Time,15,8551.69,4116.6,99.71
Baby & Kids,Email Marketing,Business,Refunded,Cancelled,18,6740.83,3483.77,36.48
Baby & Kids,Email Marketing,Consumer,Failed,Cancelled,64,25546.34,14415.62,17.11
Baby & Kids,Email Marketing,Consumer,Paid,Cancelled,21,8259.27,4155.62,44.08
Baby & Kids,Email Marketing,Consumer,Paid,Delayed,102,43233.11,21854.46,60.98
Baby & Kids,Email Marketing,Consumer,Paid,Early,58,24656.06,12246.25,70.42
Baby & Kids,Email Marketing,Consumer,Paid,On Time,600,245300.49,119658.49,75.99
Baby & Kids,Email Marketing,Consumer,Pending,Cancelled,22,9424.76,5051.49,56.14
Baby & Kids,Email Marketing,Consumer,Pending,Delayed,9,3982.48,2120.03,89.51
Baby & Kids,Email Marketing,Consumer,Pending,Early,9,2752.92,1385.46,73.3
Baby & Kids,Email Marketing,Consumer,Pending,On Time,61,21014.98,10421.95,64.91
Baby & Kids,Email Marketing,Consumer,Refunded,Cancelled,69,24841.53,14637.1,1.24
Baby & Kids,Email Marketing,Premium,Failed,Cancelled,29,13919.08,7729.62,11.73
Baby & Kids,Email Marketing,Premium,Paid,Cancelled,7,4169.33,2463.9,41.96
Baby & Kids,Email Marketing,Premium,Paid,Delayed,69,27711.25,12955.19,68.7
Baby & Kids,Email Marketing,Premium,Paid,Early,41,13211.92,5824.08,97.94
Baby & Kids,Email Marketing,Premium,Paid,On Time,257,109838.86,50170.88,104.38
Baby & Kids,Email Marketing,Premium,Pending,Cancelled,9,4339.56,2000.33,132.16
Baby & Kids,Email Marketing,Premium,Pending,Delayed,9,2695.08,1238.27,87.83
Baby & Kids,Email Marketing,Premium,Pending,Early,3,551.04,244.89,61.8
Baby & Kids,Email Marketing,Premium,Pending,On Time,33,12805.07,6175.03,112.63
Baby & Kids,Email Marketing,Premium,Refunded,Cancelled,25,10994.63,6498.14,0.56
Baby & Kids,Email Marketing,VIP,Failed,Cancelled,18,7094.21,3858.78,13.14
Baby & Kids,Email Marketing,VIP,Paid,Cancelled,3,624.58,363.93,13.15
Baby & Kids,Email Marketing,VIP,Paid,Delayed,14,4312.01,1668.88,108.17
Baby & Kids,Email Marketing,VIP,Paid,Early,7,1300.87,494.29,49.0
Baby & Kids,Email Marketing,VIP,Paid,On Time,107,44928.95,20324.44,104.69
Baby & Kids,Email Marketing,VIP,Pending,Cancelled,3,1176.31,557.8,45.14
Baby & Kids,Email Marketing,VIP,Pending,Delayed,3,1691.14,687.81,207.02
Baby & Kids,Email Marketing,VIP,Pending,Early,1,431.57,84.47,107.04
Baby & Kids,Email Marketing,VIP,Pending,On Time,6,1913.88,1021.92,48.31
Baby & Kids,Email Marketing,VIP,Refunded,Cancelled,13,4998.74,2800.88,0.48
Baby & Kids,Facebook Ads,Business,Failed,Cancelled,24,9119.92,4907.06,18.46
Baby & Kids,Facebook Ads,Business,Paid,Cancelled,2,1457.72,916.43,103.52
Baby & Kids,Facebook Ads,Business,Paid,Delayed,26,8482.8,4396.78,36.78
Baby & Kids,Facebook Ads,Business,Paid,Early,12,5369.76,2792.78,72.87
Baby & Kids,Facebook Ads,Business,Paid,On Time,169,65290.01,31746.25,68.71
Baby & Kids,Facebook Ads,Business,Pending,Cancelled,8,2978.62,1717.51,36.71
Baby & Kids,Facebook Ads,Business,Pending,Delayed,5,2201.25,1152.14,32.32
Baby & Kids,Facebook Ads,Business,Pending,Early,2,798.24,494.52,42.04
Baby & Kids,Facebook Ads,Business,Pending,On Time,12,5356.37,2356.76,123.06
Baby & Kids,Facebook Ads,Business,Refunded,Cancelled,23,10500.08,6175.36,0.0
Baby & Kids,Facebook Ads,Consumer,Failed,Cancelled,122,53329.1,29925.58,15.91
Baby & Kids,Facebook Ads,Consumer,Paid,Cancelled,21,10880.53,5419.73,53.38
Baby & Kids,Facebook Ads,Consumer,Paid,Delayed,155,73021.25,34631.63,93.54
Baby & Kids,Facebook Ads,Consumer,Paid,Early,91,40654.97,20284.13,78.28
Baby & Kids,Facebook Ads,Consumer,Paid,On Time,905,392728.62,192707.82,74.86
Baby & Kids,Facebook Ads,Consumer,Pending,Cancelled,28,10952.64,5592.31,78.42
Baby & Kids,Facebook Ads,Consumer,Pending,Delayed,21,9250.8,5267.58,54.31
Baby & Kids,Facebook Ads,Consumer,Pending,Early,9,3639.25,2140.95,70.46
Baby & Kids,Facebook Ads,Consumer,Pending,On Time,82,33446.37,17356.77,76.74
Baby & Kids,Facebook Ads,Consumer,Refunded,Cancelled,95,40087.52,21975.4,5.39
Baby & Kids,Facebook Ads,Premium,Failed,Cancelled,64,30920.32,17230.08,20.93
Baby & Kids,Facebook Ads,Premium,Paid,Cancelled,8,1964.7,851.32,63.68
Baby & Kids,Facebook Ads,Premium,Paid,Delayed,94,38976.15,18338.67,104.73
Baby & Kids,Facebook Ads,Premium,Paid,Early,54,24966.28,12170.74,101.31
Baby & Kids,Facebook Ads,Premium,Paid,On Time,388,152648.18,71800.23,86.59
Baby & Kids,Facebook Ads,Premium,Pending,Cancelled,16,4920.77,1985.78,101.95
Baby & Kids,Facebook Ads,Premium,Pending,Delayed,7,5752.82,2774.25,179.91
Baby & Kids,Facebook Ads,Premium,Pending,Early,3,1907.25,875.39,183.68
Baby & Kids,Facebook Ads,Premium,Pending,On Time,54,19413.76,8221.25,109.63
Baby & Kids,Facebook Ads,Premium,Refunded,Cancelled,51,26024.29,15214.19,0.0
Baby & Kids,Facebook Ads,VIP,Failed,Cancelled,23,8591.35,4377.73,39.12
Baby & Kids,Facebook Ads,VIP,Paid,Cancelled,3,2068.66,695.85,147.75
Baby & Kids,Facebook Ads,VIP,Paid,Delayed,29,16260.01,7335.9,95.84
Baby & Kids,Facebook Ads,VIP,Paid,Early,17,6809.62,2993.43,81.16
Baby & Kids,Facebook Ads,VIP,Paid,On Time,167,62921.09,28352.37,103.25
Baby & Kids,Facebook Ads,VIP,Pending,Cancelled,5,1381.86,359.17,118.41
Baby & Kids,Facebook Ads,VIP,Pending,Delayed,4,1020.07,492.33,27.47
Baby & Kids,Facebook Ads,VIP,Pending,Early,4,930.8,486.22,29.81
Baby & Kids,Facebook Ads,VIP,Pending,On Time,16,6018.5,2598.1,125.58
Baby & Kids,Facebook Ads,VIP,Refunded,Cancelled,17,5617.81,3296.9,2.74
Baby & Kids,Google Ads,Business,Failed,Cancelled,29,10086.56,5665.21,19.75
Baby & Kids,Google Ads,Business,Paid,Cancelled,6,2572.1,1311.52,72.92
Baby & Kids,Google Ads,Business,Paid,Delayed,41,16717.64,7444.47,96.53
Baby & Kids,Google Ads,Business,Paid,Early,22,7807.13,3620.23,47.2
Baby & Kids,Google Ads,Business,Paid,On Time,186,76987.75,38350.11,76.86
Baby & Kids,Google Ads,Business,Pending,Cancelled,4,1306.98,738.65,40.94
Baby & Kids,Google Ads,Business,Pending,Delayed,4,1544.84,896.02,54.18
Baby & Kids,Google Ads,Business,Pending,Early,3,2224.58,1113.54,85.66
Baby & Kids,Google Ads,Business,Pending,On Time,19,7746.82,3934.66,57.64
Baby & Kids,Google Ads,Business,Refunded,Cancelled,26,11202.71,6642.4,12.33
Baby & Kids,Google Ads,Consumer,Failed,Cancelled,132,54138.22,30364.75,13.24
Baby & Kids,Google Ads,Consumer,Paid,Cancelled,31,11537.39,6191.92,65.45
Baby & Kids,Google Ads,Consumer,Paid,Delayed,218,92058.65,44323.44,84.94
Baby & Kids,Google Ads,Consumer,Paid,Early,104,40745.69,20685.21,56.17
Baby & Kids,Google Ads,Consumer,Paid,On Time,1147,480885.77,240602.61,70.78
Baby & Kids,Google Ads,Consumer,Pending,Cancelled,34,13936.37,6981.11,78.95
Baby & Kids,Google Ads,Consumer,Pending,Delayed,29,10890.5,4726.77,97.13
Baby & Kids,Google Ads,Consumer,Pending,Early,13,5282.02,2334.63,96.36
Baby & Kids,Google Ads,Consumer,Pending,On Time,107,46709.56,23468.44,78.96
Baby & Kids,Google Ads,Consumer,Refunded,Cancelled,115,48443.02,27877.04,4.2
Baby & Kids,Google Ads,Premium,Failed,Cancelled,72,29935.93,16526.56,22.45
Baby & Kids,Google Ads,Premium,Paid,Cancelled,11,3296.96,1718.61,50.17
Baby & Kids,Google Ads,Premium,Paid,Delayed,88,34939.69,16734.12,84.09
Baby & Kids,Google Ads,Premium,Paid,Early,47,19459.01,9073.03,100.1
Baby & Kids,Google Ads,Premium,Paid,On Time,534,215603.09,102708.27,90.27
Baby & Kids,Google Ads,Premium,Pending,Cancelled,15,8532.86,4396.74,65.18
Baby & Kids,Google Ads,Premium,Pending,Delayed,9,3255.31,1181.57,120.14
Baby & Kids,Google Ads,Premium,Pending,Early,7,3755.08,1845.5,63.11
Baby & Kids,Google Ads,Premium,Pending,On Time,54,21504.95,10511.85,80.24
Baby & Kids,Google Ads,Premium,Refunded,Cancelled,53,22840.54,13636.39,2.15
Baby & Kids,Google Ads,VIP,Failed,Cancelled,27,14816.37,8154.28,61.74
Baby & Kids,Google Ads,VIP,Paid,Cancelled,5,1506.05,459.23,165.1
Baby & Kids,Google Ads,VIP,Paid,Delayed,38,14520.12,6518.02,123.65
Baby & Kids,Google Ads,VIP,Paid,Early,18,9434.02,4325.24,146.11
Baby & Kids,Google Ads,VIP,Paid,On Time,180,71690.22,33482.03,101.72
Baby & Kids,Google Ads,VIP,Pending,Cancelled,5,1926.63,1016.52,73.92
Baby & Kids,Google Ads,VIP,Pending,Delayed,2,772.14,237.37,113.04
Baby & Kids,Google Ads,VIP,Pending,Early,2,454.01,287.58,45.1
Baby & Kids,Google Ads,VIP,Pending,On Time,24,10006.62,5218.51,55.91
Baby & Kids,Google Ads,VIP,Refunded,Cancelled,28,11963.75,7137.37,0.0
Baby & Kids,Instagram,Business,Failed,Cancelled,24,12039.49,6046.13,54.9
Baby & Kids,Instagram,Business,Paid,Cancelled,3,829.61,485.1,26.91
Baby & Kids,Instagram,Business,Paid,Delayed,31,9988.93,4972.35,54.81
Baby & Kids,Instagram,Business,Paid,Early,13,6717.9,3274.59,102.16
Baby & Kids,Instagram,Business,Paid,On Time,127,62447.3,32145.3,61.74
Baby & Kids,Instagram,Business,Pending,Cancelled,4,733.05,278.97,77.04
Baby & Kids,Instagram,Business,Pending,Delayed,3,953.14,557.47,60.5
Baby & Kids,Instagram,Business,Pending,Early,2,486.36,232.18,41.2
Baby & Kids,Instagram,Business,Pending,On Time,8,3747.13,1732.43,62.9
Baby & Kids,Instagram,Business,Refunded,Cancelled,15,4478.08,2674.95,0.0
Baby & Kids,Instagram,Consumer,Failed,Cancelled,87,36296.82,20320.5,17.18
Baby & Kids,Instagram,Consumer,Paid,Cancelled,19,9294.82,4468.67,76.64
Baby & Kids,Instagram,Consumer,Paid,Delayed,132,49979.55,25333.55,72.7
Baby & Kids,Instagram,Consumer,Paid,Early,80,32923.34,16408.73,64.98
Baby & Kids,Instagram,Consumer,Paid,On Time,787,347029.26,172320.78,75.99
Baby & Kids,Instagram,Consumer,Pending,Cancelled,22,7094.0,3558.72,51.67
Baby & Kids,Instagram,Consumer,Pending,Delayed,13,3541.1,1511.68,52.68
Baby & Kids,Instagram,Consumer,Pending,Early,10,4653.73,2370.61,101.15
Baby & Kids,Instagram,Consumer,Pending,On Time,70,28227.77,14110.66,69.09
Baby & Kids,Instagram,Consumer,Refunded,Cancelled,97,39772.24,24037.25,0.94
Baby & Kids,Instagram,Premium,Failed,Cancelled,52,22299.45,12258.56,23.98
Baby & Kids,Instagram,Premium,Paid,Cancelled,11,5581.54,2528.88,141.92
Baby & Kids,Instagram,Premium,Paid,Delayed,64,25156.95,10621.42,125.31
Baby & Kids,Instagram,Premium,Paid,Early,29,12504.19,5976.64,105.9
Baby & Kids,Instagram,Premium,Paid,On Time,325,131386.49,61412.69,97.7
Baby & Kids,Instagram,Premium,Pending,Cancelled,7,2425.8,762.89,120.76
Baby & Kids,Instagram,Premium,Pending,Delayed,5,1905.92,960.23,23.04
Baby & Kids,Instagram,Premium,Pending,Early,1,344.17,148.15,10.48
Baby & Kids,Instagram,Premium,Pending,On Time,44,15928.58,7282.19,96.56
Baby & Kids,Instagram,Premium,Refunded,Cancelled,40,16742.4,9537.14,8.08
Baby & Kids,Instagram,VIP,Failed,Cancelled,21,9977.58,5650.9,16.81
Baby & Kids,Instagram,VIP,Paid,Cancelled,5,1968.29,981.55,62.6
Baby & Kids,Instagram,VIP,Paid,Delayed,21,8556.53,4141.47,102.29
Baby & Kids,Instagram,VIP,Paid,Early,16,8064.05,3424.25,115.39
Baby & Kids,Instagram,VIP,Paid,On Time,126,49654.51,22412.93,96.98
Baby & Kids,Instagram,VIP,Pending,Cancelled,3,2553.31,1171.98,58.46
Baby & Kids,Instagram,VIP,Pending,Delayed,3,1209.39,368.87,196.97
Baby & Kids,Instagram,VIP,Pending,Early,1,1186.43,638.55,61.41
Baby & Kids,Instagram,VIP,Pending,On Time,16,7118.27,3071.99,132.8
Baby & Kids,Instagram,VIP,Refunded,Cancelled,13,3479.97,2044.9,4.0
Baby & Kids,Organic Search,Business,Failed,Cancelled,33,15145.25,8111.58,11.64
Baby & Kids,Organic Search,Business,Paid,Cancelled,5,2132.67,1007.35,70.89
Baby & Kids,Organic Search,Business,Paid,Delayed,62,24642.66,12691.1,57.18
Baby & Kids,Organic Search,Business,Paid,Early,27,11004.55,4681.84,89.55
Baby & Kids,Organic Search,Business,Paid,On Time,278,118934.1,57163.86,83.65
Baby & Kids,Organic Search,Business,Pending,Cancelled,9,4156.85,1455.26,126.29
Baby & Kids,Organic Search,Business,Pending,Delayed,4,1959.06,887.5,108.06
Baby & Kids,Organic Search,Business,Pending,Early,1,165.35,58.33,19.96
Baby & Kids,Organic Search,Business,Pending,On Time,25,9019.71,4666.23,53.56
Baby & Kids,Organic Search,Business,Refunded,Cancelled,35,13503.6,7426.85,8.59
Baby & Kids,Organic Search,Consumer,Failed,Cancelled,173,76720.36,43681.89,20.9
Baby & Kids,Organic Search,Consumer,Paid,Cancelled,40,16193.1,7616.89,86.11
Baby & Kids,Organic Search,Consumer,Paid,Delayed,310,128778.01,64178.63,69.07
Baby & Kids,Organic Search,Consumer,Paid,Early,161,60418.79,30362.3,63.77
Baby & Kids,Organic Search,Consumer,Paid,On Time,1449,609584.72,297301.49,74.72
Baby & Kids,Organic Search,Consumer,Pending,Cancelled,39,15248.81,7572.5,65.23
Baby & Kids,Organic Search,Consumer,Pending,Delayed,29,11892.7,6252.73,49.41
Baby & Kids,Organic Search,Consumer,Pending,Early,16,5418.93,2218.83,69.85
Baby & Kids,Organic Search,Consumer,Pending,On Time,149,68563.26,35031.64,73.28
Baby & Kids,Organic Search,Consumer,Refunded,Cancelled,158,70565.82,40473.7,4.48
Baby & Kids,Organic Search,Premium,Failed,Cancelled,88,39341.26,22176.9,15.73
Baby & Kids,Organic Search,Premium,Paid,Cancelled,16,8589.73,4485.65,81.22
Baby & Kids,Organic Search,Premium,Paid,Delayed,134,57740.58,27171.31,109.96
Baby & Kids,Organic Search,Premium,Paid,Early,79,31043.23,15538.25,77.87
Baby & Kids,Organic Search,Premium,Paid,On Time,695,273759.06,126550.15,95.05
Baby & Kids,Organic Search,Premium,Pending,Cancelled,20,8630.84,4107.38,84.55
Baby & Kids,Organic Search,Premium,Pending,Delayed,23,8117.45,4378.58,76.45
Baby & Kids,Organic Search,Premium,Pending,Early,4,1589.13,363.47,369.18
Baby & Kids,Organic Search,Premium,Pending,On Time,65,25323.48,11833.59,98.77
Baby & Kids,Organic Search,Premium,Refunded,Cancelled,86,35195.42,20533.15,18.84
Baby & Kids,Organic Search,VIP,Failed,Cancelled,34,13898.2,7607.42,21.27
Baby & Kids,Organic Search,VIP,Paid,Cancelled,3,1557.28,748.79,65.96
Baby & Kids,Organic Search,VIP,Paid,Delayed,41,16976.44,7967.03,108.7
Baby & Kids,Organic Search,VIP,Paid,Early,32,13442.12,6743.1,76.78
Baby & Kids,Organic Search,VIP,Paid,On Time,291,116706.59,55111.6,90.57
Baby & Kids,Organic Search,VIP,Pending,Cancelled,8,4802.2,2578.25,87.26
Baby & Kids,Organic Search,VIP,Pending,Delayed,7,2591.47,1025.99,105.69
Baby & Kids,Organic Search,VIP,Pending,Early,1,247.18,96.03,217.59
Baby & Kids,Organic Search,VIP,Pending,On Time,30,12214.15,5781.46,87.86
Baby & Kids,Organic Search,VIP,Refunded,Cancelled,37,14475.89,8255.52,3.39
Baby & Kids,Referral,Business,Failed,Cancelled,16,5105.07,2904.48,2.29
Baby & Kids,Referral,Business,Paid,Cancelled,2,480.97,260.06,22.32
Baby & Kids,Referral,Business,Paid,Delayed,19,10531.71,5420.41,98.13
Baby & Kids,Referral,Business,Paid,Early,12,4240.2,2355.97,43.45
Baby & Kids,Referral,Business,Paid,On Time,104,43507.52,21279.19,79.23
Baby & Kids,Referral,Business,Pending,Cancelled,3,1289.39,716.04,45.19
Baby & Kids,Referral,Business,Pending,Delayed,6,1907.87,1034.92,29.3
Baby & Kids,Referral,Business,Pending,On Time,11,3826.1,1697.2,94.11
Baby & Kids,Referral,Business,Refunded,Cancelled,18,10057.47,5817.88,0.77
Baby & Kids,Referral,Consumer,Failed,Cancelled,81,35553.04,20727.38,12.25
Baby & Kids,Referral,Consumer,Paid,Cancelled,17,5687.05,2687.69,44.25
Baby & Kids,Referral,Consumer,Paid,Delayed,123,55299.4,28611.5,75.09
Baby & Kids,Referral,Consumer,Paid,Early,58,21042.29,10236.89,68.44
Baby & Kids,Referral,Consumer,Paid,On Time,583,255466.28,126902.07,75.32
Baby & Kids,Referral,Consumer,Pending,Cancelled,25,9199.96,4132.31,86.24
Baby & Kids,Referral,Consumer,Pending,Delayed,11,5206.58,2807.08,61.72
Baby & Kids,Referral,Consumer,Pending,Early,10,2969.5,1529.6,42.83
Baby & Kids,Referral,Consumer,Pending,On Time,61,24030.41,11411.47,87.79
Baby & Kids,Referral,Consumer,Refunded,Cancelled,62,28201.26,16375.28,2.34
Baby & Kids,Referral,Premium,Failed,Cancelled,41,14973.03,8815.33,11.97
Baby & Kids,Referral,Premium,Paid,Cancelled,4,1644.97,676.46,87.51
Baby & Kids,Referral,Premium,Paid,Delayed,55,18912.74,8746.07,78.83
Baby & Kids,Referral,Premium,Paid,Early,38,16428.55,7648.04,112.53
Baby & Kids,Referral,Premium,Paid,On Time,256,101951.46,48522.71,105.04
Baby & Kids,Referral,Premium,Pending,Cancelled,17,8033.87,3653.45,138.29
Baby & Kids,Referral,Premium,Pending,Delayed,1,843.7,490.3,195.63
Baby & Kids,Referral,Premium,Pending,Early,2,1909.9,1020.05,167.33
Baby & Kids,Referral,Premium,Pending,On Time,31,12668.82,5892.31,108.15
Baby & Kids,Referral,Premium,Refunded,Cancelled,33,11638.01,6619.91,3.9
Baby & Kids,Referral,VIP,Failed,Cancelled,15,6918.4,4223.66,10.96
Baby & Kids,Referral,VIP,Paid,Cancelled,6,2816.37,1653.17,73.16
Baby & Kids,Referral,VIP,Paid,Delayed,27,10654.42,5262.07,55.93
Baby & Kids,Referral,VIP,Paid,Early,9,4095.62,1696.04,116.67
Baby & Kids,Referral,VIP,Paid,On Time,118,49280.85,24249.68,88.23
Baby & Kids,Referral,VIP,Pending,Cancelled,4,1881.53,829.7,179.02
Baby & Kids,Referral,VIP,Pending,Delayed,3,1114.08,350.55,190.28
Baby & Kids,Referral,VIP,Pending,On Time,18,5289.13,2256.72,72.53
Baby & Kids,Referral,VIP,Refunded,Cancelled,11,4146.25,2251.34,2.08
Baby & Kids,TikTok,Business,Failed,Cancelled,7,2399.53,1384.7,1.25
Baby & Kids,TikTok,Business,Paid,Delayed,13,4635.68,1931.17,67.81
Baby & Kids,TikTok,Business,Paid,Early,5,4601.21,2316.39,159.56
Baby & Kids,TikTok,Business,Paid,On Time,55,19963.17,10003.38,59.76
Baby & Kids,TikTok,Business,Pending,On Time,5,2653.76,1532.88,59.08
Baby & Kids,TikTok,Business,Refunded,Cancelled,5,2549.11,1710.46,0.0
Baby & Kids,TikTok,Consumer,Failed,Cancelled,26,9272.1,5190.46,8.04
Baby & Kids,TikTok,Consumer,Paid,Cancelled,6,3346.0,1700.61,67.92
Baby & Kids,TikTok,Consumer,Paid,Delayed,42,16271.05,8345.3,70.08
Baby & Kids,TikTok,Consumer,Paid,Early,44,16250.82,8524.0,69.83
Baby & Kids,TikTok,Consumer,Paid,On Time,301,136508.58,67033.72,70.95
Baby & Kids,TikTok,Consumer,Pending,Cancelled,11,6637.15,3769.91,70.56
Baby & Kids,TikTok,Consumer,Pending,Delayed,7,2834.17,1550.58,44.11
Baby & Kids,TikTok,Consumer,Pending,Early,5,2213.66,1374.03,66.28
Baby & Kids,TikTok,Consumer,Pending,On Time,36,12779.5,6431.07,61.96
Baby & Kids,TikTok,Consumer,Refunded,Cancelled,24,9661.77,5611.8,0.0
Baby & Kids,TikTok,Premium,Failed,Cancelled,22,9857.77,5065.0,13.58
Baby & Kids,TikTok,Premium,Paid,Cancelled,1,459.65,195.47,61.45
Baby & Kids,TikTok,Premium,Paid,Delayed,17,6368.3,3147.47,77.02
Baby & Kids,TikTok,Premium,Paid,Early,15,6423.33,2937.22,133.85
Baby & Kids,TikTok,Premium,Paid,On Time,163,64209.72,31071.46,87.37
Baby & Kids,TikTok,Premium,Pending,Cancelled,5,2283.23,840.2,146.73
Baby & Kids,TikTok,Premium,Pending,Delayed,2,577.18,309.62,59.34
Baby & Kids,TikTok,Premium,Pending,Early,5,1622.99,794.97,135.18
Baby & Kids,TikTok,Premium,Pending,On Time,11,3590.81,1666.68,108.6
Baby & Kids,TikTok,Premium,Refunded,Cancelled,21,7854.14,4334.09,0.0
Baby & Kids,TikTok,VIP,Failed,Cancelled,4,1745.86,1012.62,2.11
Baby & Kids,TikTok,VIP,Paid,Delayed,12,7044.5,3528.34,75.68
Baby & Kids,TikTok,VIP,Paid,Early,9,3137.68,1724.97,55.84
Baby & Kids,TikTok,VIP,Paid,On Time,48,24317.22,11070.62,106.3
Baby & Kids,TikTok,VIP,Pending,Delayed,1,29.91,15.53,2.17
Baby & Kids,TikTok,VIP,Pending,Early,1,87.14,29.23,11.1
Baby & Kids,TikTok,VIP,Pending,On Time,6,2811.66,1545.03,40.01
Baby & Kids,TikTok,VIP,Refunded,Cancelled,5,1929.09,995.38,0.0
Baby & Kids,YouTube,Business,Failed,Cancelled,7,3451.09,2229.64,0.0
Baby & Kids,YouTube,Business,Paid,Delayed,8,2721.4,1484.41,46.33
Baby & Kids,YouTube,Business,Paid,Early,2,1126.04,576.93,90.14
Baby & Kids,YouTube,Business,Paid,On Time,41,15834.6,8210.78,54.88
Baby & Kids,YouTube,Business,Pending,Cancelled,1,85.58,33.62,7.0
Baby & Kids,YouTube,Business,Pending,Early,1,62.49,35.97,2.05
Baby & Kids,YouTube,Business,Pending,On Time,5,2830.72,1691.52,100.67
Baby & Kids,YouTube,Business,Refunded,Cancelled,5,4177.08,2780.79,0.0
Baby & Kids,YouTube,Consumer,Failed,Cancelled,27,10343.87,5945.82,9.0
Baby & Kids,YouTube,Consumer,Paid,Cancelled,8,3792.93,1659.92,90.59
Baby & Kids,YouTube,Consumer,Paid,Delayed,55,18910.48,9075.72,58.71
Baby & Kids,YouTube,Consumer,Paid,Early,17,6261.47,3083.72,78.68
Baby & Kids,YouTube,Consumer,Paid,On Time,211,85882.33,41236.73,70.58
Baby & Kids,YouTube,Consumer,Pending,Cancelled,7,2792.16,1375.87,92.57
Baby & Kids,YouTube,Consumer,Pending,Delayed,3,1766.87,966.6,21.43
Baby & Kids,YouTube,Consumer,Pending,Early,2,218.05,130.42,10.8
Baby & Kids,YouTube,Consumer,Pending,On Time,24,10783.44,5531.57,77.13
Baby & Kids,YouTube,Consumer,Refunded,Cancelled,23,11005.22,6629.08,5.53
Baby & Kids,YouTube,Premium,Failed,Cancelled,19,10300.26,5761.73,29.55
Baby & Kids,YouTube,Premium,Paid,Cancelled,4,1103.29,567.89,52.85
Baby & Kids,YouTube,Premium,Paid,Delayed,17,5853.33,2973.24,83.56
Baby & Kids,YouTube,Premium,Paid,Early,10,2592.5,1185.57,68.08
Baby & Kids,YouTube,Premium,Paid,On Time,91,31832.76,14319.68,94.11
Baby & Kids,YouTube,Premium,Pending,Cancelled,1,214.08,68.49,46.0
Baby & Kids,YouTube,Premium,Pending,Delayed,3,1263.36,408.6,144.12
Baby & Kids,YouTube,Premium,Pending,Early,3,1590.63,853.89,80.88
Baby & Kids,YouTube,Premium,Pending,On Time,11,4231.45,2025.56,55.04
Baby & Kids,YouTube,Premium,Refunded,Cancelled,13,5059.8,2910.56,0.0
Baby & Kids,YouTube,VIP,Failed,Cancelled,2,949.89,545.48,85.44
Baby & Kids,YouTube,VIP,Paid,Cancelled,2,349.57,126.68,28.2
Baby & Kids,YouTube,VIP,Paid,Delayed,9,3025.41,1629.84,56.98
Baby & Kids,YouTube,VIP,Paid,Early,5,1754.22,763.07,97.96
Baby & Kids,YouTube,VIP,Paid,On Time,31,11129.65,4969.73,93.06
Baby & Kids,YouTube,VIP,Pending,Delayed,2,467.34,235.82,40.29
Baby & Kids,YouTube,VIP,Pending,Early,1,1005.06,230.12,456.49
Baby & Kids,YouTube,VIP,Pending,On Time,5,1408.55,675.98,80.71
Baby & Kids,YouTube,VIP,Refunded,Cancelled,2,464.07,263.97,0.0
Beauty & Personal Care,Affiliate,Business,Failed,Cancelled,8,1885.25,1068.69,4.06
Beauty & Personal Care,Affiliate,Business,Paid,Cancelled,2,332.45,110.15,120.92
Beauty & Personal Care,Affiliate,Business,Paid,Delayed,15,3344.87,1784.83,34.8
Beauty & Personal Care,Affiliate,Business,Paid,Early,10,1547.33,794.07,21.66
Beauty & Personal Care,Affiliate,Business,Paid,On Time,83,14873.21,7546.32,33.67
Beauty & Personal Care,Affiliate,Business,Pending,Cancelled,3,427.66,226.39,26.86
Beauty & Personal Care,Affiliate,Business,Pending,Delayed,1,92.94,39.8,13.55
Beauty & Personal Care,Affiliate,Business,Pending,On Time,8,1231.47,508.26,70.49
Beauty & Personal Care,Affiliate,Business,Refunded,Cancelled,9,1567.05,882.22,0.0
Beauty & Personal Care,Affiliate,Consumer,Failed,Cancelled,44,7136.1,4012.33,5.96
Beauty & Personal Care,Affiliate,Consumer,Paid,Cancelled,15,2343.87,1139.09,28.68
Beauty & Personal Care,Affiliate,Consumer,Paid,Delayed,71,14230.89,7210.37,32.2
Beauty & Personal Care,Affiliate,Consumer,Paid,Early,43,9703.11,4895.87,41.31
Beauty & Personal Care,Affiliate,Consumer,Paid,On Time,402,74613.68,39202.44,27.71
Beauty & Personal Care,Affiliate,Consumer,Pending,Cancelled,11,1595.07,717.84,36.25
Beauty & Personal Care,Affiliate,Consumer,Pending,Delayed,9,1832.52,1026.43,12.84
Beauty & Personal Care,Affiliate,Consumer,Pending,Early,5,1103.04,609.87,37.37
Beauty & Personal Care,Affiliate,Consumer,Pending,On Time,48,10757.87,5222.99,54.47
Beauty & Personal Care,Affiliate,Consumer,Refunded,Cancelled,33,7065.2,4326.97,5.78
Beauty & Personal Care,Affiliate,Premium,Failed,Cancelled,37,7488.18,4286.72,6.89
Beauty & Personal Care,Affiliate,Premium,Paid,Cancelled,4,771.3,256.46,125.03
Beauty & Personal Care,Affiliate,Premium,Paid,Delayed,23,5824.66,2984.09,45.87
Beauty & Personal Care,Affiliate,Premium,Paid,Early,18,3205.8,1617.71,48.9
Beauty & Personal Care,Affiliate,Premium,Paid,On Time,198,35635.24,17550.61,42.69
Beauty & Personal Care,Affiliate,Premium,Pending,Cancelled,7,1702.56,872.89,85.83
Beauty & Personal Care,Affiliate,Premium,Pending,Delayed,4,817.99,427.79,41.75
Beauty & Personal Care,Affiliate,Premium,Pending,Early,3,230.79,88.91,40.11
Beauty & Personal Care,Affiliate,Premium,Pending,On Time,19,3504.0,1776.46,38.57
Beauty & Personal Care,Affiliate,Premium,Refunded,Cancelled,28,4443.56,2747.64,0.39
Beauty & Personal Care,Affiliate,VIP,Failed,Cancelled,12,2215.42,1249.42,19.26
Beauty & Personal Care,Affiliate,VIP,Paid,Cancelled,1,300.68,157.76,61.15
Beauty & Personal Care,Affiliate,VIP,Paid,Delayed,12,2214.46,1294.68,18.75
Beauty & Personal Care,Affiliate,VIP,Paid,Early,9,2073.71,1026.08,56.2
Beauty & Personal Care,Affiliate,VIP,Paid,On Time,78,15099.48,7679.74,41.56
Beauty & Personal Care,Affiliate,VIP,Pending,Cancelled,2,581.92,250.09,62.31
Beauty & Personal Care,Affiliate,VIP,Pending,On Time,12,1501.34,746.93,21.87
Beauty & Personal Care,Affiliate,VIP,Refunded,Cancelled,7,934.69,547.82,0.0
Beauty & Personal Care,Direct,Business,Failed,Cancelled,23,3764.48,2146.93,9.46
Beauty & Personal Care,Direct,Business,Paid,Cancelled,6,1289.33,680.43,35.77
Beauty & Personal Care,Direct,Business,Paid,Delayed,50,9525.68,5117.07,26.76
Beauty & Personal Care,Direct,Business,Paid,Early,20,3717.75,1935.86,30.78
Beauty & Personal Care,Direct,Business,Paid,On Time,207,35013.98,18266.19,27.6
Beauty & Personal Care,Direct,Business,Pending,Cancelled,7,1157.78,602.43,9.92
Beauty & Personal Care,Direct,Business,Pending,Delayed,2,427.28,229.27,27.68
Beauty & Personal Care,Direct,Business,Pending,Early,3,359.53,188.9,5.01
Beauty & Personal Care,Direct,Business,Pending,On Time,19,2915.87,1263.99,45.64
Beauty & Personal Care,Direct,Business,Refunded,Cancelled,23,5042.71,3086.61,1.01
Beauty & Personal Care,Direct,Consumer,Failed,Cancelled,189,37527.99,21084.06,10.76
Beauty & Personal Care,Direct,Consumer,Paid,Cancelled,29,4670.26,2502.56,22.49
Beauty & Personal Care,Direct,Consumer,Paid,Delayed,238,46755.56,24035.66,32.57
Beauty & Personal Care,Direct,Consumer,Paid,Early,143,25768.72,13764.21,24.26
Beauty & Personal Care,Direct,Consumer,Paid,On Time,1181,216737.05,113031.14,30.93
Beauty & Personal Care,Direct,Consumer,Pending,Cancelled,40,6973.98,3539.47,22.14
Beauty & Personal Care,Direct,Consumer,Pending,Delayed,29,4604.57,2359.1,27.49
Beauty & Personal Care,Direct,Consumer,Pending,Early,13,2249.11,1233.56,18.79
Beauty & Personal Care,Direct,Consumer,Pending,On Time,126,24639.45,12991.3,32.44
Beauty & Personal Care,Direct,Consumer,Refunded,Cancelled,129,25257.78,14517.76,3.75
Beauty & Personal Care,Direct,Premium,Failed,Cancelled,71,13558.36,7903.11,6.47
Beauty & Personal Care,Direct,Premium,Paid,Cancelled,11,1418.95,636.64,45.4
Beauty & Personal Care,Direct,Premium,Paid,Delayed,91,14815.69,7199.7,38.68
Beauty & Personal Care,Direct,Premium,Paid,Early,55,7615.5,3922.21,27.72
Beauty & Personal Care,Direct,Premium,Paid,On Time,547,99851.09,49586.47,43.54
Beauty & Personal Care,Direct,Premium,Pending,Cancelled,16,2965.63,1476.8,38.14
Beauty & Personal Care,Direct,Premium,Pending,Delayed,9,1445.6,749.49,20.53
Beauty & Personal Care,Direct,Premium,Pending,Early,8,1132.46,539.52,17.78
Beauty & Personal Care,Direct,Premium,Pending,On Time,60,10947.71,5413.62,42.71
Beauty & Personal Care,Direct,Premium,Refunded,Cancelled,69,13069.01,7691.47,2.1
Beauty & Personal Care,Direct,VIP,Failed,Cancelled,36,6913.78,3974.29,10.06
Beauty & Personal Care,Direct,VIP,Paid,Cancelled,8,886.46,425.0,36.3
Beauty & Personal Care,Direct,VIP,Paid,Delayed,56,10841.69,5891.69,33.73
Beauty & Personal Care,Direct,VIP,Paid,Early,25,4646.0,2194.75,53.64
Beauty & Personal Care,Direct,VIP,Paid,On Time,196,32061.09,16092.99,36.04
Beauty & Personal Care,Direct,VIP,Pending,Cancelled,8,1212.22,533.62,65.04
Beauty & Personal Care,Direct,VIP,Pending,Delayed,5,562.44,313.05,14.2
Beauty & Personal Care,Direct,VIP,Pending,Early,1,256.86,109.2,200.14
Beauty & Personal Care,Direct,VIP,Pending,On Time,27,5614.07,3184.15,29.18
Beauty & Personal Care,Direct,VIP,Refunded,Cancelled,22,5338.7,3178.31,6.04
Beauty & Personal Care,Email Marketing,Business,Failed,Cancelled,23,5570.5,3277.14,11.03
Beauty & Personal Care,Email Marketing,Business,Paid,Cancelled,4,576.27,283.66,18.92
Beauty & Personal Care,Email Marketing,Business,Paid,Delayed,23,3249.77,1506.7,37.2
Beauty & Personal Care,Email Marketing,Business,Paid,Early,20,3398.14,1878.08,23.4
Beauty & Personal Care,Email Marketing,Business,Paid,On Time,132,23607.36,12047.97,31.86
Beauty & Personal Care,Email Marketing,Business,Pending,Cancelled,1,75.03,31.94,15.29
Beauty & Personal Care,Email Marketing,Business,Pending,Delayed,4,401.72,202.85,15.72
Beauty & Personal Care,Email Marketing,Business,Pending,Early,2,826.47,521.81,38.3
Beauty & Personal Care,Email Marketing,Business,Pending,On Time,13,2595.4,1434.73,20.33
Beauty & Personal Care,Email Marketing,Business,Refunded,Cancelled,19,3911.37,2229.55,13.4
Beauty & Personal Care,Email Marketing,Consumer,Failed,Cancelled,89,19361.56,11273.53,7.51
Beauty & Personal Care,Email Marketing,Consumer,Paid,Cancelled,17,3680.28,1978.09,31.54
Beauty & Personal Care,Email Marketing,Consumer,Paid,Delayed,117,26110.9,13595.72,37.12
Beauty & Personal Care,Email Marketing,Consumer,Paid,Early,72,11191.75,6037.09,25.31
Beauty & Personal Care,Email Marketing,Consumer,Paid,On Time,684,121674.78,62109.43,32.13
Beauty & Personal Care,Email Marketing,Consumer,Pending,Cancelled,17,2809.61,1408.2,26.64
Beauty & Personal Care,Email Marketing,Consumer,Pending,Delayed,16,3317.3,1409.42,57.57
Beauty & Personal Care,Email Marketing,Consumer,Pending,Early,9,1243.93,650.11,17.13
Beauty & Personal Care,Email Marketing,Consumer,Pending,On Time,68,13229.66,6949.56,33.0
Beauty & Personal Care,Email Marketing,Consumer,Refunded,Cancelled,82,15695.59,9250.87,0.69
Beauty & Personal Care,Email Marketing,Premium,Failed,Cancelled,32,5619.55,3336.26,8.41
Beauty & Personal Care,Email Marketing,Premium,Paid,Cancelled,4,795.94,252.49,94.18
Beauty & Personal Care,Email Marketing,Premium,Paid,Delayed,64,10832.5,5634.51,36.35
Beauty & Personal Care,Email Marketing,Premium,Paid,Early,42,10160.64,5157.34,54.02
Beauty & Personal Care,Email Marketing,Premium,Paid,On Time,336,57319.32,28822.04,40.38
Beauty & Personal Care,Email Marketing,Premium,Pending,Cancelled,7,870.82,321.68,65.19
Beauty & Personal Care,Email Marketing,Premium,Pending,Delayed,12,2407.15,1161.8,65.83
Beauty & Personal Care,Email Marketing,Premium,Pending,Early,5,446.07,244.77,13.86
Beauty & Personal Care,Email Marketing,Premium,Pending,On Time,30,7313.8,3294.37,73.7
Beauty & Personal Care,Email Marketing,Premium,Refunded,Cancelled,39,10019.77,6091.85,1.62
Beauty & Personal Care,Email Marketing,VIP,Failed,Cancelled,10,1354.74,810.68,2.06
Beauty & Personal Care,Email Marketing,VIP,Paid,Cancelled,3,492.6,226.45,30.5
Beauty & Personal Care,Email Marketing,VIP,Paid,Delayed,25,5239.41,2668.28,40.44
Beauty & Personal Care,Email Marketing,VIP,Paid,Early,7,1284.04,686.78,55.22
Beauty & Personal Care,Email Marketing,VIP,Paid,On Time,91,18513.57,9739.04,39.84
Beauty & Personal Care,Email Marketing,VIP,Pending,Cancelled,1,235.07,142.81,30.0
Beauty & Personal Care,Email Marketing,VIP,Pending,Delayed,1,127.55,67.86,16.19
Beauty & Personal Care,Email Marketing,VIP,Pending,Early,1,234.0,133.05,67.14
Beauty & Personal Care,Email Marketing,VIP,Pending,On Time,10,1811.74,843.31,43.02
Beauty & Personal Care,Email Marketing,VIP,Refunded,Cancelled,11,2929.94,1788.96,1.32
Beauty & Personal Care,Facebook Ads,Business,Failed,Cancelled,26,5536.59,3253.63,5.67
Beauty & Personal Care,Facebook Ads,Business,Paid,Cancelled,4,932.93,558.06,17.79
Beauty & Personal Care,Facebook Ads,Business,Paid,Delayed,43,9711.97,4953.14,37.34
Beauty & Personal Care,Facebook Ads,Business,Paid,Early,18,4361.14,2292.86,43.0
Beauty & Personal Care,Facebook Ads,Business,Paid,On Time,182,36165.8,18635.17,32.81
Beauty & Personal Care,Facebook Ads,Business,Pending,Cancelled,7,1261.49,600.4,24.06
Beauty & Personal Care,Facebook Ads,Business,Pending,Delayed,5,1092.2,537.36,20.5
Beauty & Personal Care,Facebook Ads,Business,Pending,Early,3,217.26,104.47,16.47
Beauty & Personal Care,Facebook Ads,Business,Pending,On Time,14,2688.39,1399.28,32.08
Beauty & Personal Care,Facebook Ads,Business,Refunded,Cancelled,19,3395.81,2066.64,0.84
Beauty & Personal Care,Facebook Ads,Consumer,Failed,Cancelled,132,27038.28,15380.48,6.24
Beauty & Personal Care,Facebook Ads,Consumer,Paid,Cancelled,21,3412.71,1701.66,31.11
Beauty & Personal Care,Facebook Ads,Consumer,Paid,Delayed,192,35578.8,18743.59,27.71
Beauty & Personal Care,Facebook Ads,Consumer,Paid,Early,97,16071.43,8401.95,29.21
Beauty & Personal Care,Facebook Ads,Consumer,Paid,On Time,948,181114.75,94245.05,31.31
Beauty & Personal Care,Facebook Ads,Consumer,Pending,Cancelled,25,4417.23,2020.64,39.81
Beauty & Personal Care,Facebook Ads,Consumer,Pending,Delayed,31,6190.02,3380.12,24.15
Beauty & Personal Care,Facebook Ads,Consumer,Pending,Early,14,2335.1,1232.55,23.64
Beauty & Personal Care,Facebook Ads,Consumer,Pending,On Time,110,21180.4,11293.05,27.8
Beauty & Personal Care,Facebook Ads,Consumer,Refunded,Cancelled,117,23374.69,13785.95,0.91
Beauty & Personal Care,Facebook Ads,Premium,Failed,Cancelled,69,13395.6,7829.42,10.1
Beauty & Personal Care,Facebook Ads,Premium,Paid,Cancelled,9,1154.7,589.35,26.63
Beauty & Personal Care,Facebook Ads,Premium,Paid,Delayed,74,14662.27,7267.77,43.71
Beauty & Personal Care,Facebook Ads,Premium,Paid,Early,57,11334.32,5997.96,35.83
Beauty & Personal Care,Facebook Ads,Premium,Paid,On Time,416,76157.73,37894.44,40.32
Beauty & Personal Care,Facebook Ads,Premium,Pending,Cancelled,19,3801.16,1862.73,38.79
Beauty & Personal Care,Facebook Ads,Premium,Pending,Delayed,7,1127.69,575.73,38.83
Beauty & Personal Care,Facebook Ads,Premium,Pending,Early,4,612.89,288.57,26.69
Beauty & Personal Care,Facebook Ads,Premium,Pending,On Time,58,10129.14,5248.52,38.08
Beauty & Personal Care,Facebook Ads,Premium,Refunded,Cancelled,33,5478.09,3332.05,1.34
Beauty & Personal Care,Facebook Ads,VIP,Failed,Cancelled,35,6369.61,3729.29,8.34
Beauty & Personal Care,Facebook Ads,VIP,Paid,Cancelled,6,719.5,291.44,37.87
Beauty & Personal Care,Facebook Ads,VIP,Paid,Delayed,27,4321.29,2059.88,52.77
Beauty & Personal Care,Facebook Ads,VIP,Paid,Early,12,2293.98,1109.13,34.8
Beauty & Personal Care,Facebook Ads,VIP,Paid,On Time,172,31933.91,16069.15,41.86
Beauty & Personal Care,Facebook Ads,VIP,Pending,Cancelled,10,1945.37,993.42,32.76
Beauty & Personal Care,Facebook Ads,VIP,Pending,Delayed,5,1097.48,590.34,22.64
Beauty & Personal Care,Facebook Ads,VIP,Pending,Early,1,74.54,34.15,13.23
Beauty & Personal Care,Facebook Ads,VIP,Pending,On Time,19,4759.78,2254.28,75.66
Beauty & Personal Care,Facebook Ads,VIP,Refunded,Cancelled,18,2541.04,1435.7,1.88
Beauty & Personal Care,Google Ads,Business,Failed,Cancelled,26,4849.59,2801.37,4.17
Beauty & Personal Care,Google Ads,Business,Paid,Cancelled,7,1141.21,616.52,22.69
Beauty & Personal Care,Google Ads,Business,Paid,Delayed,35,5920.25,3144.91,24.3
Beauty & Personal Care,Google Ads,Business,Paid,Early,33,5846.79,3164.21,23.39
Beauty & Personal Care,Google Ads,Business,Paid,On Time,233,41997.99,21341.53,32.8
Beauty & Personal Care,Google Ads,Business,Pending,Cancelled,3,581.9,263.62,38.16
Beauty & Personal Care,Google Ads,Business,Pending,Delayed,5,1400.59,725.96,39.83
Beauty & Personal Care,Google Ads,Business,Pending,Early,4,557.41,300.58,16.97
Beauty & Personal Care,Google Ads,Business,Pending,On Time,22,3186.83,1602.36,22.52
Beauty & Personal Care,Google Ads,Business,Refunded,Cancelled,30,5906.24,3384.19,3.86
Beauty & Personal Care,Google Ads,Consumer,Failed,Cancelled,167,34287.7,19971.65,7.85
Beauty & Personal Care,Google Ads,Consumer,Paid,Cancelled,40,6471.44,3327.31,21.72
Beauty & Personal Care,Google Ads,Consumer,Paid,Delayed,255,42776.21,22080.18,27.52
Beauty & Personal Care,Google Ads,Consumer,Paid,Early,131,23579.2,12419.11,30.94
Beauty & Personal Care,Google Ads,Consumer,Paid,On Time,1158,212959.79,109751.49,29.91
Beauty & Personal Care,Google Ads,Consumer,Pending,Cancelled,40,7598.19,3725.54,43.42
Beauty & Personal Care,Google Ads,Consumer,Pending,Delayed,26,6675.24,3488.65,45.67
Beauty & Personal Care,Google Ads,Consumer,Pending,Early,12,2007.4,1036.65,24.2
Beauty & Personal Care,Google Ads,Consumer,Pending,On Time,140,26268.66,13560.94,31.96
Beauty & Personal Care,Google Ads,Consumer,Refunded,Cancelled,142,27454.54,16287.7,3.41
Beauty & Personal Care,Google Ads,Premium,Failed,Cancelled,80,16555.5,9391.97,14.36
Beauty & Personal Care,Google Ads,Premium,Paid,Cancelled,16,2062.1,1103.16,18.14
Beauty & Personal Care,Google Ads,Premium,Paid,Delayed,93,15095.4,7379.78,37.83
Beauty & Personal Care,Google Ads,Premium,Paid,Early,57,9774.17,4687.74,41.47
Beauty & Personal Care,Google Ads,Premium,Paid,On Time,564,98454.84,49394.69,41.64
Beauty & Personal Care,Google Ads,Premium,Pending,Cancelled,13,3160.11,1470.8,43.96
Beauty & Personal Care,Google Ads,Premium,Pending,Delayed,9,1263.4,574.81,34.54
Beauty & Personal Care,Google Ads,Premium,Pending,Early,11,1809.61,872.83,22.92
Beauty & Personal Care,Google Ads,Premium,Pending,On Time,60,10610.5,5358.24,42.88
Beauty & Personal Care,Google Ads,Premium,Refunded,Cancelled,62,11913.07,6835.37,8.15
Beauty & Personal Care,Google Ads,VIP,Failed,Cancelled,37,6361.31,3627.23,6.44
Beauty & Personal Care,Google Ads,VIP,Paid,Cancelled,4,571.1,265.62,22.29
Beauty & Personal Care,Google Ads,VIP,Paid,Delayed,45,9954.61,5143.96,41.07
Beauty & Personal Care,Google Ads,VIP,Paid,Early,26,4302.58,2269.83,35.83
Beauty & Personal Care,Google Ads,VIP,Paid,On Time,249,44143.52,21898.25,39.15
Beauty & Personal Care,Google Ads,VIP,Pending,Cancelled,5,877.46,379.83,65.36
Beauty & Personal Care,Google Ads,VIP,Pending,Delayed,2,321.93,192.7,16.98
Beauty & Personal Care,Google Ads,VIP,Pending,Early,2,523.06,311.48,18.91
Beauty & Personal Care,Google Ads,VIP,Pending,On Time,26,5402.8,2915.14,44.07
Beauty & Personal Care,Google Ads,VIP,Refunded,Cancelled,28,4842.27,2876.66,4.53
Beauty & Personal Care,Instagram,Business,Failed,Cancelled,22,4495.03,2613.11,4.19
Beauty & Personal Care,Instagram,Business,Paid,Cancelled,4,1228.92,736.7,44.37
Beauty & Personal Care,Instagram,Business,Paid,Delayed,29,4572.94,2295.72,30.18
Beauty & Personal Care,Instagram,Business,Paid,Early,12,2506.18,1341.55,35.85
Beauty & Personal Care,Instagram,Business,Paid,On Time,139,26308.1,13132.16,36.37
Beauty & Personal Care,Instagram,Business,Pending,Cancelled,5,1117.4,607.03,66.93
Beauty & Personal Care,Instagram,Business,Pending,Delayed,3,424.04,206.24,34.28
Beauty & Personal Care,Instagram,Business,Pending,Early,2,222.18,118.26,15.76
Beauty & Personal Care,Instagram,Business,Pending,On Time,9,1853.63,873.84,60.65
Beauty & Personal Care,Instagram,Business,Refunded,Cancelled,15,3252.6,2028.84,1.64
Beauty & Personal Care,Instagram,Consumer,Failed,Cancelled,108,21739.95,12490.23,6.38
Beauty & Personal Care,Instagram,Consumer,Paid,Cancelled,15,3434.67,1847.29,24.32
Beauty & Personal Care,Instagram,Consumer,Paid,Delayed,161,30103.21,16106.59,23.19
Beauty & Personal Care,Instagram,Consumer,Paid,Early,86,17187.31,9427.56,22.73
Beauty & Personal Care,Instagram,Consumer,Paid,On Time,779,135977.47,70247.07,28.67
Beauty & Personal Care,Instagram,Consumer,Pending,Cancelled,21,5412.27,2951.28,28.9
Beauty & Personal Care,Instagram,Consumer,Pending,Delayed,13,2059.57,1050.37,22.05
Beauty & Personal Care,Instagram,Consumer,Pending,Early,7,1364.44,798.7,40.13
Beauty & Personal Care,Instagram,Consumer,Pending,On Time,79,15734.89,8688.35,25.82
Beauty & Personal Care,Instagram,Consumer,Refunded,Cancelled,100,19595.6,11605.53,2.5
Beauty & Personal Care,Instagram,Premium,Failed,Cancelled,40,6789.36,3970.68,9.86
Beauty & Personal Care,Instagram,Premium,Paid,Cancelled,8,1641.03,852.29,62.05
Beauty & Personal Care,Instagram,Premium,Paid,Delayed,74,12040.79,5861.5,44.6
Beauty & Personal Care,Instagram,Premium,Paid,Early,36,6757.1,3492.65,39.57
Beauty & Personal Care,Instagram,Premium,Paid,On Time,376,68717.32,34663.3,42.95
Beauty & Personal Care,Instagram,Premium,Pending,Cancelled,6,972.15,411.7,35.26
Beauty & Personal Care,Instagram,Premium,Pending,Delayed,5,1121.23,590.89,31.91
Beauty & Personal Care,Instagram,Premium,Pending,Early,6,525.26,130.27,78.04
Beauty & Personal Care,Instagram,Premium,Pending,On Time,35,6759.37,3802.26,31.33
Beauty & Personal Care,Instagram,Premium,Refunded,Cancelled,46,6004.01,3563.23,0.25
Beauty & Personal Care,Instagram,VIP,Failed,Cancelled,19,4461.24,2399.53,15.49
Beauty & Personal Care,Instagram,VIP,Paid,Cancelled,5,1121.63,381.18,70.36
Beauty & Personal Care,Instagram,VIP,Paid,Delayed,20,4676.37,2355.72,49.33
Beauty & Personal Care,Instagram,VIP,Paid,Early,20,3456.43,1592.98,46.29
Beauty & Personal Care,Instagram,VIP,Paid,On Time,153,25493.74,12597.01,41.54
Beauty & Personal Care,Instagram,VIP,Pending,Cancelled,2,455.55,280.66,26.52
Beauty & Personal Care,Instagram,VIP,Pending,Delayed,4,563.95,272.78,26.6
Beauty & Personal Care,Instagram,VIP,Pending,Early,2,76.49,33.05,4.49
Beauty & Personal Care,Instagram,VIP,Pending,On Time,22,3528.48,1678.87,41.29
Beauty & Personal Care,Instagram,VIP,Refunded,Cancelled,24,4039.06,2494.71,0.0
Beauty & Personal Care,Organic Search,Business,Failed,Cancelled,34,5912.4,3187.63,10.84
Beauty & Personal Care,Organic Search,Business,Paid,Cancelled,2,167.22,83.86,13.47
Beauty & Personal Care,Organic Search,Business,Paid,Delayed,62,9364.28,4904.13,24.27
Beauty & Personal Care,Organic Search,Business,Paid,Early,39,7935.83,4092.85,37.22
Beauty & Personal Care,Organic Search,Business,Paid,On Time,285,57388.32,29514.9,35.0
Beauty & Personal Care,Organic Search,Business,Pending,Cancelled,11,2832.4,1496.57,42.6
Beauty & Personal Care,Organic Search,Business,Pending,Delayed,6,857.47,385.64,35.2
Beauty & Personal Care,Organic Search,Business,Pending,Early,3,807.2,395.31,23.27
Beauty & Personal Care,Organic Search,Business,Pending,On Time,26,3937.97,1942.23,22.67
Beauty & Personal Care,Organic Search,Business,Refunded,Cancelled,27,5525.18,3310.24,2.9
Beauty & Personal Care,Organic Search,Consumer,Failed,Cancelled,193,37174.39,21946.56,5.42
Beauty & Personal Care,Organic Search,Consumer,Paid,Cancelled,40,8308.96,4667.07,29.09
Beauty & Personal Care,Organic Search,Consumer,Paid,Delayed,327,57377.62,29454.32,30.18
Beauty & Personal Care,Organic Search,Consumer,Paid,Early,177,32140.45,16184.15,34.82
Beauty & Personal Care,Organic Search,Consumer,Paid,On Time,1600,293963.32,152003.84,31.37
Beauty & Personal Care,Organic Search,Consumer,Pending,Cancelled,53,8581.13,4329.05,32.11
Beauty & Personal Care,Organic Search,Consumer,Pending,Delayed,37,6952.81,3978.03,20.61
Beauty & Personal Care,Organic Search,Consumer,Pending,Early,28,5908.41,3190.85,31.83
Beauty & Personal Care,Organic Search,Consumer,Pending,On Time,182,34948.14,18512.59,30.65
Beauty & Personal Care,Organic Search,Consumer,Refunded,Cancelled,200,37045.16,21897.99,2.53
Beauty & Personal Care,Organic Search,Premium,Failed,Cancelled,91,16275.91,9226.32,9.54
Beauty & Personal Care,Organic Search,Premium,Paid,Cancelled,16,3380.14,1775.13,45.48
Beauty & Personal Care,Organic Search,Premium,Paid,Delayed,146,27727.0,13173.84,50.02
Beauty & Personal Care,Organic Search,Premium,Paid,Early,71,13845.54,7111.76,42.21
Beauty & Personal Care,Organic Search,Premium,Paid,On Time,713,128289.54,64339.26,41.42
Beauty & Personal Care,Organic Search,Premium,Pending,Cancelled,23,3495.17,1676.78,31.6
Beauty & Personal Care,Organic Search,Premium,Pending,Delayed,10,2552.64,1322.21,42.35
Beauty & Personal Care,Organic Search,Premium,Pending,Early,6,1505.36,828.19,33.9
Beauty & Personal Care,Organic Search,Premium,Pending,On Time,89,17852.42,9344.33,45.14
Beauty & Personal Care,Organic Search,Premium,Refunded,Cancelled,81,18126.71,11039.7,2.36
Beauty & Personal Care,Organic Search,VIP,Failed,Cancelled,39,8380.87,4971.65,4.51
Beauty & Personal Care,Organic Search,VIP,Paid,Cancelled,3,547.17,346.24,5.93
Beauty & Personal Care,Organic Search,VIP,Paid,Delayed,44,8616.55,4120.75,56.11
Beauty & Personal Care,Organic Search,VIP,Paid,Early,31,6526.41,3052.35,58.21
Beauty & Personal Care,Organic Search,VIP,Paid,On Time,280,50660.51,25263.68,41.41
Beauty & Personal Care,Organic Search,VIP,Pending,Cancelled,8,870.9,360.73,49.21
Beauty & Personal Care,Organic Search,VIP,Pending,Delayed,5,896.86,501.38,23.82
Beauty & Personal Care,Organic Search,VIP,Pending,Early,1,188.88,104.64,41.3
Beauty & Personal Care,Organic Search,VIP,Pending,On Time,25,5318.91,2835.91,30.99
Beauty & Personal Care,Organic Search,VIP,Refunded,Cancelled,47,9956.0,5944.0,6.1
Beauty & Personal Care,Referral,Business,Failed,Cancelled,12,2750.47,1494.54,33.4
Beauty & Personal Care,Referral,Business,Paid,Cancelled,1,147.97,95.6,12.96
Beauty & Personal Care,Referral,Business,Paid,Delayed,16,3319.19,1881.16,32.02
Beauty & Personal Care,Referral,Business,Paid,Early,16,2640.03,1513.42,12.09
Beauty & Personal Care,Referral,Business,Paid,On Time,106,19369.25,9603.82,36.9
Beauty & Personal Care,Referral,Business,Pending,Cancelled,5,657.22,323.92,31.16
Beauty & Personal Care,Referral,Business,Pending,Delayed,7,1243.53,628.83,15.71
Beauty & Personal Care,Referral,Business,Pending,On Time,16,2348.33,1196.0,26.4
Beauty & Personal Care,Referral,Business,Refunded,Cancelled,21,5357.82,3331.71,1.74
Beauty & Personal Care,Referral,Consumer,Failed,Cancelled,98,18710.7,10636.25,7.91
Beauty & Personal Care,Referral,Consumer,Paid,Cancelled,13,2130.27,1152.28,25.43
Beauty & Personal Care,Referral,Consumer,Paid,Delayed,119,17997.95,9355.33,25.53
Beauty & Personal Care,Referral,Consumer,Paid,Early,88,15061.92,7858.18,27.27
Beauty & Personal Care,Referral,Consumer,Paid,On Time,629,113602.98,58734.11,28.8
Beauty & Personal Care,Referral,Consumer,Pending,Cancelled,19,2573.72,1356.68,25.9
Beauty & Personal Care,Referral,Consumer,Pending,Delayed,16,3037.86,1590.06,29.03
Beauty & Personal Care,Referral,Consumer,Pending,Early,4,760.65,378.64,24.91
Beauty & Personal Care,Referral,Consumer,Pending,On Time,73,14416.3,7739.45,34.15
Beauty & Personal Care,Referral,Consumer,Refunded,Cancelled,82,15212.38,9115.42,4.55
Beauty & Personal Care,Referral,Premium,Failed,Cancelled,53,11657.98,6899.67,15.51
Beauty & Personal Care,Referral,Premium,Paid,Cancelled,5,419.37,217.35,12.34
Beauty & Personal Care,Referral,Premium,Paid,Delayed,42,6464.26,3030.49,41.35
Beauty & Personal Care,Referral,Premium,Paid,Early,42,6450.0,3338.4,22.71
Beauty & Personal Care,Referral,Premium,Paid,On Time,298,54426.83,26653.15,41.15
Beauty & Personal Care,Referral,Premium,Pending,Cancelled,12,1590.03,840.02,23.86
Beauty & Personal Care,Referral,Premium,Pending,Delayed,2,509.2,290.53,66.41
Beauty & Personal Care,Referral,Premium,Pending,Early,3,975.51,536.23,50.46
Beauty & Personal Care,Referral,Premium,Pending,On Time,34,5951.46,3019.72,45.25
Beauty & Personal Care,Referral,Premium,Refunded,Cancelled,30,6063.8,3488.14,2.22
Beauty & Personal Care,Referral,VIP,Failed,Cancelled,15,4180.73,2503.38,2.5
Beauty & Personal Care,Referral,VIP,Paid,Cancelled,2,142.98,80.7,5.88
Beauty & Personal Care,Referral,VIP,Paid,Delayed,34,5975.09,2874.13,42.97
Beauty & Personal Care,Referral,VIP,Paid,Early,14,2275.16,1132.56,36.57
Beauty & Personal Care,Referral,VIP,Paid,On Time,143,27328.98,13443.7,47.98
Beauty & Personal Care,Referral,VIP,Pending,Cancelled,3,431.18,252.49,13.38
Beauty & Personal Care,Referral,VIP,Pending,Early,2,282.86,155.06,8.75
Beauty & Personal Care,Referral,VIP,Pending,On Time,20,3620.42,1733.62,36.37
Beauty & Personal Care,Referral,VIP,Refunded,Cancelled,11,2358.95,1453.11,3.91
Beauty & Personal Care,TikTok,Business,Failed,Cancelled,7,1330.51,711.13,11.23
Beauty & Personal Care,TikTok,Business,Paid,Delayed,6,879.19,476.47,16.0
Beauty & Personal Care,TikTok,Business,Paid,Early,1,98.59,58.39,16.93
Beauty & Personal Care,TikTok,Business,Paid,On Time,61,10135.42,5312.45,30.99
Beauty & Personal Care,TikTok,Business,Pending,Cancelled,2,278.01,165.13,25.76
Beauty & Personal Care,TikTok,Business,Pending,Delayed,1,156.68,74.75,7.67
Beauty & Personal Care,TikTok,Business,Pending,On Time,7,2209.19,1193.69,39.3
Beauty & Personal Care,TikTok,Business,Refunded,Cancelled,4,507.23,291.68,5.65
Beauty & Personal Care,TikTok,Consumer,Failed,Cancelled,47,10390.7,6258.49,4.47
Beauty & Personal Care,TikTok,Consumer,Paid,Cancelled,8,1543.14,731.01,42.43
Beauty & Personal Care,TikTok,Consumer,Paid,Delayed,46,9211.98,4761.04,32.98
Beauty & Personal Care,TikTok,Consumer,Paid,Early,44,9012.06,4738.65,27.75
Beauty & Personal Care,TikTok,Consumer,Paid,On Time,314,53485.92,27126.33,32.3
Beauty & Personal Care,TikTok,Consumer,Pending,Cancelled,12,1808.52,985.64,20.74
Beauty & Personal Care,TikTok,Consumer,Pending,Delayed,5,1238.84,619.13,32.56
Beauty & Personal Care,TikTok,Consumer,Pending,Early,1,119.29,69.79,2.19
Beauty & Personal Care,TikTok,Consumer,Pending,On Time,38,6028.59,3109.05,30.44
Beauty & Personal Care,TikTok,Consumer,Refunded,Cancelled,38,7279.3,4338.22,0.75
Beauty & Personal Care,TikTok,Premium,Failed,Cancelled,19,3188.87,1906.65,6.65
Beauty & Personal Care,TikTok,Premium,Paid,Cancelled,2,277.79,154.65,10.42
Beauty & Personal Care,TikTok,Premium,Paid,Delayed,25,3998.39,1819.36,43.09
Beauty & Personal Care,TikTok,Premium,Paid,Early,24,4788.86,2144.22,62.71
Beauty & Personal Care,TikTok,Premium,Paid,On Time,157,30099.74,14414.34,45.74
Beauty & Personal Care,TikTok,Premium,Pending,Cancelled,6,848.64,332.14,39.79
Beauty & Personal Care,TikTok,Premium,Pending,Delayed,3,1055.37,332.59,149.02
Beauty & Personal Care,TikTok,Premium,Pending,Early,6,1144.82,652.8,44.05
Beauty & Personal Care,TikTok,Premium,Pending,On Time,13,2234.52,1106.45,35.24
Beauty & Personal Care,TikTok,Premium,Refunded,Cancelled,21,5415.08,3341.63,0.89
Beauty & Personal Care,TikTok,VIP,Failed,Cancelled,8,1454.15,823.41,16.44
Beauty & Personal Care,TikTok,VIP,Paid,Cancelled,2,166.28,89.19,6.36
Beauty & Personal Care,TikTok,VIP,Paid,Delayed,12,2907.44,1650.85,43.66
Beauty & Personal Care,TikTok,VIP,Paid,Early,9,2131.81,1178.78,41.45
Beauty & Personal Care,TikTok,VIP,Paid,On Time,65,9952.4,4942.11,32.41
Beauty & Personal Care,TikTok,VIP,Pending,Cancelled,1,251.29,129.22,12.42
Beauty & Personal Care,TikTok,VIP,Pending,Delayed,1,172.27,84.5,37.83
Beauty & Personal Care,TikTok,VIP,Pending,Early,1,278.72,125.4,37.67
Beauty & Personal Care,TikTok,VIP,Pending,On Time,4,439.3,237.91,15.24
Beauty & Personal Care,TikTok,VIP,Refunded,Cancelled,2,122.53,55.36,0.0
Beauty & Personal Care,YouTube,Business,Failed,Cancelled,4,446.98,260.61,0.0
Beauty & Personal Care,YouTube,Business,Paid,Cancelled,2,373.46,202.79,15.18
Beauty & Personal Care,YouTube,Business,Paid,Delayed,4,614.6,344.98,20.64
Beauty & Personal Care,YouTube,Business,Paid,Early,6,1017.74,421.39,56.11
Beauty & Personal Care,YouTube,Business,Paid,On Time,44,8292.43,4274.71,26.51
Beauty & Personal Care,YouTube,Business,Pending,Cancelled,1,406.83,255.61,39.31
Beauty & Personal Care,YouTube,Business,Pending,Delayed,1,171.68,78.73,33.77
Beauty & Personal Care,YouTube,Business,Pending,On Time,7,1254.13,687.99,26.62
Beauty & Personal Care,YouTube,Business,Refunded,Cancelled,4,548.3,318.4,0.0
Beauty & Personal Care,YouTube,Consumer,Failed,Cancelled,23,5093.72,3044.63,2.25
Beauty & Personal Care,YouTube,Consumer,Paid,Cancelled,10,1328.52,684.89,19.64
Beauty & Personal Care,YouTube,Consumer,Paid,Delayed,45,7571.41,3680.84,35.69
Beauty & Personal Care,YouTube,Consumer,Paid,Early,31,6415.14,3251.93,47.85
Beauty & Personal Care,YouTube,Consumer,Paid,On Time,248,48877.97,26446.27,30.14
Beauty & Personal Care,YouTube,Consumer,Pending,Cancelled,13,2483.08,1310.26,28.04
Beauty & Personal Care,YouTube,Consumer,Pending,Delayed,7,906.91,485.41,12.72
Beauty & Personal Care,YouTube,Consumer,Pending,Early,2,321.13,176.61,19.56
Beauty & Personal Care,YouTube,Consumer,Pending,On Time,25,4972.07,2856.69,29.49
Beauty & Personal Care,YouTube,Consumer,Refunded,Cancelled,35,5908.03,3526.88,0.1
Beauty & Personal Care,YouTube,Premium,Failed,Cancelled,13,2168.0,1322.24,1.87
Beauty & Personal Care,YouTube,Premium,Paid,Cancelled,1,73.6,32.99,14.31
Beauty & Personal Care,YouTube,Premium,Paid,Delayed,13,2609.64,1198.78,61.55
Beauty & Personal Care,YouTube,Premium,Paid,Early,9,772.04,384.98,9.75
Beauty & Personal Care,YouTube,Premium,Paid,On Time,111,17692.97,8961.21,33.09
Beauty & Personal Care,YouTube,Premium,Pending,Cancelled,2,370.52,193.95,18.29
Beauty & Personal Care,YouTube,Premium,Pending,Delayed,3,692.74,339.47,52.44
Beauty & Personal Care,YouTube,Premium,Pending,Early,3,560.27,271.52,108.47
Beauty & Personal Care,YouTube,Premium,Pending,On Time,12,2076.52,971.01,30.23
Beauty & Personal Care,YouTube,Premium,Refunded,Cancelled,10,2705.3,1650.48,0.0
Beauty & Personal Care,YouTube,VIP,Failed,Cancelled,2,697.45,359.97,1.19
Beauty & Personal Care,YouTube,VIP,Paid,Delayed,10,2329.54,1129.02,70.85
Beauty & Personal Care,YouTube,VIP,Paid,Early,5,1243.73,648.28,38.62
Beauty & Personal Care,YouTube,VIP,Paid,On Time,42,5811.38,2871.59,34.92
Beauty & Personal Care,YouTube,VIP,Pending,Cancelled,3,580.01,326.6,52.43
Beauty & Personal Care,YouTube,VIP,Pending,Delayed,2,243.9,-4.19,125.7
Beauty & Personal Care,YouTube,VIP,Pending,On Time,3,376.62,200.01,16.83
Beauty & Personal Care,YouTube,VIP,Refunded,Cancelled,6,850.7,459.55,12.69
Books & Media,Affiliate,Business,Failed,Cancelled,10,793.34,430.64,0.26
Books & Media,Affiliate,Business,Paid,Cancelled,7,761.33,384.64,13.4
Books & Media,Affiliate,Business,Paid,Delayed,18,1980.12,953.2,13.88
Books & Media,Affiliate,Business,Paid,Early,9,851.63,459.79,13.3
Books & Media,Affiliate,Business,Paid,On Time,72,8220.96,4167.74,18.86
Books & Media,Affiliate,Business,Pending,Cancelled,5,492.51,225.68,21.83
Books & Media,Affiliate,Business,Pending,Early,2,114.99,46.07,7.63
Books & Media,Affiliate,Business,Pending,On Time,10,875.41,429.15,20.06
Books & Media,Affiliate,Business,Refunded,Cancelled,4,425.72,229.25,0.0
Books & Media,Affiliate,Consumer,Failed,Cancelled,60,6596.89,3732.12,5.82
Books & Media,Affiliate,Consumer,Paid,Cancelled,12,1718.74,923.75,16.7
Books & Media,Affiliate,Consumer,Paid,Delayed,75,7962.22,4001.76,16.8
Books & Media,Affiliate,Consumer,Paid,Early,48,5943.07,2968.43,21.25
Books & Media,Affiliate,Consumer,Paid,On Time,398,44692.53,22982.75,16.55
Books & Media,Affiliate,Consumer,Pending,Cancelled,16,1918.31,924.66,16.55
Books & Media,Affiliate,Consumer,Pending,Delayed,3,257.74,139.31,4.19
Books & Media,Affiliate,Consumer,Pending,Early,9,738.53,389.58,9.53
Books & Media,Affiliate,Consumer,Pending,On Time,48,4910.77,2482.4,17.74
Books & Media,Affiliate,Consumer,Refunded,Cancelled,48,4456.59,2479.26,4.63
Books & Media,Affiliate,Premium,Failed,Cancelled,24,3117.17,1773.6,6.86
Books & Media,Affiliate,Premium,Paid,Cancelled,3,357.35,190.43,26.82
Books & Media,Affiliate,Premium,Paid,Delayed,26,3690.0,1838.1,35.88
Books & Media,Affiliate,Premium,Paid,Early,20,2606.69,1341.48,26.1
Books & Media,Affiliate,Premium,Paid,On Time,172,17307.88,8492.75,22.07
Books & Media,Affiliate,Premium,Pending,Cancelled,5,786.81,410.34,38.37
Books & Media,Affiliate,Premium,Pending,Delayed,1,125.02,38.69,127.89
Books & Media,Affiliate,Premium,Pending,Early,2,243.93,124.61,36.28
Books & Media,Affiliate,Premium,Pending,On Time,16,2049.41,1113.01,21.57
Books & Media,Affiliate,Premium,Refunded,Cancelled,20,1999.49,1146.94,0.1
Books & Media,Affiliate,VIP,Failed,Cancelled,9,1308.04,830.08,1.21
Books & Media,Affiliate,VIP,Paid,Cancelled,5,270.88,140.76,11.89
Books & Media,Affiliate,VIP,Paid,Delayed,15,1385.11,730.53,14.19
Books & Media,Affiliate,VIP,Paid,Early,14,1330.38,556.22,33.81
Books & Media,Affiliate,VIP,Paid,On Time,70,7149.57,3667.14,21.0
Books & Media,Affiliate,VIP,Pending,Cancelled,1,57.19,23.34,8.34
Books & Media,Affiliate,VIP,Pending,Delayed,1,113.01,55.22,35.27
Books & Media,Affiliate,VIP,Pending,Early,1,41.09,25.58,10.66
Books & Media,Affiliate,VIP,Pending,On Time,7,526.72,240.81,22.15
Books & Media,Affiliate,VIP,Refunded,Cancelled,8,831.05,507.25,0.0
Books & Media,Direct,Business,Failed,Cancelled,20,3213.63,1930.53,4.74
Books & Media,Direct,Business,Paid,Cancelled,6,448.37,221.68,13.13
Books & Media,Direct,Business,Paid,Delayed,38,3836.46,2050.93,13.87
Books & Media,Direct,Business,Paid,Early,27,3242.92,1602.51,26.2
Books & Media,Direct,Business,Paid,On Time,229,23822.9,12384.47,14.58
Books & Media,Direct,Business,Pending,Cancelled,9,939.36,435.33,24.33
Books & Media,Direct,Business,Pending,Delayed,3,515.03,273.01,46.43
Books & Media,Direct,Business,Pending,Early,5,1156.62,654.2,9.96
Books & Media,Direct,Business,Pending,On Time,25,2719.06,1346.5,20.21
Books & Media,Direct,Business,Refunded,Cancelled,30,4050.85,2360.81,2.6
Books & Media,Direct,Consumer,Failed,Cancelled,155,16371.91,9308.92,2.65
Books & Media,Direct,Consumer,Paid,Cancelled,42,4565.78,2308.49,14.08
Books & Media,Direct,Consumer,Paid,Delayed,255,26746.27,13788.36,16.39
Books & Media,Direct,Consumer,Paid,Early,133,13619.73,6852.5,15.85
Books & Media,Direct,Consumer,Paid,On Time,1241,131647.51,66841.07,16.92
Books & Media,Direct,Consumer,Pending,Cancelled,58,5448.02,2694.69,14.84
Books & Media,Direct,Consumer,Pending,Delayed,29,3258.79,1670.31,16.88
Books & Media,Direct,Consumer,Pending,Early,20,2033.35,1155.7,11.88
Books & Media,Direct,Consumer,Pending,On Time,134,16151.44,8575.67,18.67
Books & Media,Direct,Consumer,Refunded,Cancelled,131,14951.71,8759.07,1.41
Books & Media,Direct,Premium,Failed,Cancelled,78,8613.45,4875.59,8.48
Books & Media,Direct,Premium,Paid,Cancelled,15,1620.78,802.74,27.65
Books & Media,Direct,Premium,Paid,Delayed,100,10103.09,5105.09,22.47
Books & Media,Direct,Premium,Paid,Early,63,5732.8,2568.4,24.98
Books & Media,Direct,Premium,Paid,On Time,550,57741.08,29169.1,21.31
Books & Media,Direct,Premium,Pending,Cancelled,26,2621.1,1364.45,19.73
Books & Media,Direct,Premium,Pending,Delayed,12,807.91,405.16,14.58
Books & Media,Direct,Premium,Pending,Early,4,553.86,290.77,13.42
Books & Media,Direct,Premium,Pending,On Time,67,6926.68,3353.96,24.38
Books & Media,Direct,Premium,Refunded,Cancelled,82,9195.82,5371.87,3.14
Books & Media,Direct,VIP,Failed,Cancelled,37,3300.64,1923.88,1.54
Books & Media,Direct,VIP,Paid,Cancelled,5,349.1,187.05,13.78
Books & Media,Direct,VIP,Paid,Delayed,47,4274.14,2041.21,24.91
Books & Media,Direct,VIP,Paid,Early,27,2768.33,1345.78,21.07
Books & Media,Direct,VIP,Paid,On Time,222,21999.25,10817.81,21.79
Books & Media,Direct,VIP,Pending,Cancelled,4,332.0,156.75,19.57
Books & Media,Direct,VIP,Pending,Delayed,4,552.54,265.11,13.7
Books & Media,Direct,VIP,Pending,Early,3,285.14,152.17,24.69
Books & Media,Direct,VIP,Pending,On Time,17,1387.88,697.45,17.03
Books & Media,Direct,VIP,Refunded,Cancelled,23,2234.56,1287.76,0.0
Books & Media,Email Marketing,Business,Failed,Cancelled,21,2219.74,1293.51,4.68
Books & Media,Email Marketing,Business,Paid,Cancelled,3,349.43,146.87,19.17
Books & Media,Email Marketing,Business,Paid,Delayed,20,2727.66,1484.62,19.09
Books & Media,Email Marketing,Business,Paid,Early,14,1179.86,641.23,13.02
Books & Media,Email Marketing,Business,Paid,On Time,131,15474.12,8023.26,20.05
Books & Media,Email Marketing,Business,Pending,Cancelled,7,1311.31,613.12,32.43
Books & Media,Email Marketing,Business,Pending,Delayed,2,228.99,127.54,8.06
Books & Media,Email Marketing,Business,Pending,Early,1,79.15,44.85,1.67
Books & Media,Email Marketing,Business,Pending,On Time,17,1751.51,825.75,15.81
Books & Media,Email Marketing,Business,Refunded,Cancelled,16,1809.64,1079.21,0.71
Books & Media,Email Marketing,Consumer,Failed,Cancelled,89,11107.87,6346.0,2.11
Books & Media,Email Marketing,Consumer,Paid,Cancelled,19,1818.11,981.38,15.07
Books & Media,Email Marketing,Consumer,Paid,Delayed,124,13864.58,7227.94,18.18
Books & Media,Email Marketing,Consumer,Paid,Early,67,7177.68,3669.35,16.42
Books & Media,Email Marketing,Consumer,Paid,On Time,699,74235.13,37824.35,17.94
Books & Media,Email Marketing,Consumer,Pending,Cancelled,22,2309.59,1201.58,13.37
Books & Media,Email Marketing,Consumer,Pending,Delayed,13,1220.46,606.79,10.98
Books & Media,Email Marketing,Consumer,Pending,Early,7,1017.65,586.94,10.08
Books & Media,Email Marketing,Consumer,Pending,On Time,83,9149.49,4797.7,16.32
Books & Media,Email Marketing,Consumer,Refunded,Cancelled,86,9229.44,5291.16,0.32
Books & Media,Email Marketing,Premium,Failed,Cancelled,41,4780.26,2924.75,3.22
Books & Media,Email Marketing,Premium,Paid,Cancelled,15,1184.31,647.57,11.36
Books & Media,Email Marketing,Premium,Paid,Delayed,55,5232.14,2675.62,18.86
Books & Media,Email Marketing,Premium,Paid,Early,35,3554.08,1931.53,20.96
Books & Media,Email Marketing,Premium,Paid,On Time,298,30245.58,15121.22,22.66
Books & Media,Email Marketing,Premium,Pending,Cancelled,11,1112.64,472.03,21.82
Books & Media,Email Marketing,Premium,Pending,Delayed,17,1649.26,728.8,26.91
Books & Media,Email Marketing,Premium,Pending,Early,3,630.83,361.23,18.29
Books & Media,Email Marketing,Premium,Pending,On Time,42,4441.79,2174.65,26.76
Books & Media,Email Marketing,Premium,Refunded,Cancelled,40,4085.62,2436.48,0.04
Books & Media,Email Marketing,VIP,Failed,Cancelled,22,2321.43,1354.84,0.72
Books & Media,Email Marketing,VIP,Paid,Cancelled,2,255.01,149.59,8.24
Books & Media,Email Marketing,VIP,Paid,Delayed,29,2973.62,1512.36,22.54
Books & Media,Email Marketing,VIP,Paid,Early,10,648.44,355.65,11.29
Books & Media,Email Marketing,VIP,Paid,On Time,118,12840.23,6507.11,24.22
Books & Media,Email Marketing,VIP,Pending,Cancelled,1,39.3,4.41,50.93
Books & Media,Email Marketing,VIP,Pending,Delayed,5,403.68,211.03,10.44
Books & Media,Email Marketing,VIP,Pending,Early,1,175.81,92.7,18.22
Books & Media,Email Marketing,VIP,Pending,On Time,11,956.94,485.9,25.43
Books & Media,Email Marketing,VIP,Refunded,Cancelled,14,1732.95,1081.88,0.0
Books & Media,Facebook Ads,Business,Failed,Cancelled,24,3382.29,1927.92,6.98
Books & Media,Facebook Ads,Business,Paid,Cancelled,5,611.12,275.72,24.47
Books & Media,Facebook Ads,Business,Paid,Delayed,43,4461.82,2443.93,14.13
Books & Media,Facebook Ads,Business,Paid,Early,18,2047.29,1103.15,13.29
Books & Media,Facebook Ads,Business,Paid,On Time,167,18067.73,9309.5,13.39
Books & Media,Facebook Ads,Business,Pending,Cancelled,16,1789.14,876.31,27.74
Books & Media,Facebook Ads,Business,Pending,Delayed,4,399.3,199.82,16.22
Books & Media,Facebook Ads,Business,Pending,Early,1,159.92,91.22,6.28
Books & Media,Facebook Ads,Business,Pending,On Time,21,2024.31,997.33,20.21
Books & Media,Facebook Ads,Business,Refunded,Cancelled,26,2708.84,1617.07,2.77
Books & Media,Facebook Ads,Consumer,Failed,Cancelled,137,13087.89,7202.59,2.31
Books & Media,Facebook Ads,Consumer,Paid,Cancelled,22,2368.08,1115.92,20.72
Books & Media,Facebook Ads,Consumer,Paid,Delayed,188,19262.32,9833.58,16.88
Books & Media,Facebook Ads,Consumer,Paid,Early,118,12502.31,6534.5,14.46
Books & Media,Facebook Ads,Consumer,Paid,On Time,1038,107947.15,55485.75,15.43
Books & Media,Facebook Ads,Consumer,Pending,Cancelled,31,3009.34,1623.91,11.26
Books & Media,Facebook Ads,Consumer,Pending,Delayed,22,3262.78,1726.54,22.89
Books & Media,Facebook Ads,Consumer,Pending,Early,9,508.52,285.99,5.97
Books & Media,Facebook Ads,Consumer,Pending,On Time,104,11855.96,6003.49,18.73
Books & Media,Facebook Ads,Consumer,Refunded,Cancelled,107,11660.78,6615.8,1.61
Books & Media,Facebook Ads,Premium,Failed,Cancelled,68,7728.07,4586.69,3.76
Books & Media,Facebook Ads,Premium,Paid,Cancelled,9,678.87,373.55,8.44
Books & Media,Facebook Ads,Premium,Paid,Delayed,108,10194.2,4842.14,23.1
Books & Media,Facebook Ads,Premium,Paid,Early,57,6116.99,3117.18,22.09
Books & Media,Facebook Ads,Premium,Paid,On Time,466,48465.95,24679.41,22.09
Books & Media,Facebook Ads,Premium,Pending,Cancelled,14,1108.4,544.49,21.13
Books & Media,Facebook Ads,Premium,Pending,Delayed,10,910.22,438.35,20.08
Books & Media,Facebook Ads,Premium,Pending,Early,4,334.25,146.38,12.68
Books & Media,Facebook Ads,Premium,Pending,On Time,47,4911.07,2648.57,15.45
Books & Media,Facebook Ads,Premium,Refunded,Cancelled,57,7449.51,4551.99,0.46
Books & Media,Facebook Ads,VIP,Failed,Cancelled,21,2420.03,1460.94,5.47
Books & Media,Facebook Ads,VIP,Paid,Cancelled,5,405.7,203.49,15.19
Books & Media,Facebook Ads,VIP,Paid,Delayed,33,3013.92,1315.8,23.34
Books & Media,Facebook Ads,VIP,Paid,Early,22,2972.34,1578.69,30.0
Books & Media,Facebook Ads,VIP,Paid,On Time,176,17831.23,8768.62,22.05
Books & Media,Facebook Ads,VIP,Pending,Cancelled,8,929.56,434.39,27.15
Books & Media,Facebook Ads,VIP,Pending,Delayed,3,531.5,279.69,24.16
Books & Media,Facebook Ads,VIP,Pending,Early,2,178.55,97.66,26.65
Books & Media,Facebook Ads,VIP,Pending,On Time,23,2409.56,1188.53,25.98
Books & Media,Facebook Ads,VIP,Refunded,Cancelled,18,2040.56,1246.2,0.0
Books & Media,Google Ads,Business,Failed,Cancelled,31,3283.96,1828.91,8.51
Books & Media,Google Ads,Business,Paid,Cancelled,7,703.71,335.86,12.54
Books & Media,Google Ads,Business,Paid,Delayed,40,3936.0,2064.89,15.74
Books & Media,Google Ads,Business,Paid,Early,24,2385.18,1279.08,10.04
Books & Media,Google Ads,Business,Paid,On Time,233,24384.24,12407.84,17.71
Books & Media,Google Ads,Business,Pending,Cancelled,9,993.1,551.89,14.87
Books & Media,Google Ads,Business,Pending,Delayed,1,124.69,75.61,19.5
Books & Media,Google Ads,Business,Pending,Early,3,332.54,174.19,27.41
Books & Media,Google Ads,Business,Pending,On Time,32,2891.57,1530.36,19.88
Books & Media,Google Ads,Business,Refunded,Cancelled,26,2380.31,1404.88,0.29
Books & Media,Google Ads,Consumer,Failed,Cancelled,143,17498.89,10002.89,3.73
Books & Media,Google Ads,Consumer,Paid,Cancelled,31,2667.4,1312.31,19.06
Books & Media,Google Ads,Consumer,Paid,Delayed,252,26767.07,13299.96,18.99
Books & Media,Google Ads,Consumer,Paid,Early,134,12071.3,6214.55,13.04
Books & Media,Google Ads,Consumer,Paid,On Time,1236,132185.02,68305.91,16.47
Books & Media,Google Ads,Consumer,Pending,Cancelled,33,4222.32,2255.15,20.31
Books & Media,Google Ads,Consumer,Pending,Delayed,33,3554.06,1790.49,13.92
Books & Media,Google Ads,Consumer,Pending,Early,12,1338.23,739.26,11.58
Books & Media,Google Ads,Consumer,Pending,On Time,137,14575.83,7716.16,15.19
Books & Media,Google Ads,Consumer,Refunded,Cancelled,163,18060.0,10301.85,1.19
Books & Media,Google Ads,Premium,Failed,Cancelled,84,10176.26,5799.43,7.57
Books & Media,Google Ads,Premium,Paid,Cancelled,20,1458.45,738.15,17.54
Books & Media,Google Ads,Premium,Paid,Delayed,95,9350.87,4488.2,26.95
Books & Media,Google Ads,Premium,Paid,Early,69,7091.89,3541.99,25.28
Books & Media,Google Ads,Premium,Paid,On Time,573,59113.5,29336.71,22.91
Books & Media,Google Ads,Premium,Pending,Cancelled,18,1541.09,818.93,10.72
Books & Media,Google Ads,Premium,Pending,Delayed,16,1691.4,857.84,22.79
Books & Media,Google Ads,Premium,Pending,Early,8,1463.59,781.95,20.28
Books & Media,Google Ads,Premium,Pending,On Time,76,7104.23,3448.12,24.24
Books & Media,Google Ads,Premium,Refunded,Cancelled,53,5681.31,3404.95,2.88
Books & Media,Google Ads,VIP,Failed,Cancelled,34,4303.3,2543.85,4.33
Books & Media,Google Ads,VIP,Paid,Cancelled,5,558.47,272.74,17.58
Books & Media,Google Ads,VIP,Paid,Delayed,37,3601.37,1738.42,17.17
Books & Media,Google Ads,VIP,Paid,Early,21,2236.42,1043.42,29.2
Books & Media,Google Ads,VIP,Paid,On Time,221,22472.4,11512.17,19.6
Books & Media,Google Ads,VIP,Pending,Cancelled,5,284.49,160.88,5.25
Books & Media,Google Ads,VIP,Pending,Delayed,6,371.2,197.72,11.62
Books & Media,Google Ads,VIP,Pending,Early,5,357.07,181.07,13.31
Books & Media,Google Ads,VIP,Pending,On Time,30,2808.53,1417.38,22.43
Books & Media,Google Ads,VIP,Refunded,Cancelled,37,4410.93,2614.14,0.45
Books & Media,Instagram,Business,Failed,Cancelled,25,3140.25,1752.63,8.45
Books & Media,Instagram,Business,Paid,Cancelled,9,802.04,391.48,13.18
Books & Media,Instagram,Business,Paid,Delayed,32,4083.55,2173.2,20.63
Books & Media,Instagram,Business,Paid,Early,21,1913.59,971.11,16.41
Books & Media,Instagram,Business,Paid,On Time,149,17047.55,8722.22,18.15
Books & Media,Instagram,Business,Pending,Cancelled,5,1052.1,623.36,21.2
Books & Media,Instagram,Business,Pending,Delayed,2,119.3,70.09,2.92
Books & Media,Instagram,Business,Pending,Early,2,407.12,148.1,80.33
Books & Media,Instagram,Business,Pending,On Time,18,1821.75,968.43,16.19
Books & Media,Instagram,Business,Refunded,Cancelled,19,1434.98,766.63,1.81
Books & Media,Instagram,Consumer,Failed,Cancelled,135,15575.5,8881.92,3.33
Books & Media,Instagram,Consumer,Paid,Cancelled,18,1920.86,927.26,15.28
Books & Media,Instagram,Consumer,Paid,Delayed,164,16957.28,8633.23,18.12
Books & Media,Instagram,Consumer,Paid,Early,79,8600.45,4338.03,15.26
Books & Media,Instagram,Consumer,Paid,On Time,885,96096.6,49985.99,16.32
Books & Media,Instagram,Consumer,Pending,Cancelled,31,3274.89,1761.02,14.32
Books & Media,Instagram,Consumer,Pending,Delayed,10,1404.35,658.0,41.05
Books & Media,Instagram,Consumer,Pending,Early,6,590.55,278.16,9.14
Books & Media,Instagram,Consumer,Pending,On Time,98,11333.19,5857.27,17.06
Books & Media,Instagram,Consumer,Refunded,Cancelled,98,10219.75,5677.55,1.59
Books & Media,Instagram,Premium,Failed,Cancelled,56,6092.5,3538.01,5.46
Books & Media,Instagram,Premium,Paid,Cancelled,14,1509.41,756.99,28.1
Books & Media,Instagram,Premium,Paid,Delayed,64,6950.78,3414.94,29.3
Books & Media,Instagram,Premium,Paid,Early,31,2675.69,1397.24,12.5
Books & Media,Instagram,Premium,Paid,On Time,383,37219.44,18600.2,21.99
Books & Media,Instagram,Premium,Pending,Cancelled,11,1327.2,756.14,21.76
Books & Media,Instagram,Premium,Pending,Delayed,6,592.86,306.6,22.16
Books & Media,Instagram,Premium,Pending,Early,7,523.57,251.1,22.08
Books & Media,Instagram,Premium,Pending,On Time,46,4336.57,2100.26,22.64
Books & Media,Instagram,Premium,Refunded,Cancelled,55,6746.77,4068.79,0.14
Books & Media,Instagram,VIP,Failed,Cancelled,25,3131.68,1844.95,7.13
Books & Media,Instagram,VIP,Paid,Cancelled,4,265.3,133.32,18.75
Books & Media,Instagram,VIP,Paid,Delayed,20,2450.01,1100.94,31.34
Books & Media,Instagram,VIP,Paid,Early,24,2105.91,1021.82,18.66
Books & Media,Instagram,VIP,Paid,On Time,154,16148.78,8249.33,23.49
Books & Media,Instagram,VIP,Pending,Cancelled,4,500.48,253.72,36.38
Books & Media,Instagram,VIP,Pending,Delayed,9,788.8,407.6,13.54
Books & Media,Instagram,VIP,Pending,Early,1,74.19,35.72,8.86
Books & Media,Instagram,VIP,Pending,On Time,22,1784.44,952.13,10.4
Books & Media,Instagram,VIP,Refunded,Cancelled,16,2050.63,1204.75,2.67
Books & Media,Organic Search,Business,Failed,Cancelled,38,4395.79,2513.75,5.03
Books & Media,Organic Search,Business,Paid,Cancelled,9,1035.51,475.79,21.03
Books & Media,Organic Search,Business,Paid,Delayed,65,7663.14,3861.48,18.01
Books & Media,Organic Search,Business,Paid,Early,33,3504.64,1725.49,19.16
Books & Media,Organic Search,Business,Paid,On Time,289,30830.71,15582.38,19.07
Books & Media,Organic Search,Business,Pending,Cancelled,7,727.83,412.84,13.29
Books & Media,Organic Search,Business,Pending,Delayed,5,511.78,296.44,9.03
Books & Media,Organic Search,Business,Pending,Early,2,164.06,86.86,8.07
Books & Media,Organic Search,Business,Pending,On Time,31,3493.37,1813.47,17.72
Books & Media,Organic Search,Business,Refunded,Cancelled,43,4927.49,2835.47,0.02
Books & Media,Organic Search,Consumer,Failed,Cancelled,208,22580.1,12759.56,3.23
Books & Media,Organic Search,Consumer,Paid,Cancelled,45,4094.54,2140.48,12.7
Books & Media,Organic Search,Consumer,Paid,Delayed,333,35132.6,17700.51,18.0
Books & Media,Organic Search,Consumer,Paid,Early,194,20530.83,10441.36,15.49
Books & Media,Organic Search,Consumer,Paid,On Time,1686,180163.81,92205.47,16.71
Books & Media,Organic Search,Consumer,Pending,Cancelled,69,7055.59,3582.08,13.2
Books & Media,Organic Search,Consumer,Pending,Delayed,35,4126.87,2099.64,18.61
Books & Media,Organic Search,Consumer,Pending,Early,24,2636.37,1449.67,9.35
Books & Media,Organic Search,Consumer,Pending,On Time,187,19782.8,10288.26,16.03
Books & Media,Organic Search,Consumer,Refunded,Cancelled,193,22106.82,12876.34,1.14
Books & Media,Organic Search,Premium,Failed,Cancelled,105,11389.18,6639.06,4.54
Books & Media,Organic Search,Premium,Paid,Cancelled,23,2462.15,1220.33,29.38
Books & Media,Organic Search,Premium,Paid,Delayed,133,13573.26,6550.61,23.95
Books & Media,Organic Search,Premium,Paid,Early,83,8112.36,4195.16,18.61
Books & Media,Organic Search,Premium,Paid,On Time,731,77177.62,38337.9,23.5
Books & Media,Organic Search,Premium,Pending,Cancelled,33,3103.2,1582.77,19.96
Books & Media,Organic Search,Premium,Pending,Delayed,12,1361.07,650.49,35.98
Books & Media,Organic Search,Premium,Pending,Early,10,930.89,444.69,19.25
Books & Media,Organic Search,Premium,Pending,On Time,75,6940.99,3394.13,24.4
Books & Media,Organic Search,Premium,Refunded,Cancelled,98,11066.81,6392.96,2.73
Books & Media,Organic Search,VIP,Failed,Cancelled,32,3191.06,1881.08,5.32
Books & Media,Organic Search,VIP,Paid,Cancelled,8,971.97,410.39,31.79
Books & Media,Organic Search,VIP,Paid,Delayed,52,6189.37,3338.85,22.15
Books & Media,Organic Search,VIP,Paid,Early,38,3644.33,1901.22,17.4
Books & Media,Organic Search,VIP,Paid,On Time,299,28709.2,14360.08,22.71
Books & Media,Organic Search,VIP,Pending,Cancelled,12,1606.83,883.19,9.71
Books & Media,Organic Search,VIP,Pending,Delayed,7,650.48,335.94,9.2
Books & Media,Organic Search,VIP,Pending,Early,1,207.21,108.17,53.07
Books & Media,Organic Search,VIP,Pending,On Time,34,3033.68,1491.75,24.37
Books & Media,Organic Search,VIP,Refunded,Cancelled,41,3243.89,1928.17,0.03
Books & Media,Referral,Business,Failed,Cancelled,21,2460.46,1415.61,2.32
Books & Media,Referral,Business,Paid,Cancelled,2,87.3,30.89,6.06
Books & Media,Referral,Business,Paid,Delayed,22,2350.32,1127.35,17.56
Books & Media,Referral,Business,Paid,Early,5,475.58,203.69,21.85
Books & Media,Referral,Business,Paid,On Time,97,11957.62,6005.38,21.36
Books & Media,Referral,Business,Pending,Cancelled,4,620.67,337.61,48.72
Books & Media,Referral,Business,Pending,Delayed,1,91.65,52.26,10.13
Books & Media,Referral,Business,Pending,On Time,14,1169.43,616.21,13.06
Books & Media,Referral,Business,Refunded,Cancelled,20,2285.03,1353.61,0.18
Books & Media,Referral,Consumer,Failed,Cancelled,97,10787.49,6059.33,2.58
Books & Media,Referral,Consumer,Paid,Cancelled,13,1162.74,664.72,11.62
Books & Media,Referral,Consumer,Paid,Delayed,130,15266.3,7867.38,20.68
Books & Media,Referral,Consumer,Paid,Early,66,6385.07,3299.03,14.75
Books & Media,Referral,Consumer,Paid,On Time,668,70676.24,36672.93,16.54
Books & Media,Referral,Consumer,Pending,Cancelled,30,3488.75,1846.6,15.18
Books & Media,Referral,Consumer,Pending,Delayed,12,1336.64,666.62,24.58
Books & Media,Referral,Consumer,Pending,Early,12,1845.42,967.12,23.71
Books & Media,Referral,Consumer,Pending,On Time,69,6586.29,3321.48,15.39
Books & Media,Referral,Consumer,Refunded,Cancelled,87,9090.63,5257.45,0.33
Books & Media,Referral,Premium,Failed,Cancelled,45,4550.6,2594.63,5.77
Books & Media,Referral,Premium,Paid,Cancelled,11,1291.16,670.45,24.14
Books & Media,Referral,Premium,Paid,Delayed,54,5822.2,3008.66,20.35
Books & Media,Referral,Premium,Paid,Early,42,4199.95,2188.92,18.94
Books & Media,Referral,Premium,Paid,On Time,302,30805.72,15889.11,18.97
Books & Media,Referral,Premium,Pending,Cancelled,11,1369.57,581.71,37.29
Books & Media,Referral,Premium,Pending,Delayed,6,411.25,228.54,10.76
Books & Media,Referral,Premium,Pending,Early,3,208.15,118.14,10.19
Books & Media,Referral,Premium,Pending,On Time,42,4020.86,1922.45,28.98
Books & Media,Referral,Premium,Refunded,Cancelled,32,3418.56,2071.61,1.06
Books & Media,Referral,VIP,Failed,Cancelled,22,2183.03,1272.54,1.69
Books & Media,Referral,VIP,Paid,Cancelled,2,117.94,50.67,5.9
Books & Media,Referral,VIP,Paid,Delayed,22,2108.65,1070.36,18.58
Books & Media,Referral,VIP,Paid,Early,14,1061.39,552.12,13.06
Books & Media,Referral,VIP,Paid,On Time,140,14351.92,7285.4,22.09
Books & Media,Referral,VIP,Pending,Cancelled,4,576.45,287.88,38.84
Books & Media,Referral,VIP,Pending,Delayed,6,610.64,287.7,21.46
Books & Media,Referral,VIP,Pending,Early,2,417.52,252.03,5.05
Books & Media,Referral,VIP,Pending,On Time,17,1653.77,875.92,16.91
Books & Media,Referral,VIP,Refunded,Cancelled,15,1948.34,1213.67,0.03
Books & Media,TikTok,Business,Failed,Cancelled,5,521.33,303.11,0.0
Books & Media,TikTok,Business,Paid,Delayed,9,956.06,518.01,12.23
Books & Media,TikTok,Business,Paid,Early,4,288.72,115.57,22.26
Books & Media,TikTok,Business,Paid,On Time,38,3793.22,1989.39,13.23
Books & Media,TikTok,Business,Pending,Cancelled,2,152.22,72.08,16.14
Books & Media,TikTok,Business,Pending,Delayed,1,79.48,41.33,8.57
Books & Media,TikTok,Business,Pending,Early,1,148.24,81.77,14.91
Books & Media,TikTok,Business,Pending,On Time,9,1566.76,896.95,16.95
Books & Media,TikTok,Business,Refunded,Cancelled,5,520.12,294.65,11.2
Books & Media,TikTok,Consumer,Failed,Cancelled,48,6085.27,3546.76,3.72
Books & Media,TikTok,Consumer,Paid,Cancelled,8,795.76,446.82,12.8
Books & Media,TikTok,Consumer,Paid,Delayed,66,7567.41,3799.07,17.61
Books & Media,TikTok,Consumer,Paid,Early,43,4258.95,2102.1,19.3
Books & Media,TikTok,Consumer,Paid,On Time,337,38594.13,19842.34,16.82
Books & Media,TikTok,Consumer,Pending,Cancelled,13,978.51,476.64,14.87
Books & Media,TikTok,Consumer,Pending,Delayed,5,727.26,382.58,26.73
Books & Media,TikTok,Consumer,Pending,Early,1,63.68,29.67,17.4
Books & Media,TikTok,Consumer,Pending,On Time,33,3195.04,1597.75,10.74
Books & Media,TikTok,Consumer,Refunded,Cancelled,41,3995.16,2376.06,1.13
Books & Media,TikTok,Premium,Failed,Cancelled,29,3658.64,2200.94,2.37
Books & Media,TikTok,Premium,Paid,Cancelled,4,551.79,254.46,53.28
Books & Media,TikTok,Premium,Paid,Delayed,27,3142.57,1626.04,26.5
Books & Media,TikTok,Premium,Paid,Early,13,1481.0,683.98,45.37
Books & Media,TikTok,Premium,Paid,On Time,129,12180.43,5991.31,21.92
Books & Media,TikTok,Premium,Pending,Cancelled,6,608.19,259.15,31.49
Books & Media,TikTok,Premium,Pending,Delayed,3,394.81,226.87,22.53
Books & Media,TikTok,Premium,Pending,Early,1,44.82,26.01,9.8
Books & Media,TikTok,Premium,Pending,On Time,19,1716.05,846.65,30.07
Books & Media,TikTok,Premium,Refunded,Cancelled,22,2010.24,1162.78,2.26
Books & Media,TikTok,VIP,Failed,Cancelled,8,1304.98,785.36,9.33
Books & Media,TikTok,VIP,Paid,Cancelled,2,476.69,243.6,55.04
Books & Media,TikTok,VIP,Paid,Delayed,13,1588.56,829.61,15.82
Books & Media,TikTok,VIP,Paid,Early,4,589.77,315.77,13.39
Books & Media,TikTok,VIP,Paid,On Time,54,5662.44,2806.6,24.38
Books & Media,TikTok,VIP,Pending,Delayed,1,154.67,66.64,9.42
Books & Media,TikTok,VIP,Pending,On Time,5,513.62,242.76,21.11
Books & Media,TikTok,VIP,Refunded,Cancelled,8,966.7,554.05,0.0
Books & Media,YouTube,Business,Failed,Cancelled,2,213.36,124.09,0.0
Books & Media,YouTube,Business,Paid,Cancelled,4,606.5,302.31,20.62
Books & Media,YouTube,Business,Paid,Delayed,7,1217.74,642.36,15.98
Books & Media,YouTube,Business,Paid,Early,6,608.05,289.32,27.44
Books & Media,YouTube,Business,Paid,On Time,40,4272.41,2123.71,19.6
Books & Media,YouTube,Business,Pending,Cancelled,1,75.78,30.88,14.56
Books & Media,YouTube,Business,Pending,On Time,3,315.31,158.3,10.76
Books & Media,YouTube,Business,Refunded,Cancelled,5,514.13,291.37,0.0
Books & Media,YouTube,Consumer,Failed,Cancelled,23,2363.1,1324.41,3.22
Books & Media,YouTube,Consumer,Paid,Cancelled,9,1052.05,551.81,15.69
Books & Media,YouTube,Consumer,Paid,Delayed,68,7621.84,3806.37,19.43
Books & Media,YouTube,Consumer,Paid,Early,30,3706.5,1725.27,25.64
Books & Media,YouTube,Consumer,Paid,On Time,259,26577.22,13578.52,17.5
Books & Media,YouTube,Consumer,Pending,Cancelled,7,1026.88,611.39,23.97
Books & Media,YouTube,Consumer,Pending,Delayed,10,848.73,454.47,8.01
Books & Media,YouTube,Consumer,Pending,Early,1,62.97,39.43,2.05
Books & Media,YouTube,Consumer,Pending,On Time,26,2673.34,1439.9,11.69
Books & Media,YouTube,Consumer,Refunded,Cancelled,29,2551.31,1476.17,1.47
Books & Media,YouTube,Premium,Failed,Cancelled,14,1308.31,713.96,9.34
Books & Media,YouTube,Premium,Paid,Delayed,21,2078.78,1043.33,22.63
Books & Media,YouTube,Premium,Paid,Early,14,1464.25,754.1,23.53
Books & Media,YouTube,Premium,Paid,On Time,109,11371.11,5866.96,21.14
Books & Media,YouTube,Premium,Pending,Cancelled,2,196.43,102.99,11.38
Books & Media,YouTube,Premium,Pending,Delayed,2,292.35,160.54,16.71
Books & Media,YouTube,Premium,Pending,On Time,7,676.0,362.03,7.02
Books & Media,YouTube,Premium,Refunded,Cancelled,9,674.8,383.19,0.0
Books & Media,YouTube,VIP,Failed,Cancelled,6,462.52,234.5,8.21
Books & Media,YouTube,VIP,Paid,Cancelled,2,240.07,146.23,11.6
Books & Media,YouTube,VIP,Paid,Delayed,6,585.79,263.56,40.65
Books & Media,YouTube,VIP,Paid,Early,8,1356.42,702.54,48.09
Books & Media,YouTube,VIP,Paid,On Time,47,4726.19,2362.43,23.52
Books & Media,YouTube,VIP,Pending,Cancelled,1,40.95,22.01,1.25
Books & Media,YouTube,VIP,Pending,Delayed,5,560.65,260.53,27.38
Books & Media,YouTube,VIP,Pending,On Time,4,584.01,261.62,57.6
Books & Media,YouTube,VIP,Refunded,Cancelled,5,335.66,188.85,0.0
Electronics,Affiliate,Business,Failed,Cancelled,12,19266.08,8443.26,19.72
Electronics,Affiliate,Business,Paid,Cancelled,5,8254.99,2752.97,317.15
Electronics,Affiliate,Business,Paid,Delayed,12,20858.17,6842.26,324.67
Electronics,Affiliate,Business,Paid,Early,7,18781.63,8051.03,115.25
Electronics,Affiliate,Business,Paid,On Time,65,130397.72,42175.89,377.16
Electronics,Affiliate,Business,Pending,Cancelled,1,474.02,109.66,90.92
Electronics,Affiliate,Business,Pending,Early,2,2125.78,916.92,156.89
Electronics,Affiliate,Business,Pending,On Time,8,12261.0,4947.43,161.31
Electronics,Affiliate,Business,Refunded,Cancelled,6,6022.41,2527.03,27.75
Electronics,Affiliate,Consumer,Failed,Cancelled,41,87057.36,36678.14,91.71
Electronics,Affiliate,Consumer,Paid,Cancelled,12,13085.26,3991.42,272.06
Electronics,Affiliate,Consumer,Paid,Delayed,84,127322.59,41580.79,276.93
Electronics,Affiliate,Consumer,Paid,Early,37,74090.05,27533.6,266.45
Electronics,Affiliate,Consumer,Paid,On Time,366,643913.6,218011.26,290.65
Electronics,Affiliate,Consumer,Pending,Cancelled,7,11237.29,3915.59,169.96
Electronics,Affiliate,Consumer,Pending,Delayed,5,3821.98,1344.96,115.48
Electronics,Affiliate,Consumer,Pending,Early,6,5621.05,2072.0,120.1
Electronics,Affiliate,Consumer,Pending,On Time,38,78601.43,26933.69,278.93
Electronics,Affiliate,Consumer,Refunded,Cancelled,48,91991.23,42406.9,33.8
Electronics,Affiliate,Premium,Failed,Cancelled,22,41112.19,17849.67,110.0
Electronics,Affiliate,Premium,Paid,Cancelled,7,14432.11,5229.87,330.6
Electronics,Affiliate,Premium,Paid,Delayed,24,41085.41,13978.66,344.62
Electronics,Affiliate,Premium,Paid,Early,11,15832.98,4813.53,303.68
Electronics,Affiliate,Premium,Paid,On Time,160,266886.93,81899.38,362.38
Electronics,Affiliate,Premium,Pending,Cancelled,4,8021.42,1973.71,536.16
Electronics,Affiliate,Premium,Pending,Delayed,2,2798.99,-328.06,1005.46
Electronics,Affiliate,Premium,Pending,Early,3,8827.59,3413.29,446.72
Electronics,Affiliate,Premium,Pending,On Time,16,31671.42,12546.09,244.04
Electronics,Affiliate,Premium,Refunded,Cancelled,21,38633.86,18294.37,0.0
Electronics,Affiliate,VIP,Failed,Cancelled,10,17778.87,7330.9,6.18
Electronics,Affiliate,VIP,Paid,Cancelled,2,1161.59,433.23,135.88
Electronics,Affiliate,VIP,Paid,Delayed,11,13398.14,4202.7,254.56
Electronics,Affiliate,VIP,Paid,Early,7,15101.2,5278.44,359.32
Electronics,Affiliate,VIP,Paid,On Time,75,142043.46,43566.24,348.34
Electronics,Affiliate,VIP,Pending,Cancelled,2,2437.6,449.43,810.4
Electronics,Affiliate,VIP,Pending,On Time,11,21042.87,6241.54,511.79
Electronics,Affiliate,VIP,Refunded,Cancelled,5,6843.42,3137.59,0.0
Electronics,Direct,Business,Failed,Cancelled,28,55914.63,22783.07,83.92
Electronics,Direct,Business,Paid,Cancelled,5,6944.57,2677.27,124.82
Electronics,Direct,Business,Paid,Delayed,35,55812.26,20936.76,225.14
Electronics,Direct,Business,Paid,Early,28,47125.73,15878.73,272.19
Electronics,Direct,Business,Paid,On Time,198,338326.3,120382.68,252.41
Electronics,Direct,Business,Pending,Cancelled,5,6867.28,1741.53,271.17
Electronics,Direct,Business,Pending,Delayed,5,12338.85,4911.16,435.38
Electronics,Direct,Business,Pending,Early,3,5589.58,793.88,594.47
Electronics,Direct,Business,Pending,On Time,20,38840.12,9866.68,546.66
Electronics,Direct,Business,Refunded,Cancelled,25,41984.02,19464.29,0.1
Electronics,Direct,Consumer,Failed,Cancelled,148,251874.42,106668.38,84.36
Electronics,Direct,Consumer,Paid,Cancelled,18,28685.99,9727.14,351.92
Electronics,Direct,Consumer,Paid,Delayed,204,335674.48,116254.25,280.37
Electronics,Direct,Consumer,Paid,Early,121,206112.14,74250.12,255.25
Electronics,Direct,Consumer,Paid,On Time,1091,1842701.83,634853.28,285.78
Electronics,Direct,Consumer,Pending,Cancelled,22,41130.09,13454.79,360.23
Electronics,Direct,Consumer,Pending,Delayed,18,24589.09,8752.22,236.83
Electronics,Direct,Consumer,Pending,Early,18,17349.56,6933.28,119.65
Electronics,Direct,Consumer,Pending,On Time,140,229219.54,74825.89,326.9
Electronics,Direct,Consumer,Refunded,Cancelled,130,220768.27,96995.05,4.15
Electronics,Direct,Premium,Failed,Cancelled,57,84419.05,36460.02,54.95
Electronics,Direct,Premium,Paid,Cancelled,8,20573.8,5942.82,663.63
Electronics,Direct,Premium,Paid,Delayed,102,156501.21,45823.97,357.27
Electronics,Direct,Premium,Paid,Early,45,64987.09,19945.18,331.83
Electronics,Direct,Premium,Paid,On Time,525,864411.07,264043.96,370.62
Electronics,Direct,Premium,Pending,Cancelled,23,38765.49,14449.83,228.55
Electronics,Direct,Premium,Pending,Delayed,9,16882.29,5739.06,353.63
Electronics,Direct,Premium,Pending,Early,7,10813.74,4257.01,247.64
Electronics,Direct,Premium,Pending,On Time,61,98303.86,29482.59,351.31
Electronics,Direct,Premium,Refunded,Cancelled,71,138887.7,60214.75,66.84
Electronics,Direct,VIP,Failed,Cancelled,29,48846.45,21779.27,38.51
Electronics,Direct,VIP,Paid,Cancelled,6,13471.4,4569.4,594.93
Electronics,Direct,VIP,Paid,Delayed,40,63925.06,19977.24,334.62
Electronics,Direct,VIP,Paid,Early,24,35880.79,9606.26,399.67
Electronics,Direct,VIP,Paid,On Time,197,346981.17,110933.85,377.43
Electronics,Direct,VIP,Pending,Cancelled,8,16055.55,6554.61,246.6
Electronics,Direct,VIP,Pending,Delayed,3,1993.75,710.66,117.44
Electronics,Direct,VIP,Pending,On Time,16,23998.05,6685.76,493.89
Electronics,Direct,VIP,Refunded,Cancelled,28,49143.59,21418.06,41.9
Electronics,Email Marketing,Business,Failed,Cancelled,12,39008.36,15473.71,300.37
Electronics,Email Marketing,Business,Paid,Cancelled,2,1537.48,480.13,141.14
Electronics,Email Marketing,Business,Paid,Delayed,26,48165.1,13812.54,494.52
Electronics,Email Marketing,Business,Paid,Early,15,27967.71,9865.36,308.4
Electronics,Email Marketing,Business,Paid,On Time,106,179782.12,56258.15,349.53
Electronics,Email Marketing,Business,Pending,Cancelled,3,6283.02,1427.62,919.7
Electronics,Email Marketing,Business,Pending,Delayed,3,7720.19,2507.66,358.93
Electronics,Email Marketing,Business,Pending,Early,3,6075.6,2230.47,102.63
Electronics,Email Marketing,Business,Pending,On Time,11,28691.83,9230.12,364.19
Electronics,Email Marketing,Business,Refunded,Cancelled,8,9649.96,4666.12,0.0
Electronics,Email Marketing,Consumer,Failed,Cancelled,80,130114.33,58489.52,53.7
Electronics,Email Marketing,Consumer,Paid,Cancelled,16,20842.31,7876.95,115.41
Electronics,Email Marketing,Consumer,Paid,Delayed,111,173959.07,59921.67,260.57
Electronics,Email Marketing,Consumer,Paid,Early,64,111887.51,38457.03,330.03
Electronics,Email Marketing,Consumer,Paid,On Time,611,1071692.43,364346.95,287.63
Electronics,Email Marketing,Consumer,Pending,Cancelled,29,41862.44,13761.03,269.69
Electronics,Email Marketing,Consumer,Pending,Delayed,9,22123.42,6874.15,450.33
Electronics,Email Marketing,Consumer,Pending,Early,9,15642.32,5733.44,276.32
Electronics,Email Marketing,Consumer,Pending,On Time,67,110917.51,38246.87,246.73
Electronics,Email Marketing,Consumer,Refunded,Cancelled,74,126745.55,55077.86,23.72
Electronics,Email Marketing,Premium,Failed,Cancelled,29,48445.88,21173.63,76.96
Electronics,Email Marketing,Premium,Paid,Cancelled,6,8907.52,1959.91,529.01
Electronics,Email Marketing,Premium,Paid,Delayed,50,91021.66,30561.33,381.22
Electronics,Email Marketing,Premium,Paid,Early,39,67902.57,22399.7,332.39
Electronics,Email Marketing,Premium,Paid,On Time,285,472403.71,138425.39,379.65
Electronics,Email Marketing,Premium,Pending,Cancelled,15,21990.49,6334.63,308.08
Electronics,Email Marketing,Premium,Pending,Delayed,8,17463.61,4700.0,556.38
Electronics,Email Marketing,Premium,Pending,Early,3,4024.17,1417.28,124.76
Electronics,Email Marketing,Premium,Pending,On Time,38,64430.84,22100.17,299.91
Electronics,Email Marketing,Premium,Refunded,Cancelled,35,61688.11,27199.4,14.24
Electronics,Email Marketing,VIP,Failed,Cancelled,17,37273.87,13916.52,197.64
Electronics,Email Marketing,VIP,Paid,Cancelled,3,5791.55,948.2,878.97
Electronics,Email Marketing,VIP,Paid,Delayed,22,34725.73,11568.01,341.45
Electronics,Email Marketing,VIP,Paid,Early,13,26698.13,6333.06,692.6
Electronics,Email Marketing,VIP,Paid,On Time,118,194688.77,59954.46,363.61
Electronics,Email Marketing,VIP,Pending,Cancelled,1,1037.21,-25.09,748.66
Electronics,Email Marketing,VIP,Pending,Delayed,1,1494.57,481.34,136.86
Electronics,Email Marketing,VIP,Pending,Early,2,2370.69,363.11,401.22
Electronics,Email Marketing,VIP,Pending,On Time,17,31325.63,7901.58,456.51
Electronics,Email Marketing,VIP,Refunded,Cancelled,11,15650.49,6787.04,0.0
Electronics,Facebook Ads,Business,Failed,Cancelled,36,51828.44,22420.79,57.14
Electronics,Facebook Ads,Business,Paid,Cancelled,7,13076.19,4095.7,392.29
Electronics,Facebook Ads,Business,Paid,Delayed,38,69619.18,20128.14,350.02
Electronics,Facebook Ads,Business,Paid,Early,17,31992.86,11125.96,384.38
Electronics,Facebook Ads,Business,Paid,On Time,168,300447.25,100022.65,325.17
Electronics,Facebook Ads,Business,Pending,Cancelled,7,7167.13,2029.08,304.93
Electronics,Facebook Ads,Business,Pending,Delayed,3,9047.65,3306.1,447.83
Electronics,Facebook Ads,Business,Pending,Early,3,5590.53,1454.86,689.01
Electronics,Facebook Ads,Business,Pending,On Time,15,24312.13,7978.27,397.62
Electronics,Facebook Ads,Business,Refunded,Cancelled,17,30488.27,13577.25,0.0
Electronics,Facebook Ads,Consumer,Failed,Cancelled,135,228718.21,97001.6,68.84
Electronics,Facebook Ads,Consumer,Paid,Cancelled,21,37717.83,14845.16,232.66
Electronics,Facebook Ads,Consumer,Paid,Delayed,173,268691.01,91364.06,250.9
Electronics,Facebook Ads,Consumer,Paid,Early,95,149973.13,53021.17,242.69
Electronics,Facebook Ads,Consumer,Paid,On Time,869,1452070.17,506933.59,283.25
Electronics,Facebook Ads,Consumer,Pending,Cancelled,31,46378.35,16715.76,190.31
Electronics,Facebook Ads,Consumer,Pending,Delayed,17,28630.71,10188.9,162.21
Electronics,Facebook Ads,Consumer,Pending,Early,12,21082.0,7013.87,264.8
Electronics,Facebook Ads,Consumer,Pending,On Time,94,153495.92,47611.42,338.97
Electronics,Facebook Ads,Consumer,Refunded,Cancelled,112,205311.89,92077.53,8.88
Electronics,Facebook Ads,Premium,Failed,Cancelled,56,100032.34,43379.79,63.29
Electronics,Facebook Ads,Premium,Paid,Cancelled,12,20414.42,5058.01,473.55
Electronics,Facebook Ads,Premium,Paid,Delayed,70,110497.22,36862.74,289.38
Electronics,Facebook Ads,Premium,Paid,Early,61,101923.86,32730.08,337.38
Electronics,Facebook Ads,Premium,Paid,On Time,431,725687.7,211694.31,397.01
Electronics,Facebook Ads,Premium,Pending,Cancelled,14,39410.95,11784.91,613.13
Electronics,Facebook Ads,Premium,Pending,Delayed,6,10897.46,3857.72,292.59
Electronics,Facebook Ads,Premium,Pending,Early,2,2717.42,1179.08,219.05
Electronics,Facebook Ads,Premium,Pending,On Time,50,76679.79,22300.77,407.0
Electronics,Facebook Ads,Premium,Refunded,Cancelled,57,132097.95,61289.06,6.44
Electronics,Facebook Ads,VIP,Failed,Cancelled,17,32434.63,14005.05,33.29
Electronics,Facebook Ads,VIP,Paid,Cancelled,6,10979.82,3842.64,342.11
Electronics,Facebook Ads,VIP,Paid,Delayed,27,42790.46,13259.22,351.1
Electronics,Facebook Ads,VIP,Paid,Early,21,36278.87,8038.96,525.61
Electronics,Facebook Ads,VIP,Paid,On Time,176,303620.55,86395.38,436.11
Electronics,Facebook Ads,VIP,Pending,Cancelled,10,15416.26,2454.97,597.68
Electronics,Facebook Ads,VIP,Pending,Delayed,6,10874.31,2196.86,679.3
Electronics,Facebook Ads,VIP,Pending,Early,2,1545.29,621.4,158.56
Electronics,Facebook Ads,VIP,Pending,On Time,24,32142.03,9173.28,355.78
Electronics,Facebook Ads,VIP,Refunded,Cancelled,28,57775.17,26681.63,0.51
Electronics,Google Ads,Business,Failed,Cancelled,31,62280.22,24550.03,71.48
Electronics,Google Ads,Business,Paid,Cancelled,10,13439.67,4353.76,314.52
Electronics,Google Ads,Business,Paid,Delayed,28,44197.53,13920.38,257.63
Electronics,Google Ads,Business,Paid,Early,25,30807.3,10658.97,203.35
Electronics,Google Ads,Business,Paid,On Time,208,372162.52,122611.77,339.75
Electronics,Google Ads,Business,Pending,Cancelled,5,8408.2,1553.62,551.96
Electronics,Google Ads,Business,Pending,Delayed,2,3838.07,1226.62,159.23
Electronics,Google Ads,Business,Pending,Early,5,9852.71,4064.98,304.97
Electronics,Google Ads,Business,Pending,On Time,27,44709.91,16029.75,259.17
Electronics,Google Ads,Business,Refunded,Cancelled,25,40175.82,19125.46,8.63
Electronics,Google Ads,Consumer,Failed,Cancelled,123,215882.4,93913.31,52.44
Electronics,Google Ads,Consumer,Paid,Cancelled,36,66807.27,22675.62,361.51
Electronics,Google Ads,Consumer,Paid,Delayed,226,361880.11,124527.13,269.87
Electronics,Google Ads,Consumer,Paid,Early,136,238948.39,78829.5,305.79
Electronics,Google Ads,Consumer,Paid,On Time,1088,1853014.72,615823.85,310.91
Electronics,Google Ads,Consumer,Pending,Cancelled,32,53238.83,16972.53,265.93
Electronics,Google Ads,Consumer,Pending,Delayed,33,56742.22,16290.82,467.7
Electronics,Google Ads,Consumer,Pending,Early,15,24675.89,7851.65,288.53
Electronics,Google Ads,Consumer,Pending,On Time,133,233643.15,76917.71,338.47
Electronics,Google Ads,Consumer,Refunded,Cancelled,119,223602.8,99861.95,25.02
Electronics,Google Ads,Premium,Failed,Cancelled,72,109325.49,44985.3,108.09
Electronics,Google Ads,Premium,Paid,Cancelled,14,23863.81,6980.32,322.9
Electronics,Google Ads,Premium,Paid,Delayed,101,170085.07,48560.96,440.07
Electronics,Google Ads,Premium,Paid,Early,61,101874.88,28845.13,440.16
Electronics,Google Ads,Premium,Paid,On Time,538,879734.9,248044.58,416.23
Electronics,Google Ads,Premium,Pending,Cancelled,21,37401.36,12091.47,382.58
Electronics,Google Ads,Premium,Pending,Delayed,15,31350.75,10340.57,391.64
Electronics,Google Ads,Premium,Pending,Early,10,20144.2,3350.35,672.19
Electronics,Google Ads,Premium,Pending,On Time,58,96640.02,26673.09,412.98
Electronics,Google Ads,Premium,Refunded,Cancelled,70,114880.52,50766.73,60.45
Electronics,Google Ads,VIP,Failed,Cancelled,29,42361.76,19103.57,32.46
Electronics,Google Ads,VIP,Paid,Cancelled,2,2708.32,349.23,556.07
Electronics,Google Ads,VIP,Paid,Delayed,43,69325.33,20481.28,321.53
Electronics,Google Ads,VIP,Paid,Early,16,26589.56,10547.67,200.14
Electronics,Google Ads,VIP,Paid,On Time,230,387851.14,120902.13,397.29
Electronics,Google Ads,VIP,Pending,Cancelled,4,5933.65,1649.97,477.38
Electronics,Google Ads,VIP,Pending,Delayed,2,1346.21,204.42,279.58
Electronics,Google Ads,VIP,Pending,Early,3,1873.92,672.05,122.29
Electronics,Google Ads,VIP,Pending,On Time,16,25026.42,5643.82,585.81
Electronics,Google Ads,VIP,Refunded,Cancelled,28,45012.02,20345.32,52.62
Electronics,Instagram,Business,Failed,Cancelled,13,17753.4,6241.56,228.26
Electronics,Instagram,Business,Paid,Cancelled,6,8996.3,1834.81,723.04
Electronics,Instagram,Business,Paid,Delayed,29,49523.27,18473.52,199.64
Electronics,Instagram,Business,Paid,Early,14,27364.23,9454.81,477.63
Electronics,Instagram,Business,Paid,On Time,125,224947.9,71266.43,365.99
Electronics,Instagram,Business,Pending,Cancelled,5,8922.87,2224.21,428.29
Electronics,Instagram,Business,Pending,Delayed,2,1242.68,632.11,19.24
Electronics,Instagram,Business,Pending,Early,4,9725.66,3055.05,264.71
Electronics,Instagram,Business,Pending,On Time,13,20336.62,8271.82,253.95
Electronics,Instagram,Business,Refunded,Cancelled,13,25934.04,12993.63,0.0
Electronics,Instagram,Consumer,Failed,Cancelled,96,190870.33,81084.98,93.54
Electronics,Instagram,Consumer,Paid,Cancelled,19,42589.01,15364.72,363.77
Electronics,Instagram,Consumer,Paid,Delayed,164,270609.41,93844.85,270.73
Electronics,Instagram,Consumer,Paid,Early,72,123312.53,44939.81,206.79
Electronics,Instagram,Consumer,Paid,On Time,756,1225402.21,416493.79,293.25
Electronics,Instagram,Consumer,Pending,Cancelled,32,44808.98,16790.28,164.0
Electronics,Instagram,Consumer,Pending,Delayed,17,27190.54,10450.59,263.23
Electronics,Instagram,Consumer,Pending,Early,9,13851.71,5023.04,205.65
Electronics,Instagram,Consumer,Pending,On Time,83,138052.64,49293.92,243.95
Electronics,Instagram,Consumer,Refunded,Cancelled,89,154209.7,70860.77,20.63
Electronics,Instagram,Premium,Failed,Cancelled,45,83201.14,34989.4,90.32
Electronics,Instagram,Premium,Paid,Cancelled,9,20947.95,6803.24,421.44
Electronics,Instagram,Premium,Paid,Delayed,62,107256.88,27791.4,467.64
Electronics,Instagram,Premium,Paid,Early,42,67202.82,23322.12,285.78
Electronics,Instagram,Premium,Paid,On Time,354,595785.57,174769.7,422.83
Electronics,Instagram,Premium,Pending,Cancelled,7,7345.42,2416.58,180.62
Electronics,Instagram,Premium,Pending,Delayed,5,4643.73,1299.39,275.71
Electronics,Instagram,Premium,Pending,Early,6,11490.46,2704.07,464.95
Electronics,Instagram,Premium,Pending,On Time,30,50760.39,16770.08,317.68
Electronics,Instagram,Premium,Refunded,Cancelled,37,70427.16,31821.13,6.78
Electronics,Instagram,VIP,Failed,Cancelled,21,46485.91,19850.03,78.72
Electronics,Instagram,VIP,Paid,Cancelled,5,8938.31,1315.49,738.38
Electronics,Instagram,VIP,Paid,Delayed,26,61364.82,18772.78,382.91
Electronics,Instagram,VIP,Paid,Early,15,21932.69,5874.54,465.22
Electronics,Instagram,VIP,Paid,On Time,144,241211.73,76645.18,346.23
Electronics,Instagram,VIP,Pending,Cancelled,7,8806.95,2691.75,380.9
Electronics,Instagram,VIP,Pending,Delayed,2,5466.35,1466.34,490.54
Electronics,Instagram,VIP,Pending,On Time,22,33493.13,10198.97,451.73
Electronics,Instagram,VIP,Refunded,Cancelled,20,28238.16,12882.64,0.0
Electronics,Organic Search,Business,Failed,Cancelled,31,48258.07,20963.85,28.02
Electronics,Organic Search,Business,Paid,Cancelled,7,7387.5,2689.34,232.36
Electronics,Organic Search,Business,Paid,Delayed,63,126945.59,41888.93,314.01
Electronics,Organic Search,Business,Paid,Early,21,42316.86,15664.41,330.98
Electronics,Organic Search,Business,Paid,On Time,276,448407.0,147839.36,317.73
Electronics,Organic Search,Business,Pending,Cancelled,14,19857.96,5184.77,328.28
Electronics,Organic Search,Business,Pending,Delayed,7,9650.84,3687.82,154.08
Electronics,Organic Search,Business,Pending,Early,3,6955.1,2635.72,283.38
Electronics,Organic Search,Business,Pending,On Time,20,37655.26,14657.99,248.52
Electronics,Organic Search,Business,Refunded,Cancelled,38,67305.46,29000.81,7.05
Electronics,Organic Search,Consumer,Failed,Cancelled,192,319554.49,138438.58,64.24
Electronics,Organic Search,Consumer,Paid,Cancelled,43,56366.49,21610.39,170.37
Electronics,Organic Search,Consumer,Paid,Delayed,313,530073.42,178743.73,301.2
Electronics,Organic Search,Consumer,Paid,Early,178,320440.81,107909.45,335.9
Electronics,Organic Search,Consumer,Paid,On Time,1550,2552612.35,867837.21,286.24
Electronics,Organic Search,Consumer,Pending,Cancelled,44,90548.45,29668.3,298.48
Electronics,Organic Search,Consumer,Pending,Delayed,30,62916.21,21417.63,310.11
Electronics,Organic Search,Consumer,Pending,Early,19,32001.61,11890.33,285.57
Electronics,Organic Search,Consumer,Pending,On Time,154,258584.9,82451.24,322.17
Electronics,Organic Search,Consumer,Refunded,Cancelled,208,386058.39,172272.31,12.49
Electronics,Organic Search,Premium,Failed,Cancelled,95,175832.42,75255.12,67.45
Electronics,Organic Search,Premium,Paid,Cancelled,23,41989.9,14536.95,254.82
Electronics,Organic Search,Premium,Paid,Delayed,131,201048.08,59769.45,358.12
Electronics,Organic Search,Premium,Paid,Early,78,145627.22,47084.67,395.71
Electronics,Organic Search,Premium,Paid,On Time,687,1171342.33,350034.42,415.21
Electronics,Organic Search,Premium,Pending,Cancelled,25,40844.13,12680.12,332.28
Electronics,Organic Search,Premium,Pending,Delayed,18,39058.64,13459.75,437.65
Electronics,Organic Search,Premium,Pending,Early,11,20084.25,7195.57,216.02
Electronics,Organic Search,Premium,Pending,On Time,74,122582.95,34278.07,450.29
Electronics,Organic Search,Premium,Refunded,Cancelled,99,166533.45,70017.34,54.08
Electronics,Organic Search,VIP,Failed,Cancelled,45,77419.18,30318.37,138.23
Electronics,Organic Search,VIP,Paid,Cancelled,5,4805.95,1543.13,208.88
Electronics,Organic Search,VIP,Paid,Delayed,59,91737.14,27948.36,346.12
Electronics,Organic Search,VIP,Paid,Early,36,60124.45,20478.02,307.15
Electronics,Organic Search,VIP,Paid,On Time,254,437149.54,128293.52,413.41
Electronics,Organic Search,VIP,Pending,Cancelled,8,6210.38,1982.3,136.46
Electronics,Organic Search,VIP,Pending,Delayed,3,2708.21,894.1,179.36
Electronics,Organic Search,VIP,Pending,On Time,34,54023.48,18945.84,344.64
Electronics,Organic Search,VIP,Refunded,Cancelled,26,62959.82,28357.67,22.1
Electronics,Referral,Business,Failed,Cancelled,16,33221.4,13355.22,140.56
Electronics,Referral,Business,Paid,Cancelled,5,6487.33,1438.64,359.45
Electronics,Referral,Business,Paid,Delayed,20,33133.79,12386.07,235.3
Electronics,Referral,Business,Paid,Early,13,18378.63,6335.75,318.71
Electronics,Referral,Business,Paid,On Time,96,171414.54,57058.87,299.63
Electronics,Referral,Business,Pending,Cancelled,5,9495.17,2157.64,634.44
Electronics,Referral,Business,Pending,Delayed,1,772.51,321.64,145.84
Electronics,Referral,Business,Pending,On Time,12,21086.31,8816.98,199.18
Electronics,Referral,Business,Refunded,Cancelled,14,24943.43,11625.87,10.9
Electronics,Referral,Consumer,Failed,Cancelled,93,178185.97,79526.93,40.19
Electronics,Referral,Consumer,Paid,Cancelled,17,28046.78,9979.32,269.35
Electronics,Referral,Consumer,Paid,Delayed,137,248784.6,84852.69,314.62
Electronics,Referral,Consumer,Paid,Early,68,121027.69,42735.7,275.18
Electronics,Referral,Consumer,Paid,On Time,577,980305.62,331161.79,304.76
Electronics,Referral,Consumer,Pending,Cancelled,30,52828.85,17836.83,297.49
Electronics,Referral,Consumer,Pending,Delayed,17,28644.86,8888.64,390.69
Electronics,Referral,Consumer,Pending,Early,6,7595.23,3245.26,146.51
Electronics,Referral,Consumer,Pending,On Time,66,105014.17,36918.94,255.57
Electronics,Referral,Consumer,Refunded,Cancelled,68,117864.98,53342.76,9.68
Electronics,Referral,Premium,Failed,Cancelled,37,60651.55,24405.65,172.56
Electronics,Referral,Premium,Paid,Cancelled,4,8378.16,3467.84,289.78
Electronics,Referral,Premium,Paid,Delayed,46,81734.62,28907.39,274.57
Electronics,Referral,Premium,Paid,Early,44,70771.82,23071.89,317.84
Electronics,Referral,Premium,Paid,On Time,273,446187.57,128357.58,424.03
Electronics,Referral,Premium,Pending,Cancelled,7,9858.3,2104.24,524.22
Electronics,Referral,Premium,Pending,Delayed,4,5039.01,1596.42,181.96
Electronics,Referral,Premium,Pending,Early,3,8453.59,3676.79,169.87
Electronics,Referral,Premium,Pending,On Time,44,77645.63,21733.4,415.66
Electronics,Referral,Premium,Refunded,Cancelled,30,74429.66,32365.72,0.0
Electronics,Referral,VIP,Failed,Cancelled,16,32967.78,14453.05,32.72
Electronics,Referral,VIP,Paid,Cancelled,3,4366.53,572.15,1016.43
Electronics,Referral,VIP,Paid,Delayed,23,30518.16,8168.25,352.39
Electronics,Referral,VIP,Paid,Early,16,20698.79,6397.12,260.65
Electronics,Referral,VIP,Paid,On Time,120,205070.53,60867.24,395.12
Electronics,Referral,VIP,Pending,Cancelled,4,12101.83,2879.13,646.18
Electronics,Referral,VIP,Pending,Delayed,3,3649.16,1031.7,323.32
Electronics,Referral,VIP,Pending,Early,4,5720.54,1791.14,387.52
Electronics,Referral,VIP,Pending,On Time,15,25976.08,7894.46,542.45
Electronics,Referral,VIP,Refunded,Cancelled,13,29249.02,13931.65,0.0
Electronics,TikTok,Business,Failed,Cancelled,8,16236.62,6792.09,124.74
Electronics,TikTok,Business,Paid,Cancelled,1,819.89,261.52,280.32
Electronics,TikTok,Business,Paid,Delayed,12,21283.53,6393.77,255.88
Electronics,TikTok,Business,Paid,Early,6,6090.06,1827.64,187.65
Electronics,TikTok,Business,Paid,On Time,49,90507.86,32186.28,289.41
Electronics,TikTok,Business,Pending,Cancelled,4,3828.6,1363.6,115.19
Electronics,TikTok,Business,Pending,Delayed,1,1861.22,845.18,45.57
Electronics,TikTok,Business,Pending,On Time,3,3663.49,1505.17,110.7
Electronics,TikTok,Business,Refunded,Cancelled,9,15632.44,6724.62,0.0
Electronics,TikTok,Consumer,Failed,Cancelled,38,70845.01,30966.33,36.68
Electronics,TikTok,Consumer,Paid,Cancelled,11,13973.01,5854.39,124.12
Electronics,TikTok,Consumer,Paid,Delayed,59,106855.13,35358.38,336.19
Electronics,TikTok,Consumer,Paid,Early,37,47003.27,16003.57,196.29
Electronics,TikTok,Consumer,Paid,On Time,331,535456.82,181821.74,287.64
Electronics,TikTok,Consumer,Pending,Cancelled,13,20852.2,7165.5,326.85
Electronics,TikTok,Consumer,Pending,Delayed,6,10606.19,4753.99,179.13
Electronics,TikTok,Consumer,Pending,Early,4,8730.3,3322.13,229.45
Electronics,TikTok,Consumer,Pending,On Time,30,52435.09,18635.34,215.26
Electronics,TikTok,Consumer,Refunded,Cancelled,33,71720.83,30924.61,45.47
Electronics,TikTok,Premium,Failed,Cancelled,25,45531.48,19366.45,96.0
Electronics,TikTok,Premium,Paid,Cancelled,3,3277.57,1247.34,107.75
Electronics,TikTok,Premium,Paid,Delayed,20,23286.79,6249.31,340.76
Electronics,TikTok,Premium,Paid,Early,13,16849.52,3855.38,451.64
Electronics,TikTok,Premium,Paid,On Time,130,211858.59,64048.33,384.69
Electronics,TikTok,Premium,Pending,Cancelled,3,5925.18,2341.22,220.73
Electronics,TikTok,Premium,Pending,Early,2,2004.7,621.56,195.54
Electronics,TikTok,Premium,Pending,On Time,16,16182.18,3611.36,326.74
Electronics,TikTok,Premium,Refunded,Cancelled,16,31404.73,14305.96,92.07
Electronics,TikTok,VIP,Failed,Cancelled,5,16919.41,7213.19,177.46
Electronics,TikTok,VIP,Paid,Cancelled,1,2671.45,315.25,642.76
Electronics,TikTok,VIP,Paid,Delayed,5,8345.27,2918.1,420.68
Electronics,TikTok,VIP,Paid,Early,4,4436.42,1486.79,200.29
Electronics,TikTok,VIP,Paid,On Time,60,96243.1,27322.68,440.93
Electronics,TikTok,VIP,Pending,On Time,5,11546.76,5304.07,207.97
Electronics,TikTok,VIP,Refunded,Cancelled,6,9731.11,4957.27,0.0
Electronics,YouTube,Business,Failed,Cancelled,3,6673.78,2959.18,0.0
Electronics,YouTube,Business,Paid,Cancelled,3,5221.14,1921.59,247.6
Electronics,YouTube,Business,Paid,Delayed,9,20454.29,7551.81,268.03
Electronics,YouTube,Business,Paid,Early,6,10265.21,3546.71,389.89
Electronics,YouTube,Business,Paid,On Time,47,77883.92,24471.74,336.1
Electronics,YouTube,Business,Pending,Cancelled,1,2109.35,840.67,0.0
Electronics,YouTube,Business,Pending,On Time,7,16043.16,5613.37,115.22
Electronics,YouTube,Business,Refunded,Cancelled,5,14020.94,6134.05,0.0
Electronics,YouTube,Consumer,Failed,Cancelled,31,47318.6,20461.91,48.99
Electronics,YouTube,Consumer,Paid,Cancelled,2,6466.06,2732.5,221.39
Electronics,YouTube,Consumer,Paid,Delayed,39,76115.09,29754.94,225.99
Electronics,YouTube,Consumer,Paid,Early,23,29065.11,9312.38,308.75
Electronics,YouTube,Consumer,Paid,On Time,228,375472.95,124770.82,306.69
Electronics,YouTube,Consumer,Pending,Cancelled,6,9592.84,3128.21,426.6
Electronics,YouTube,Consumer,Pending,Delayed,6,9130.3,3497.88,69.26
Electronics,YouTube,Consumer,Pending,On Time,20,43058.79,16639.6,294.71
Electronics,YouTube,Consumer,Refunded,Cancelled,27,39583.11,17761.79,30.04
Electronics,YouTube,Premium,Failed,Cancelled,17,24594.68,10339.68,78.32
Electronics,YouTube,Premium,Paid,Cancelled,6,6204.98,2639.63,76.56
Electronics,YouTube,Premium,Paid,Delayed,18,27350.35,9368.19,284.26
Electronics,YouTube,Premium,Paid,Early,9,19318.38,4193.34,823.0
Electronics,YouTube,Premium,Paid,On Time,102,173446.58,59092.95,309.78
Electronics,YouTube,Premium,Pending,Cancelled,3,3222.91,1032.86,325.98
Electronics,YouTube,Premium,Pending,Early,3,6126.03,1419.33,831.75
Electronics,YouTube,Premium,Pending,On Time,9,10312.67,2296.64,344.86
Electronics,YouTube,Premium,Refunded,Cancelled,11,24942.93,11434.43,0.0
Electronics,YouTube,VIP,Failed,Cancelled,6,7381.09,3372.49,0.0
Electronics,YouTube,VIP,Paid,Cancelled,2,1818.6,619.45,166.64
Electronics,YouTube,VIP,Paid,Delayed,6,7326.23,2041.09,303.12
Electronics,YouTube,VIP,Paid,Early,3,4566.84,1311.0,500.46
Electronics,YouTube,VIP,Paid,On Time,48,85987.15,25954.79,455.48
Electronics,YouTube,VIP,Pending,Delayed,4,4757.94,1715.31,254.33
Electronics,YouTube,VIP,Pending,Early,1,608.74,177.27,154.63
Electronics,YouTube,VIP,Pending,On Time,5,5450.47,1734.89,375.62
Electronics,YouTube,VIP,Refunded,Cancelled,4,5854.38,2565.08,0.0
Fashion,Affiliate,Business,Failed,Cancelled,7,2805.58,1763.9,0.0
Fashion,Affiliate,Business,Paid,Cancelled,3,1044.64,545.51,188.06
Fashion,Affiliate,Business,Paid,Delayed,12,3482.84,1675.45,47.91
Fashion,Affiliate,Business,Paid,Early,6,1409.11,660.95,42.58
Fashion,Affiliate,Business,Paid,On Time,67,24831.31,11844.47,76.28
Fashion,Affiliate,Business,Pending,Cancelled,1,540.06,359.13,54.74
Fashion,Affiliate,Business,Pending,Early,1,231.81,151.97,0.68
Fashion,Affiliate,Business,Pending,On Time,6,2263.81,1301.3,27.19
Fashion,Affiliate,Business,Refunded,Cancelled,6,1496.87,899.98,0.0
Fashion,Affiliate,Consumer,Failed,Cancelled,42,14524.08,8197.31,20.5
Fashion,Affiliate,Consumer,Paid,Cancelled,9,3990.2,2299.3,74.01
Fashion,Affiliate,Consumer,Paid,Delayed,66,22191.46,10496.75,57.64
Fashion,Affiliate,Consumer,Paid,Early,36,14689.27,7224.04,63.89
Fashion,Affiliate,Consumer,Paid,On Time,355,122074.61,58895.43,54.91
Fashion,Affiliate,Consumer,Pending,Cancelled,18,7327.78,3881.89,71.0
Fashion,Affiliate,Consumer,Pending,Delayed,7,1300.77,586.61,46.93
Fashion,Affiliate,Consumer,Pending,Early,7,2468.21,1208.71,87.97
Fashion,Affiliate,Consumer,Pending,On Time,38,13245.66,6075.17,79.13
Fashion,Affiliate,Consumer,Refunded,Cancelled,27,9239.93,5270.19,9.17
Fashion,Affiliate,Premium,Failed,Cancelled,15,5573.34,3039.89,28.19
Fashion,Affiliate,Premium,Paid,Cancelled,6,1560.31,583.62,105.79
Fashion,Affiliate,Premium,Paid,Delayed,32,10674.48,5125.22,74.32
Fashion,Affiliate,Premium,Paid,Early,16,6920.49,4252.73,60.96
Fashion,Affiliate,Premium,Paid,On Time,158,51623.14,23236.59,85.16
Fashion,Affiliate,Premium,Pending,Cancelled,5,1175.39,539.76,97.86
Fashion,Affiliate,Premium,Pending,Delayed,3,1780.46,963.76,121.62
Fashion,Affiliate,Premium,Pending,Early,2,510.8,242.29,67.96
Fashion,Affiliate,Premium,Pending,On Time,16,4719.12,2377.01,45.33
Fashion,Affiliate,Premium,Refunded,Cancelled,17,5406.65,3088.77,0.0
Fashion,Affiliate,VIP,Failed,Cancelled,6,2020.33,1032.4,7.18
Fashion,Affiliate,VIP,Paid,Cancelled,1,924.62,606.87,208.53
Fashion,Affiliate,VIP,Paid,Delayed,10,3046.47,1446.93,64.31
Fashion,Affiliate,VIP,Paid,Early,4,1015.01,510.09,54.92
Fashion,Affiliate,VIP,Paid,On Time,59,21155.93,8940.61,107.68
Fashion,Affiliate,VIP,Pending,Delayed,3,1991.34,759.44,331.62
Fashion,Affiliate,VIP,Pending,On Time,10,2772.26,1003.56,94.95
Fashion,Affiliate,VIP,Refunded,Cancelled,5,1676.94,850.89,0.0
Fashion,Direct,Business,Failed,Cancelled,19,8111.51,4665.33,8.62
Fashion,Direct,Business,Paid,Cancelled,7,3123.2,1632.87,34.2
Fashion,Direct,Business,Paid,Delayed,43,13677.68,6633.99,43.8
Fashion,Direct,Business,Paid,Early,20,8992.25,4518.78,76.48
Fashion,Direct,Business,Paid,On Time,186,67983.9,33037.06,63.26
Fashion,Direct,Business,Pending,Cancelled,10,3275.88,1451.82,76.48
Fashion,Direct,Business,Pending,Delayed,3,1248.99,604.81,29.51
Fashion,Direct,Business,Pending,Early,2,630.2,302.52,17.78
Fashion,Direct,Business,Pending,On Time,24,8014.84,3648.42,77.25
Fashion,Direct,Business,Refunded,Cancelled,24,8852.42,5318.03,4.67
Fashion,Direct,Consumer,Failed,Cancelled,144,57471.84,30962.12,17.81
Fashion,Direct,Consumer,Paid,Cancelled,24,9519.0,4088.64,73.62
Fashion,Direct,Consumer,Paid,Delayed,189,61783.89,30055.16,57.5
Fashion,Direct,Consumer,Paid,Early,119,35536.7,17971.12,44.97
Fashion,Direct,Consumer,Paid,On Time,956,357462.62,176846.0,62.61
Fashion,Direct,Consumer,Pending,Cancelled,41,13536.05,6227.58,65.67
Fashion,Direct,Consumer,Pending,Delayed,21,9463.32,4933.43,48.97
Fashion,Direct,Consumer,Pending,Early,16,5240.27,2459.6,51.69
Fashion,Direct,Consumer,Pending,On Time,116,46317.48,22330.65,77.81
Fashion,Direct,Consumer,Refunded,Cancelled,129,47002.38,27505.47,3.72
Fashion,Direct,Premium,Failed,Cancelled,69,22523.83,12773.35,14.77
Fashion,Direct,Premium,Paid,Cancelled,17,5656.63,2223.34,127.18
Fashion,Direct,Premium,Paid,Delayed,90,25559.11,12424.51,66.76
Fashion,Direct,Premium,Paid,Early,41,14802.71,6667.35,74.18
Fashion,Direct,Premium,Paid,On Time,438,148349.23,66440.73,84.24
Fashion,Direct,Premium,Pending,Cancelled,14,3798.63,1903.76,46.01
Fashion,Direct,Premium,Pending,Delayed,11,4523.58,2002.55,101.53
Fashion,Direct,Premium,Pending,Early,6,1801.77,763.14,53.5
Fashion,Direct,Premium,Pending,On Time,58,21670.47,9941.37,90.48
Fashion,Direct,Premium,Refunded,Cancelled,41,13861.99,8206.77,2.45
Fashion,Direct,VIP,Failed,Cancelled,23,9425.64,4703.8,23.67
Fashion,Direct,VIP,Paid,Cancelled,5,1065.13,347.08,142.87
Fashion,Direct,VIP,Paid,Delayed,36,12526.68,5318.94,90.75
Fashion,Direct,VIP,Paid,Early,20,6319.0,2372.03,110.74
Fashion,Direct,VIP,Paid,On Time,186,66081.11,31457.69,79.64
Fashion,Direct,VIP,Pending,Cancelled,3,409.91,214.36,39.14
Fashion,Direct,VIP,Pending,Delayed,4,1911.72,758.21,96.23
Fashion,Direct,VIP,Pending,Early,2,384.72,193.47,8.18
Fashion,Direct,VIP,Pending,On Time,19,7903.4,3540.25,131.35
Fashion,Direct,VIP,Refunded,Cancelled,25,11382.68,6481.11,3.34
Fashion,Email Marketing,Business,Failed,Cancelled,19,7907.72,4243.83,28.86
Fashion,Email Marketing,Business,Paid,Cancelled,3,890.87,542.03,20.45
Fashion,Email Marketing,Business,Paid,Delayed,18,7053.72,3197.23,72.87
Fashion,Email Marketing,Business,Paid,Early,15,6901.39,2960.75,113.42
Fashion,Email Marketing,Business,Paid,On Time,121,43580.24,20706.5,78.69
Fashion,Email Marketing,Business,Pending,Cancelled,2,896.55,575.25,65.06
Fashion,Email Marketing,Business,Pending,Delayed,3,597.75,257.15,23.94
Fashion,Email Marketing,Business,Pending,Early,4,3171.84,1824.43,33.41
Fashion,Email Marketing,Business,Pending,On Time,12,2818.6,1476.08,47.79
Fashion,Email Marketing,Business,Refunded,Cancelled,9,4563.43,2570.94,0.0
Fashion,Email Marketing,Consumer,Failed,Cancelled,54,19174.3,10763.7,11.06
Fashion,Email Marketing,Consumer,Paid,Cancelled,9,4628.92,2299.29,83.77
Fashion,Email Marketing,Consumer,Paid,Delayed,89,28566.23,13362.89,68.06
Fashion,Email Marketing,Consumer,Paid,Early,57,19638.73,9232.26,57.78
Fashion,Email Marketing,Consumer,Paid,On Time,529,179097.98,90175.63,54.74
Fashion,Email Marketing,Consumer,Pending,Cancelled,17,4155.74,1836.67,53.31
Fashion,Email Marketing,Consumer,Pending,Delayed,10,3624.8,1476.44,87.98
Fashion,Email Marketing,Consumer,Pending,Early,8,2567.38,1255.47,49.62
Fashion,Email Marketing,Consumer,Pending,On Time,57,23652.61,11229.41,80.55
Fashion,Email Marketing,Consumer,Refunded,Cancelled,59,26140.94,14890.07,3.62
Fashion,Email Marketing,Premium,Failed,Cancelled,30,11560.75,6363.57,50.15
Fashion,Email Marketing,Premium,Paid,Cancelled,9,2204.87,954.53,55.78
Fashion,Email Marketing,Premium,Paid,Delayed,55,15993.43,6883.05,85.5
Fashion,Email Marketing,Premium,Paid,Early,36,12642.8,5247.99,105.29
Fashion,Email Marketing,Premium,Paid,On Time,247,86935.96,41183.35,78.86
Fashion,Email Marketing,Premium,Pending,Cancelled,5,2104.61,675.46,218.46
Fashion,Email Marketing,Premium,Pending,Delayed,10,2966.46,1474.87,64.19
Fashion,Email Marketing,Premium,Pending,Early,2,613.72,292.63,50.1
Fashion,Email Marketing,Premium,Pending,On Time,36,11270.3,5334.82,58.42
Fashion,Email Marketing,Premium,Refunded,Cancelled,29,10068.87,5831.38,3.38
Fashion,Email Marketing,VIP,Failed,Cancelled,8,3366.6,1862.42,14.47
Fashion,Email Marketing,VIP,Paid,Delayed,24,8279.35,3730.16,106.07
Fashion,Email Marketing,VIP,Paid,Early,6,2058.24,1192.86,42.02
Fashion,Email Marketing,VIP,Paid,On Time,111,40009.49,19225.46,73.48
Fashion,Email Marketing,VIP,Pending,Cancelled,3,2076.85,1053.82,173.98
Fashion,Email Marketing,VIP,Pending,Delayed,6,1403.52,744.36,47.41
Fashion,Email Marketing,VIP,Pending,Early,3,1153.65,600.46,37.98
Fashion,Email Marketing,VIP,Pending,On Time,11,3940.67,1857.07,54.07
Fashion,Email Marketing,VIP,Refunded,Cancelled,10,4163.46,2741.46,0.0
Fashion,Facebook Ads,Business,Failed,Cancelled,15,5210.25,2981.52,8.76
Fashion,Facebook Ads,Business,Paid,Cancelled,2,1122.68,616.89,16.26
Fashion,Facebook Ads,Business,Paid,Delayed,32,12756.94,5956.41,67.9
Fashion,Facebook Ads,Business,Paid,Early,15,4408.88,2167.52,36.99
Fashion,Facebook Ads,Business,Paid,On Time,153,53356.58,25886.56,61.94
Fashion,Facebook Ads,Business,Pending,Cancelled,11,4145.89,2437.04,98.64
Fashion,Facebook Ads,Business,Pending,Delayed,1,787.3,520.56,137.61
Fashion,Facebook Ads,Business,Pending,Early,3,1203.1,370.36,152.11
Fashion,Facebook Ads,Business,Pending,On Time,18,8580.72,4189.21,59.8
Fashion,Facebook Ads,Business,Refunded,Cancelled,16,3419.16,1966.11,1.39
Fashion,Facebook Ads,Consumer,Failed,Cancelled,94,35822.49,19463.03,17.41
Fashion,Facebook Ads,Consumer,Paid,Cancelled,18,5021.27,2293.84,40.94
Fashion,Facebook Ads,Consumer,Paid,Delayed,158,56530.19,26702.59,70.49
Fashion,Facebook Ads,Consumer,Paid,Early,78,24758.08,11658.52,60.27
Fashion,Facebook Ads,Consumer,Paid,On Time,772,271322.19,131799.88,63.9
Fashion,Facebook Ads,Consumer,Pending,Cancelled,22,9773.84,5005.89,68.51
Fashion,Facebook Ads,Consumer,Pending,Delayed,19,6193.91,2843.51,75.83
Fashion,Facebook Ads,Consumer,Pending,Early,9,2607.42,1243.7,29.82
Fashion,Facebook Ads,Consumer,Pending,On Time,86,34226.49,17165.75,58.35
Fashion,Facebook Ads,Consumer,Refunded,Cancelled,94,33395.3,19140.32,3.75
Fashion,Facebook Ads,Premium,Failed,Cancelled,50,19784.21,11603.57,9.93
Fashion,Facebook Ads,Premium,Paid,Cancelled,10,2900.42,1342.92,84.92
Fashion,Facebook Ads,Premium,Paid,Delayed,70,24851.05,11669.79,84.82
Fashion,Facebook Ads,Premium,Paid,Early,41,14799.36,6982.33,93.52
Fashion,Facebook Ads,Premium,Paid,On Time,351,123684.52,55713.39,84.33
Fashion,Facebook Ads,Premium,Pending,Cancelled,15,7256.17,3932.91,90.96
Fashion,Facebook Ads,Premium,Pending,Delayed,10,5362.13,2475.8,135.92
Fashion,Facebook Ads,Premium,Pending,Early,3,805.08,412.75,52.67
Fashion,Facebook Ads,Premium,Pending,On Time,38,10711.31,4836.82,67.08
Fashion,Facebook Ads,Premium,Refunded,Cancelled,45,18813.03,10631.76,1.31
Fashion,Facebook Ads,VIP,Failed,Cancelled,14,6009.6,3032.19,30.26
Fashion,Facebook Ads,VIP,Paid,Delayed,32,10948.56,5284.27,74.14
Fashion,Facebook Ads,VIP,Paid,Early,8,2236.41,939.04,92.53
Fashion,Facebook Ads,VIP,Paid,On Time,145,53184.55,25657.02,76.85
Fashion,Facebook Ads,VIP,Pending,Cancelled,4,1491.32,738.06,140.09
Fashion,Facebook Ads,VIP,Pending,Delayed,2,758.9,444.46,110.34
Fashion,Facebook Ads,VIP,Pending,Early,5,2035.32,929.66,53.13
Fashion,Facebook Ads,VIP,Pending,On Time,10,2616.08,1366.15,71.91
Fashion,Facebook Ads,VIP,Refunded,Cancelled,13,3869.49,2247.48,0.0
Fashion,Google Ads,Business,Failed,Cancelled,30,9436.21,5271.35,11.37
Fashion,Google Ads,Business,Paid,Cancelled,6,1625.73,819.15,36.06
Fashion,Google Ads,Business,Paid,Delayed,30,11730.14,5898.12,84.42
Fashion,Google Ads,Business,Paid,Early,16,5347.62,2722.07,42.73
Fashion,Google Ads,Business,Paid,On Time,165,61628.68,30926.42,56.19
Fashion,Google Ads,Business,Pending,Cancelled,6,2476.25,1128.0,42.68
Fashion,Google Ads,Business,Pending,Delayed,5,2159.12,1036.55,41.36
Fashion,Google Ads,Business,Pending,Early,1,225.38,126.01,20.57
Fashion,Google Ads,Business,Pending,On Time,30,9448.21,4226.19,60.92
Fashion,Google Ads,Business,Refunded,Cancelled,19,9462.06,5183.65,2.68
Fashion,Google Ads,Consumer,Failed,Cancelled,119,40709.72,23015.76,9.32
Fashion,Google Ads,Consumer,Paid,Cancelled,32,13474.38,6868.6,93.94
Fashion,Google Ads,Consumer,Paid,Delayed,203,63104.52,31839.54,52.68
Fashion,Google Ads,Consumer,Paid,Early,103,36752.63,17383.7,64.26
Fashion,Google Ads,Consumer,Paid,On Time,989,338003.17,166872.22,58.86
Fashion,Google Ads,Consumer,Pending,Cancelled,24,8046.69,4344.53,39.33
Fashion,Google Ads,Consumer,Pending,Delayed,22,6675.78,3235.04,59.92
Fashion,Google Ads,Consumer,Pending,Early,10,4273.04,2096.69,65.39
Fashion,Google Ads,Consumer,Pending,On Time,113,36172.11,16960.2,65.62
Fashion,Google Ads,Consumer,Refunded,Cancelled,112,40589.53,23688.31,5.43
Fashion,Google Ads,Premium,Failed,Cancelled,53,20605.01,11453.87,21.55
Fashion,Google Ads,Premium,Paid,Cancelled,10,3011.73,834.33,165.03
Fashion,Google Ads,Premium,Paid,Delayed,69,21401.68,9389.91,94.4
Fashion,Google Ads,Premium,Paid,Early,47,12514.37,5523.16,69.01
Fashion,Google Ads,Premium,Paid,On Time,485,168650.52,79754.23,78.89
Fashion,Google Ads,Premium,Pending,Cancelled,17,4229.44,2280.24,53.59
Fashion,Google Ads,Premium,Pending,Delayed,7,2730.67,1360.89,57.37
Fashion,Google Ads,Premium,Pending,Early,10,2474.93,1094.43,80.89
Fashion,Google Ads,Premium,Pending,On Time,45,14506.42,7020.42,79.9
Fashion,Google Ads,Premium,Refunded,Cancelled,62,25312.2,14313.84,8.6
Fashion,Google Ads,VIP,Failed,Cancelled,21,7013.94,4118.39,28.48
Fashion,Google Ads,VIP,Paid,Cancelled,1,422.77,286.71,4.15
Fashion,Google Ads,VIP,Paid,Delayed,36,13139.07,6356.9,61.0
Fashion,Google Ads,VIP,Paid,Early,15,6230.79,2795.5,85.6
Fashion,Google Ads,VIP,Paid,On Time,152,50241.92,23417.13,83.27
Fashion,Google Ads,VIP,Pending,Cancelled,3,2406.18,1202.8,192.05
Fashion,Google Ads,VIP,Pending,Delayed,4,1216.79,498.21,120.18
Fashion,Google Ads,VIP,Pending,Early,2,694.93,366.44,151.18
Fashion,Google Ads,VIP,Pending,On Time,21,7560.68,3630.52,88.02
Fashion,Google Ads,VIP,Refunded,Cancelled,17,4836.26,2944.58,7.46
Fashion,Instagram,Business,Failed,Cancelled,18,5628.19,3029.96,6.57
Fashion,Instagram,Business,Paid,Cancelled,7,2065.73,1039.95,76.21
Fashion,Instagram,Business,Paid,Delayed,13,5028.21,2584.99,48.85
Fashion,Instagram,Business,Paid,Early,17,6403.09,2968.07,79.41
Fashion,Instagram,Business,Paid,On Time,121,38456.15,18413.0,65.4
Fashion,Instagram,Business,Pending,Cancelled,3,279.77,144.47,8.11
Fashion,Instagram,Business,Pending,Delayed,1,691.35,340.26,1.56
Fashion,Instagram,Business,Pending,Early,1,86.09,51.85,9.71
Fashion,Instagram,Business,Pending,On Time,14,4930.69,2547.56,44.4
Fashion,Instagram,Business,Refunded,Cancelled,13,5264.78,2744.46,5.45
Fashion,Instagram,Consumer,Failed,Cancelled,93,32064.37,17895.18,12.59
Fashion,Instagram,Consumer,Paid,Cancelled,24,12058.37,5926.21,80.13
Fashion,Instagram,Consumer,Paid,Delayed,125,44760.9,22674.59,51.23
Fashion,Instagram,Consumer,Paid,Early,82,25776.85,13146.69,48.88
Fashion,Instagram,Consumer,Paid,On Time,690,240922.53,120099.88,57.97
Fashion,Instagram,Consumer,Pending,Cancelled,33,11836.45,5867.43,50.71
Fashion,Instagram,Consumer,Pending,Delayed,19,4898.09,2727.38,49.97
Fashion,Instagram,Consumer,Pending,Early,13,4814.28,2477.47,41.01
Fashion,Instagram,Consumer,Pending,On Time,57,23385.87,11514.56,56.68
Fashion,Instagram,Consumer,Refunded,Cancelled,78,27483.47,15025.37,6.34
Fashion,Instagram,Premium,Failed,Cancelled,30,9873.6,5283.66,13.28
Fashion,Instagram,Premium,Paid,Cancelled,11,2412.41,1061.46,88.38
Fashion,Instagram,Premium,Paid,Delayed,61,19196.27,8768.03,83.86
Fashion,Instagram,Premium,Paid,Early,33,10567.76,4811.65,91.69
Fashion,Instagram,Premium,Paid,On Time,303,106604.54,48604.67,79.75
Fashion,Instagram,Premium,Pending,Cancelled,8,2817.32,1650.89,88.52
Fashion,Instagram,Premium,Pending,Delayed,3,756.58,332.28,96.38
Fashion,Instagram,Premium,Pending,Early,6,2303.47,1100.29,106.21
Fashion,Instagram,Premium,Pending,On Time,29,8420.38,3926.09,78.63
Fashion,Instagram,Premium,Refunded,Cancelled,49,19977.58,11388.41,5.81
Fashion,Instagram,VIP,Failed,Cancelled,16,4279.4,2511.91,3.21
Fashion,Instagram,VIP,Paid,Cancelled,4,755.03,219.88,117.54
Fashion,Instagram,VIP,Paid,Delayed,25,7239.04,2987.26,73.1
Fashion,Instagram,VIP,Paid,Early,11,5381.65,2250.6,140.16
Fashion,Instagram,VIP,Paid,On Time,108,37444.72,17088.67,84.22
Fashion,Instagram,VIP,Pending,Cancelled,6,2210.22,1052.7,79.23
Fashion,Instagram,VIP,Pending,Delayed,1,413.71,197.42,86.61
Fashion,Instagram,VIP,Pending,Early,1,79.8,41.01,15.93
Fashion,Instagram,VIP,Pending,On Time,13,4611.14,2473.37,85.09
Fashion,Instagram,VIP,Refunded,Cancelled,16,6215.73,3632.45,1.59
Fashion,Organic Search,Business,Failed,Cancelled,29,10773.4,6064.19,17.15
Fashion,Organic Search,Business,Paid,Cancelled,5,2280.26,1203.35,52.28
Fashion,Organic Search,Business,Paid,Delayed,55,21063.56,10631.21,52.21
Fashion,Organic Search,Business,Paid,Early,20,8494.35,4405.14,41.53
Fashion,Organic Search,Business,Paid,On Time,239,84898.3,41297.05,60.76
Fashion,Organic Search,Business,Pending,Cancelled,10,4083.06,1878.62,45.89
Fashion,Organic Search,Business,Pending,Delayed,3,637.37,379.03,13.26
Fashion,Organic Search,Business,Pending,Early,1,141.62,54.07,15.88
Fashion,Organic Search,Business,Pending,On Time,20,6652.28,3527.12,59.87
Fashion,Organic Search,Business,Refunded,Cancelled,28,8963.4,5368.16,5.17
Fashion,Organic Search,Consumer,Failed,Cancelled,155,57426.48,31544.0,15.24
Fashion,Organic Search,Consumer,Paid,Cancelled,45,16363.77,8298.95,83.76
Fashion,Organic Search,Consumer,Paid,Delayed,258,82442.71,39670.1,58.02
Fashion,Organic Search,Consumer,Paid,Early,139,47668.99,21555.96,66.87
Fashion,Organic Search,Consumer,Paid,On Time,1323,455225.26,228078.76,60.09
Fashion,Organic Search,Consumer,Pending,Cancelled,39,12890.47,6207.37,66.21
Fashion,Organic Search,Consumer,Pending,Delayed,25,11244.52,5732.77,61.02
Fashion,Organic Search,Consumer,Pending,Early,14,3160.57,1448.23,51.12
Fashion,Organic Search,Consumer,Pending,On Time,157,48430.69,24491.65,49.56
Fashion,Organic Search,Consumer,Refunded,Cancelled,161,54854.03,31587.01,2.13
Fashion,Organic Search,Premium,Failed,Cancelled,73,27071.25,14423.52,27.54
Fashion,Organic Search,Premium,Paid,Cancelled,12,5478.75,2222.36,127.94
Fashion,Organic Search,Premium,Paid,Delayed,114,44371.51,20945.51,84.4
Fashion,Organic Search,Premium,Paid,Early,63,22213.32,10703.58,56.69
Fashion,Organic Search,Premium,Paid,On Time,623,210396.76,96247.12,84.07
Fashion,Organic Search,Premium,Pending,Cancelled,19,7761.89,3914.55,49.61
Fashion,Organic Search,Premium,Pending,Delayed,13,5202.15,2722.5,51.25
Fashion,Organic Search,Premium,Pending,Early,6,1088.85,495.84,68.81
Fashion,Organic Search,Premium,Pending,On Time,72,22515.41,10159.88,82.17
Fashion,Organic Search,Premium,Refunded,Cancelled,66,26074.61,14845.87,3.31
Fashion,Organic Search,VIP,Failed,Cancelled,28,10719.08,6204.81,3.89
Fashion,Organic Search,VIP,Paid,Cancelled,6,3805.07,1604.27,151.68
Fashion,Organic Search,VIP,Paid,Delayed,46,16525.64,7089.16,127.61
Fashion,Organic Search,VIP,Paid,Early,27,7603.81,3417.45,63.2
Fashion,Organic Search,VIP,Paid,On Time,257,95076.73,43785.7,95.91
Fashion,Organic Search,VIP,Pending,Cancelled,16,5673.82,2429.66,96.63
Fashion,Organic Search,VIP,Pending,Delayed,3,961.69,536.47,22.46
Fashion,Organic Search,VIP,Pending,Early,4,1726.68,973.74,21.75
Fashion,Organic Search,VIP,Pending,On Time,22,11476.63,5229.51,97.13
Fashion,Organic Search,VIP,Refunded,Cancelled,29,11553.86,6734.08,0.0
Fashion,Referral,Business,Failed,Cancelled,15,4145.44,1989.99,27.71
Fashion,Referral,Business,Paid,Cancelled,2,442.57,215.48,21.5
Fashion,Referral,Business,Paid,Delayed,12,4404.76,1826.69,84.59
Fashion,Referral,Business,Paid,Early,12,5764.93,3097.06,72.19
Fashion,Referral,Business,Paid,On Time,97,32646.7,16425.93,54.71
Fashion,Referral,Business,Pending,Cancelled,4,705.61,313.04,9.32
Fashion,Referral,Business,Pending,Delayed,2,1167.3,390.12,190.25
Fashion,Referral,Business,Pending,On Time,9,2215.11,904.14,37.55
Fashion,Referral,Business,Refunded,Cancelled,16,5458.12,3213.67,0.46
Fashion,Referral,Consumer,Failed,Cancelled,66,25809.35,15261.53,11.95
Fashion,Referral,Consumer,Paid,Cancelled,18,6172.17,2824.47,70.18
Fashion,Referral,Consumer,Paid,Delayed,85,26023.58,13072.26,51.77
Fashion,Referral,Consumer,Paid,Early,68,20154.71,9951.76,53.68
Fashion,Referral,Consumer,Paid,On Time,577,197772.1,99877.88,55.27
Fashion,Referral,Consumer,Pending,Cancelled,22,8429.95,4368.19,50.05
Fashion,Referral,Consumer,Pending,Delayed,12,3304.13,1664.83,22.17
Fashion,Referral,Consumer,Pending,Early,4,1179.97,596.64,37.53
Fashion,Referral,Consumer,Pending,On Time,59,22730.32,11221.74,72.88
Fashion,Referral,Consumer,Refunded,Cancelled,69,22868.66,12640.02,7.04
Fashion,Referral,Premium,Failed,Cancelled,29,9124.05,4944.94,17.31
Fashion,Referral,Premium,Paid,Cancelled,5,1596.61,779.63,34.18
Fashion,Referral,Premium,Paid,Delayed,47,15531.47,7750.81,58.61
Fashion,Referral,Premium,Paid,Early,30,9994.45,4178.1,102.34
Fashion,Referral,Premium,Paid,On Time,236,81302.08,37606.14,87.3
Fashion,Referral,Premium,Pending,Cancelled,14,4446.87,2313.99,49.66
Fashion,Referral,Premium,Pending,Delayed,4,1553.8,681.0,177.67
Fashion,Referral,Premium,Pending,Early,2,1370.72,769.95,96.52
Fashion,Referral,Premium,Pending,On Time,30,11700.44,5324.46,78.89
Fashion,Referral,Premium,Refunded,Cancelled,12,3237.16,2045.11,0.0
Fashion,Referral,VIP,Failed,Cancelled,16,5226.73,3005.44,5.14
Fashion,Referral,VIP,Paid,Cancelled,4,772.88,407.62,57.51
Fashion,Referral,VIP,Paid,Delayed,23,6753.66,3117.77,71.59
Fashion,Referral,VIP,Paid,Early,12,4439.33,1581.71,115.57
Fashion,Referral,VIP,Paid,On Time,119,39825.45,17977.74,90.04
Fashion,Referral,VIP,Pending,Cancelled,6,990.26,503.08,38.15
Fashion,Referral,VIP,Pending,Delayed,1,677.55,283.42,92.11
Fashion,Referral,VIP,Pending,Early,3,687.09,170.67,84.41
Fashion,Referral,VIP,Pending,On Time,16,4173.8,1827.88,44.26
Fashion,Referral,VIP,Refunded,Cancelled,16,7176.43,3807.52,2.52
Fashion,TikTok,Business,Failed,Cancelled,5,1607.56,911.92,9.72
Fashion,TikTok,Business,Paid,Cancelled,1,179.33,98.68,76.83
Fashion,TikTok,Business,Paid,Delayed,6,2054.31,866.74,98.85
Fashion,TikTok,Business,Paid,Early,6,1523.52,572.73,91.63
Fashion,TikTok,Business,Paid,On Time,46,13793.34,6866.35,46.21
Fashion,TikTok,Business,Pending,Cancelled,2,458.24,258.66,13.79
Fashion,TikTok,Business,Pending,On Time,6,2216.06,1079.29,59.88
Fashion,TikTok,Business,Refunded,Cancelled,5,1916.94,994.21,0.0
Fashion,TikTok,Consumer,Failed,Cancelled,35,13162.04,7371.19,29.55
Fashion,TikTok,Consumer,Paid,Cancelled,5,1688.56,824.21,60.28
Fashion,TikTok,Consumer,Paid,Delayed,52,15290.38,7680.03,49.92
Fashion,TikTok,Consumer,Paid,Early,35,13710.25,6870.69,53.38
Fashion,TikTok,Consumer,Paid,On Time,247,82520.28,40333.48,61.47
Fashion,TikTok,Consumer,Pending,Cancelled,9,2800.43,1288.76,62.82
Fashion,TikTok,Consumer,Pending,Delayed,7,2947.84,928.48,138.5
Fashion,TikTok,Consumer,Pending,Early,6,2776.79,1577.98,37.84
Fashion,TikTok,Consumer,Pending,On Time,31,10980.62,5209.93,67.73
Fashion,TikTok,Consumer,Refunded,Cancelled,37,12653.25,7168.75,2.03
Fashion,TikTok,Premium,Failed,Cancelled,18,4600.92,2549.21,15.35
Fashion,TikTok,Premium,Paid,Cancelled,3,669.14,132.02,160.78
Fashion,TikTok,Premium,Paid,Delayed,26,9339.0,4339.58,88.2
Fashion,TikTok,Premium,Paid,Early,13,2990.73,1240.03,63.18
Fashion,TikTok,Premium,Paid,On Time,114,38323.92,16468.07,90.91
Fashion,TikTok,Premium,Pending,Cancelled,4,1193.35,674.77,91.58
Fashion,TikTok,Premium,Pending,Delayed,2,694.68,55.35,245.48
Fashion,TikTok,Premium,Pending,Early,3,697.48,255.2,130.02
Fashion,TikTok,Premium,Pending,On Time,13,5963.38,2828.8,163.69
Fashion,TikTok,Premium,Refunded,Cancelled,18,9245.24,5767.7,3.56
Fashion,TikTok,VIP,Failed,Cancelled,1,383.46,191.89,156.51
Fashion,TikTok,VIP,Paid,Cancelled,1,399.01,227.91,136.6
Fashion,TikTok,VIP,Paid,Delayed,10,3966.98,2231.28,73.15
Fashion,TikTok,VIP,Paid,Early,4,1590.23,521.64,152.85
Fashion,TikTok,VIP,Paid,On Time,42,17337.52,8904.18,88.91
Fashion,TikTok,VIP,Pending,Cancelled,2,1066.1,558.63,45.79
Fashion,TikTok,VIP,Pending,Delayed,2,541.67,356.12,19.06
Fashion,TikTok,VIP,Pending,Early,1,155.37,59.5,17.8
Fashion,TikTok,VIP,Pending,On Time,4,1205.17,422.27,172.97
Fashion,TikTok,VIP,Refunded,Cancelled,2,591.54,344.23,0.0
Fashion,YouTube,Business,Failed,Cancelled,4,900.23,511.78,0.0
Fashion,YouTube,Business,Paid,Cancelled,3,683.22,395.81,23.91
Fashion,YouTube,Business,Paid,Delayed,4,1314.21,616.77,44.62
Fashion,YouTube,Business,Paid,Early,6,1999.27,1062.9,31.6
Fashion,YouTube,Business,Paid,On Time,32,9867.07,4947.74,49.09
Fashion,YouTube,Business,Pending,Cancelled,2,446.37,221.14,91.41
Fashion,YouTube,Business,Pending,On Time,4,1617.2,578.95,75.87
Fashion,YouTube,Business,Refunded,Cancelled,4,2183.88,1162.48,0.0
Fashion,YouTube,Consumer,Failed,Cancelled,23,8932.71,4860.57,14.93
Fashion,YouTube,Consumer,Paid,Cancelled,6,2247.47,1158.72,28.83
Fashion,YouTube,Consumer,Paid,Delayed,38,14686.31,6813.48,82.35
Fashion,YouTube,Consumer,Paid,Early,21,6085.05,3059.85,47.2
Fashion,YouTube,Consumer,Paid,On Time,213,78004.89,39006.76,64.75
Fashion,YouTube,Consumer,Pending,Cancelled,7,3209.47,2017.45,53.5
Fashion,YouTube,Consumer,Pending,Delayed,7,2753.82,1322.22,32.68
Fashion,YouTube,Consumer,Pending,Early,2,1726.77,769.91,86.72
Fashion,YouTube,Consumer,Pending,On Time,25,8426.78,3756.28,52.11
Fashion,YouTube,Consumer,Refunded,Cancelled,28,9901.3,5603.85,0.52
Fashion,YouTube,Premium,Failed,Cancelled,14,4965.09,2585.3,38.2
Fashion,YouTube,Premium,Paid,Cancelled,3,1145.61,554.45,35.3
Fashion,YouTube,Premium,Paid,Delayed,16,5731.91,2601.16,67.56
Fashion,YouTube,Premium,Paid,Early,16,5776.97,2628.57,88.12
Fashion,YouTube,Premium,Paid,On Time,93,34186.03,17520.95,64.0
Fashion,YouTube,Premium,Pending,Cancelled,2,925.52,184.03,176.51
Fashion,YouTube,Premium,Pending,Delayed,1,647.55,444.57,37.97
Fashion,YouTube,Premium,Pending,Early,1,198.94,94.69,84.22
Fashion,YouTube,Premium,Pending,On Time,13,3352.48,1729.56,57.92
Fashion,YouTube,Premium,Refunded,Cancelled,8,2720.58,1562.05,13.46
Fashion,YouTube,VIP,Failed,Cancelled,5,926.68,513.4,8.45
Fashion,YouTube,VIP,Paid,Cancelled,1,175.99,110.37,7.06
Fashion,YouTube,VIP,Paid,Delayed,7,1297.05,602.78,43.81
Fashion,YouTube,VIP,Paid,Early,6,1490.36,705.98,83.57
Fashion,YouTube,VIP,Paid,On Time,33,10684.52,5290.63,79.66
Fashion,YouTube,VIP,Pending,Delayed,2,692.93,361.67,32.04
Fashion,YouTube,VIP,Pending,On Time,6,2615.09,951.4,174.0
Fashion,YouTube,VIP,Refunded,Cancelled,7,2818.83,1724.53,0.0
Grocery,Affiliate,Business,Failed,Cancelled,5,608.06,335.13,3.7
Grocery,Affiliate,Business,Paid,Cancelled,1,53.32,16.96,0.93
Grocery,Affiliate,Business,Paid,Delayed,10,1035.28,546.85,17.47
Grocery,Affiliate,Business,Paid,Early,5,490.95,280.37,5.37
Grocery,Affiliate,Business,Paid,On Time,65,7802.86,4219.85,16.75
Grocery,Affiliate,Business,Pending,Cancelled,6,821.2,466.74,23.76
Grocery,Affiliate,Business,Pending,Delayed,1,69.37,40.07,11.85
Grocery,Affiliate,Business,Pending,Early,2,362.94,221.07,10.54
Grocery,Affiliate,Business,Pending,On Time,6,622.24,379.18,7.24
Grocery,Affiliate,Business,Refunded,Cancelled,11,1146.82,667.13,1.6
Grocery,Affiliate,Consumer,Failed,Cancelled,47,5936.75,3695.52,0.96
Grocery,Affiliate,Consumer,Paid,Cancelled,10,1028.85,575.23,17.97
Grocery,Affiliate,Consumer,Paid,Delayed,84,11478.74,6488.27,22.14
Grocery,Affiliate,Consumer,Paid,Early,33,4233.15,2203.96,20.97
Grocery,Affiliate,Consumer,Paid,On Time,398,48969.75,27029.06,20.26
Grocery,Affiliate,Consumer,Pending,Cancelled,10,1407.21,688.15,27.49
Grocery,Affiliate,Consumer,Pending,Delayed,4,718.34,403.86,32.31
Grocery,Affiliate,Consumer,Pending,Early,5,288.25,164.98,6.8
Grocery,Affiliate,Consumer,Pending,On Time,45,5187.26,2725.98,17.69
Grocery,Affiliate,Consumer,Refunded,Cancelled,45,5006.86,3115.9,1.24
Grocery,Affiliate,Premium,Failed,Cancelled,23,2479.68,1422.8,14.46
Grocery,Affiliate,Premium,Paid,Cancelled,7,565.74,256.63,27.33
Grocery,Affiliate,Premium,Paid,Delayed,28,3255.92,1671.88,34.86
Grocery,Affiliate,Premium,Paid,Early,28,3346.85,1927.83,25.18
Grocery,Affiliate,Premium,Paid,On Time,173,21147.01,11460.16,23.81
Grocery,Affiliate,Premium,Pending,Cancelled,8,1190.63,665.16,30.55
Grocery,Affiliate,Premium,Pending,Delayed,4,264.31,151.21,14.06
Grocery,Affiliate,Premium,Pending,Early,1,67.55,45.34,2.86
Grocery,Affiliate,Premium,Pending,On Time,20,2339.53,1342.59,19.77
Grocery,Affiliate,Premium,Refunded,Cancelled,21,2912.1,1911.76,0.19
Grocery,Affiliate,VIP,Failed,Cancelled,8,1068.34,641.9,2.2
Grocery,Affiliate,VIP,Paid,Cancelled,1,146.88,82.91,33.69
Grocery,Affiliate,VIP,Paid,Delayed,13,1839.71,1005.95,26.76
Grocery,Affiliate,VIP,Paid,Early,8,991.22,526.65,16.24
Grocery,Affiliate,VIP,Paid,On Time,72,9689.67,5253.03,31.36
Grocery,Affiliate,VIP,Pending,Delayed,2,182.43,107.66,15.76
Grocery,Affiliate,VIP,Pending,On Time,6,954.6,495.9,42.65
Grocery,Affiliate,VIP,Refunded,Cancelled,6,1055.49,690.17,0.0
Grocery,Direct,Business,Failed,Cancelled,19,2719.55,1659.22,8.55
Grocery,Direct,Business,Paid,Cancelled,3,291.85,128.56,30.32
Grocery,Direct,Business,Paid,Delayed,55,5615.4,3144.75,10.32
Grocery,Direct,Business,Paid,Early,27,3131.2,1616.64,21.26
Grocery,Direct,Business,Paid,On Time,191,23088.06,12823.54,17.46
Grocery,Direct,Business,Pending,Cancelled,8,823.97,446.16,8.08
Grocery,Direct,Business,Pending,Delayed,4,352.16,167.93,25.21
Grocery,Direct,Business,Pending,Early,3,191.56,103.4,2.68
Grocery,Direct,Business,Pending,On Time,19,2779.08,1466.91,29.44
Grocery,Direct,Business,Refunded,Cancelled,29,4898.93,3138.16,1.49
Grocery,Direct,Consumer,Failed,Cancelled,144,19352.38,11920.72,2.44
Grocery,Direct,Consumer,Paid,Cancelled,26,2904.97,1506.85,21.92
Grocery,Direct,Consumer,Paid,Delayed,221,26134.86,14122.24,19.0
Grocery,Direct,Consumer,Paid,Early,126,15023.41,8294.86,19.52
Grocery,Direct,Consumer,Paid,On Time,1138,142977.0,76857.66,20.94
Grocery,Direct,Consumer,Pending,Cancelled,41,5274.78,2914.23,24.05
Grocery,Direct,Consumer,Pending,Delayed,18,2235.41,1275.86,15.34
Grocery,Direct,Consumer,Pending,Early,20,2470.84,1444.44,16.24
Grocery,Direct,Consumer,Pending,On Time,128,15405.62,8545.27,17.43
Grocery,Direct,Consumer,Refunded,Cancelled,149,22653.47,13906.02,1.1
Grocery,Direct,Premium,Failed,Cancelled,73,9364.21,5497.84,9.14
Grocery,Direct,Premium,Paid,Cancelled,10,1196.9,507.21,36.24
Grocery,Direct,Premium,Paid,Delayed,109,11509.97,6008.2,25.52
Grocery,Direct,Premium,Paid,Early,58,5650.5,2867.28,21.36
Grocery,Direct,Premium,Paid,On Time,535,66929.62,35867.97,28.32
Grocery,Direct,Premium,Pending,Cancelled,17,2256.47,1263.93,18.76
Grocery,Direct,Premium,Pending,Delayed,8,924.55,449.86,24.81
Grocery,Direct,Premium,Pending,Early,6,718.51,379.99,23.34
Grocery,Direct,Premium,Pending,On Time,67,8391.29,4496.33,23.51
Grocery,Direct,Premium,Refunded,Cancelled,63,8485.27,5369.43,3.04
Grocery,Direct,VIP,Failed,Cancelled,25,3827.38,2263.74,5.14
Grocery,Direct,VIP,Paid,Cancelled,4,463.78,265.89,11.83
Grocery,Direct,VIP,Paid,Delayed,33,3682.47,1979.67,22.09
Grocery,Direct,VIP,Paid,Early,32,4686.25,2422.5,39.32
Grocery,Direct,VIP,Paid,On Time,201,24113.42,12692.15,25.78
Grocery,Direct,VIP,Pending,Cancelled,4,533.03,223.95,47.56
Grocery,Direct,VIP,Pending,Delayed,4,403.34,225.62,9.07
Grocery,Direct,VIP,Pending,Early,1,90.25,41.69,19.27
Grocery,Direct,VIP,Pending,On Time,23,3359.06,2015.81,20.18
Grocery,Direct,VIP,Refunded,Cancelled,26,3220.07,2096.14,0.44
Grocery,Email Marketing,Business,Failed,Cancelled,15,1660.35,887.89,14.77
Grocery,Email Marketing,Business,Paid,Cancelled,1,244.38,140.42,74.6
Grocery,Email Marketing,Business,Paid,Delayed,14,1835.79,994.38,18.41
Grocery,Email Marketing,Business,Paid,Early,18,2001.09,993.89,22.58
Grocery,Email Marketing,Business,Paid,On Time,117,14383.55,7855.29,19.55
Grocery,Email Marketing,Business,Pending,Cancelled,3,434.68,232.67,39.98
Grocery,Email Marketing,Business,Pending,Delayed,2,217.25,130.58,8.73
Grocery,Email Marketing,Business,Pending,Early,4,733.98,436.7,10.71
Grocery,Email Marketing,Business,Pending,On Time,15,2206.39,1158.46,16.67
Grocery,Email Marketing,Business,Refunded,Cancelled,17,2223.32,1301.42,3.65
Grocery,Email Marketing,Consumer,Failed,Cancelled,69,9278.79,5604.36,6.91
Grocery,Email Marketing,Consumer,Paid,Cancelled,10,952.49,556.54,12.06
Grocery,Email Marketing,Consumer,Paid,Delayed,91,12859.57,6943.42,25.35
Grocery,Email Marketing,Consumer,Paid,Early,67,7743.94,4008.86,22.74
Grocery,Email Marketing,Consumer,Paid,On Time,628,77314.45,42198.92,19.95
Grocery,Email Marketing,Consumer,Pending,Cancelled,30,3277.64,1661.29,22.72
Grocery,Email Marketing,Consumer,Pending,Delayed,12,1025.49,529.67,13.38
Grocery,Email Marketing,Consumer,Pending,Early,7,899.43,553.38,20.26
Grocery,Email Marketing,Consumer,Pending,On Time,63,8271.17,4514.58,19.79
Grocery,Email Marketing,Consumer,Refunded,Cancelled,79,9204.52,5692.03,0.29
Grocery,Email Marketing,Premium,Failed,Cancelled,32,4076.86,2510.9,6.7
Grocery,Email Marketing,Premium,Paid,Cancelled,4,416.81,222.09,10.43
Grocery,Email Marketing,Premium,Paid,Delayed,59,6600.11,3287.63,35.73
Grocery,Email Marketing,Premium,Paid,Early,37,3889.16,1981.12,26.23
Grocery,Email Marketing,Premium,Paid,On Time,294,34370.5,18728.73,25.05
Grocery,Email Marketing,Premium,Pending,Cancelled,10,1013.58,397.45,33.88
Grocery,Email Marketing,Premium,Pending,Delayed,11,1158.74,581.57,23.58
Grocery,Email Marketing,Premium,Pending,Early,6,470.74,273.85,4.66
Grocery,Email Marketing,Premium,Pending,On Time,32,3203.05,1760.47,22.96
Grocery,Email Marketing,Premium,Refunded,Cancelled,35,4344.7,2639.72,0.24
Grocery,Email Marketing,VIP,Failed,Cancelled,26,4016.97,2436.93,16.8
Grocery,Email Marketing,VIP,Paid,Cancelled,1,85.19,39.99,9.59
Grocery,Email Marketing,VIP,Paid,Delayed,31,3055.95,1662.06,20.12
Grocery,Email Marketing,VIP,Paid,Early,10,1430.26,734.05,17.4
Grocery,Email Marketing,VIP,Paid,On Time,106,13412.34,7171.35,29.99
Grocery,Email Marketing,VIP,Pending,Cancelled,2,253.68,148.61,47.48
Grocery,Email Marketing,VIP,Pending,Delayed,4,343.38,192.9,8.43
Grocery,Email Marketing,VIP,Pending,Early,3,317.67,146.87,44.88
Grocery,Email Marketing,VIP,Pending,On Time,14,1321.6,696.87,25.32
Grocery,Email Marketing,VIP,Refunded,Cancelled,8,646.38,367.96,0.3
Grocery,Facebook Ads,Business,Failed,Cancelled,21,2902.68,1689.38,6.04
Grocery,Facebook Ads,Business,Paid,Cancelled,10,1368.1,723.05,26.77
Grocery,Facebook Ads,Business,Paid,Delayed,36,4172.84,2217.72,15.67
Grocery,Facebook Ads,Business,Paid,Early,14,1816.25,1033.33,25.4
Grocery,Facebook Ads,Business,Paid,On Time,163,21024.8,11374.44,23.02
Grocery,Facebook Ads,Business,Pending,Cancelled,9,1363.42,792.59,14.93
Grocery,Facebook Ads,Business,Pending,Delayed,3,392.67,188.17,17.61
Grocery,Facebook Ads,Business,Pending,Early,3,561.64,296.79,31.13
Grocery,Facebook Ads,Business,Pending,On Time,14,1538.68,780.24,17.82
Grocery,Facebook Ads,Business,Refunded,Cancelled,24,3707.5,2340.9,0.9
Grocery,Facebook Ads,Consumer,Failed,Cancelled,116,14792.82,8797.6,6.59
Grocery,Facebook Ads,Consumer,Paid,Cancelled,18,2603.73,1461.78,23.93
Grocery,Facebook Ads,Consumer,Paid,Delayed,204,22219.64,11660.55,19.91
Grocery,Facebook Ads,Consumer,Paid,Early,100,13311.83,7498.26,20.41
Grocery,Facebook Ads,Consumer,Paid,On Time,900,111937.48,61149.56,18.79
Grocery,Facebook Ads,Consumer,Pending,Cancelled,35,3962.28,2262.94,14.28
Grocery,Facebook Ads,Consumer,Pending,Delayed,14,1709.91,913.23,26.13
Grocery,Facebook Ads,Consumer,Pending,Early,11,1030.9,535.65,17.24
Grocery,Facebook Ads,Consumer,Pending,On Time,97,12768.23,6865.63,21.99
Grocery,Facebook Ads,Consumer,Refunded,Cancelled,108,13474.95,8297.71,1.06
Grocery,Facebook Ads,Premium,Failed,Cancelled,54,6445.22,3922.58,2.64
Grocery,Facebook Ads,Premium,Paid,Cancelled,8,779.49,454.81,9.21
Grocery,Facebook Ads,Premium,Paid,Delayed,71,8839.32,4611.89,29.34
Grocery,Facebook Ads,Premium,Paid,Early,48,5015.56,2496.12,25.44
Grocery,Facebook Ads,Premium,Paid,On Time,418,47132.74,25065.72,24.92
Grocery,Facebook Ads,Premium,Pending,Cancelled,16,1264.05,680.04,19.12
Grocery,Facebook Ads,Premium,Pending,Delayed,4,460.07,262.82,15.82
Grocery,Facebook Ads,Premium,Pending,Early,2,323.24,211.34,22.71
Grocery,Facebook Ads,Premium,Pending,On Time,49,6347.71,3260.82,30.87
Grocery,Facebook Ads,Premium,Refunded,Cancelled,44,5354.79,3299.13,3.25
Grocery,Facebook Ads,VIP,Failed,Cancelled,22,2510.2,1522.68,3.2
Grocery,Facebook Ads,VIP,Paid,Cancelled,3,481.17,240.78,55.0
Grocery,Facebook Ads,VIP,Paid,Delayed,29,3732.76,2177.74,22.95
Grocery,Facebook Ads,VIP,Paid,Early,16,2275.31,938.99,58.97
Grocery,Facebook Ads,VIP,Paid,On Time,179,19826.73,10770.58,20.22
Grocery,Facebook Ads,VIP,Pending,Cancelled,8,895.77,457.15,34.66
Grocery,Facebook Ads,VIP,Pending,Delayed,3,370.74,206.58,31.76
Grocery,Facebook Ads,VIP,Pending,Early,3,483.17,276.72,39.41
Grocery,Facebook Ads,VIP,Pending,On Time,18,2814.79,1427.69,42.55
Grocery,Facebook Ads,VIP,Refunded,Cancelled,20,2163.6,1307.53,0.0
Grocery,Google Ads,Business,Failed,Cancelled,21,2442.72,1551.66,2.47
Grocery,Google Ads,Business,Paid,Cancelled,2,463.79,252.61,37.11
Grocery,Google Ads,Business,Paid,Delayed,32,3790.78,2105.28,18.6
Grocery,Google Ads,Business,Paid,Early,19,2543.91,1429.38,16.35
Grocery,Google Ads,Business,Paid,On Time,205,24936.86,13554.13,18.65
Grocery,Google Ads,Business,Pending,Cancelled,7,808.21,464.33,22.13
Grocery,Google Ads,Business,Pending,Delayed,6,919.46,572.19,15.64
Grocery,Google Ads,Business,Pending,Early,3,407.66,217.89,26.28
Grocery,Google Ads,Business,Pending,On Time,19,2605.05,1506.48,16.78
Grocery,Google Ads,Business,Refunded,Cancelled,32,4198.14,2684.11,0.0
Grocery,Google Ads,Consumer,Failed,Cancelled,145,18763.93,11311.37,3.1
Grocery,Google Ads,Consumer,Paid,Cancelled,23,2790.48,1395.43,21.08
Grocery,Google Ads,Consumer,Paid,Delayed,208,25877.73,13982.57,19.44
Grocery,Google Ads,Consumer,Paid,Early,120,13117.32,7104.52,20.01
Grocery,Google Ads,Consumer,Paid,On Time,1101,135011.17,74815.77,18.68
Grocery,Google Ads,Consumer,Pending,Cancelled,39,5428.4,2965.49,24.3
Grocery,Google Ads,Consumer,Pending,Delayed,28,2933.5,1463.4,25.34
Grocery,Google Ads,Consumer,Pending,Early,13,1746.23,945.58,29.72
Grocery,Google Ads,Consumer,Pending,On Time,124,15858.56,8687.55,18.71
Grocery,Google Ads,Consumer,Refunded,Cancelled,140,18971.31,11568.69,0.67
Grocery,Google Ads,Premium,Failed,Cancelled,74,8863.65,5364.82,5.61
Grocery,Google Ads,Premium,Paid,Cancelled,12,1819.03,1017.93,19.45
Grocery,Google Ads,Premium,Paid,Delayed,91,11156.08,5874.64,31.61
Grocery,Google Ads,Premium,Paid,Early,58,6595.45,3695.53,23.4
Grocery,Google Ads,Premium,Paid,On Time,559,65650.87,35057.74,25.89
Grocery,Google Ads,Premium,Pending,Cancelled,24,2147.25,1200.39,14.04
Grocery,Google Ads,Premium,Pending,Delayed,9,1023.22,560.61,37.54
Grocery,Google Ads,Premium,Pending,Early,12,1224.92,655.93,24.55
Grocery,Google Ads,Premium,Pending,On Time,77,9004.03,4679.19,29.55
Grocery,Google Ads,Premium,Refunded,Cancelled,52,6911.19,4224.66,1.73
Grocery,Google Ads,VIP,Failed,Cancelled,30,3421.1,2069.15,4.18
Grocery,Google Ads,VIP,Paid,Cancelled,2,246.91,58.29,123.6
Grocery,Google Ads,VIP,Paid,Delayed,41,4702.55,2472.07,25.11
Grocery,Google Ads,VIP,Paid,Early,13,1227.43,674.28,23.82
Grocery,Google Ads,VIP,Paid,On Time,191,22940.91,12176.41,24.63
Grocery,Google Ads,VIP,Pending,Cancelled,6,912.42,485.8,30.55
Grocery,Google Ads,VIP,Pending,Delayed,2,746.82,424.59,72.91
Grocery,Google Ads,VIP,Pending,Early,1,200.48,122.12,82.69
Grocery,Google Ads,VIP,Pending,On Time,21,1967.37,954.93,27.64
Grocery,Google Ads,VIP,Refunded,Cancelled,22,2961.56,1895.28,2.01
Grocery,Instagram,Business,Failed,Cancelled,13,1659.02,1034.73,4.59
Grocery,Instagram,Business,Paid,Cancelled,1,39.77,23.53,0.35
Grocery,Instagram,Business,Paid,Delayed,31,3750.62,2107.92,22.54
Grocery,Instagram,Business,Paid,Early,13,2163.76,1056.47,30.84
Grocery,Instagram,Business,Paid,On Time,130,15350.2,8033.78,21.05
Grocery,Instagram,Business,Pending,Cancelled,4,381.37,206.83,4.69
Grocery,Instagram,Business,Pending,Delayed,2,147.11,71.42,19.13
Grocery,Instagram,Business,Pending,Early,1,168.42,96.57,18.63
Grocery,Instagram,Business,Pending,On Time,13,1694.05,959.76,26.2
Grocery,Instagram,Business,Refunded,Cancelled,17,3061.8,1923.82,0.0
Grocery,Instagram,Consumer,Failed,Cancelled,93,12193.51,7306.64,4.25
Grocery,Instagram,Consumer,Paid,Cancelled,21,3468.91,1969.1,18.59
Grocery,Instagram,Consumer,Paid,Delayed,140,17800.3,9850.46,21.29
Grocery,Instagram,Consumer,Paid,Early,82,8806.08,4785.47,14.9
Grocery,Instagram,Consumer,Paid,On Time,762,96150.93,52383.04,19.77
Grocery,Instagram,Consumer,Pending,Cancelled,21,3407.0,1843.85,26.39
Grocery,Instagram,Consumer,Pending,Delayed,17,2307.1,1246.26,34.95
Grocery,Instagram,Consumer,Pending,Early,9,581.62,323.24,9.01
Grocery,Instagram,Consumer,Pending,On Time,88,13289.93,7466.92,20.64
Grocery,Instagram,Consumer,Refunded,Cancelled,79,10524.12,6566.98,0.9
Grocery,Instagram,Premium,Failed,Cancelled,49,5216.56,3051.99,1.06
Grocery,Instagram,Premium,Paid,Cancelled,12,1685.66,789.33,65.65
Grocery,Instagram,Premium,Paid,Delayed,75,8737.54,4645.18,31.29
Grocery,Instagram,Premium,Paid,Early,40,3736.17,1876.16,25.69
Grocery,Instagram,Premium,Paid,On Time,317,41147.98,21880.69,31.07
Grocery,Instagram,Premium,Pending,Cancelled,6,756.99,425.31,14.65
Grocery,Instagram,Premium,Pending,Delayed,4,776.0,458.64,8.86
Grocery,Instagram,Premium,Pending,Early,4,806.01,473.93,9.67
Grocery,Instagram,Premium,Pending,On Time,31,3743.87,1868.66,39.43
Grocery,Instagram,Premium,Refunded,Cancelled,52,7157.92,4610.78,0.0
Grocery,Instagram,VIP,Failed,Cancelled,21,3254.03,2080.4,7.57
Grocery,Instagram,VIP,Paid,Cancelled,3,113.58,59.0,14.75
Grocery,Instagram,VIP,Paid,Delayed,27,2641.4,1315.38,24.56
Grocery,Instagram,VIP,Paid,Early,17,1359.72,697.08,27.75
Grocery,Instagram,VIP,Paid,On Time,136,16210.44,8531.84,27.88
Grocery,Instagram,VIP,Pending,Cancelled,5,349.33,208.06,4.3
Grocery,Instagram,VIP,Pending,Delayed,2,216.17,150.34,12.52
Grocery,Instagram,VIP,Pending,Early,2,449.65,292.15,6.56
Grocery,Instagram,VIP,Pending,On Time,17,1489.12,698.8,22.2
Grocery,Instagram,VIP,Refunded,Cancelled,14,2046.46,1296.99,0.0
Grocery,Organic Search,Business,Failed,Cancelled,28,3688.8,2199.57,9.31
Grocery,Organic Search,Business,Paid,Cancelled,6,1390.72,928.56,25.48
Grocery,Organic Search,Business,Paid,Delayed,51,6230.33,3252.37,25.11
Grocery,Organic Search,Business,Paid,Early,33,4677.34,2724.36,17.61
Grocery,Organic Search,Business,Paid,On Time,251,30895.77,16627.21,20.88
Grocery,Organic Search,Business,Pending,Cancelled,12,1411.07,819.51,13.64
Grocery,Organic Search,Business,Pending,Delayed,7,1252.29,771.42,13.76
Grocery,Organic Search,Business,Pending,Early,4,345.93,194.68,9.61
Grocery,Organic Search,Business,Pending,On Time,32,3683.12,1956.89,16.4
Grocery,Organic Search,Business,Refunded,Cancelled,41,4581.52,2740.33,1.76
Grocery,Organic Search,Consumer,Failed,Cancelled,173,22349.93,13488.75,6.09
Grocery,Organic Search,Consumer,Paid,Cancelled,42,3988.88,2096.68,16.2
Grocery,Organic Search,Consumer,Paid,Delayed,298,37041.2,20018.15,22.68
Grocery,Organic Search,Consumer,Paid,Early,169,20756.46,11594.49,17.52
Grocery,Organic Search,Consumer,Paid,On Time,1507,183675.3,100050.13,20.32
Grocery,Organic Search,Consumer,Pending,Cancelled,46,5344.66,2941.93,16.47
Grocery,Organic Search,Consumer,Pending,Delayed,39,4759.2,2599.45,18.91
Grocery,Organic Search,Consumer,Pending,Early,26,3275.78,1743.32,26.07
Grocery,Organic Search,Consumer,Pending,On Time,157,20990.69,11529.05,21.19
Grocery,Organic Search,Consumer,Refunded,Cancelled,179,25966.81,15992.92,0.64
Grocery,Organic Search,Premium,Failed,Cancelled,104,13633.31,8212.54,8.53
Grocery,Organic Search,Premium,Paid,Cancelled,20,2053.21,1046.38,16.43
Grocery,Organic Search,Premium,Paid,Delayed,139,16399.22,8883.42,24.35
Grocery,Organic Search,Premium,Paid,Early,70,8214.22,4506.15,20.26
Grocery,Organic Search,Premium,Paid,On Time,679,82737.17,44265.0,27.62
Grocery,Organic Search,Premium,Pending,Cancelled,15,1510.49,821.57,14.76
Grocery,Organic Search,Premium,Pending,Delayed,15,2013.94,958.91,42.84
Grocery,Organic Search,Premium,Pending,Early,13,1519.1,865.51,19.65
Grocery,Organic Search,Premium,Pending,On Time,77,9300.56,4992.5,25.96
Grocery,Organic Search,Premium,Refunded,Cancelled,77,8931.78,5551.62,2.92
Grocery,Organic Search,VIP,Failed,Cancelled,35,4238.8,2481.21,6.64
Grocery,Organic Search,VIP,Paid,Cancelled,5,702.7,363.06,24.33
Grocery,Organic Search,VIP,Paid,Delayed,54,6838.03,3357.87,36.06
Grocery,Organic Search,VIP,Paid,Early,25,3058.6,1457.97,37.12
Grocery,Organic Search,VIP,Paid,On Time,266,34313.77,18569.62,29.19
Grocery,Organic Search,VIP,Pending,Cancelled,11,1324.72,746.5,17.49
Grocery,Organic Search,VIP,Pending,Delayed,9,1097.2,570.19,25.69
Grocery,Organic Search,VIP,Pending,Early,3,526.83,306.34,33.96
Grocery,Organic Search,VIP,Pending,On Time,34,5151.7,2928.26,31.86
Grocery,Organic Search,VIP,Refunded,Cancelled,40,4656.92,2900.0,2.02
Grocery,Referral,Business,Failed,Cancelled,22,3366.97,2003.32,7.5
Grocery,Referral,Business,Paid,Cancelled,1,165.26,107.06,20.45
Grocery,Referral,Business,Paid,Delayed,22,2518.19,1303.05,26.68
Grocery,Referral,Business,Paid,Early,19,1789.51,936.42,18.41
Grocery,Referral,Business,Paid,On Time,97,12379.64,6872.68,18.87
Grocery,Referral,Business,Pending,Cancelled,3,368.5,173.42,24.6
Grocery,Referral,Business,Pending,Delayed,3,323.67,216.43,6.76
Grocery,Referral,Business,Pending,On Time,21,2438.94,1285.28,17.03
Grocery,Referral,Business,Refunded,Cancelled,19,2621.25,1546.96,0.0
Grocery,Referral,Consumer,Failed,Cancelled,60,8517.2,5195.53,1.94
Grocery,Referral,Consumer,Paid,Cancelled,16,2135.67,1200.6,16.76
Grocery,Referral,Consumer,Paid,Delayed,104,13226.99,7032.68,22.08
Grocery,Referral,Consumer,Paid,Early,67,8997.82,4823.09,18.72
Grocery,Referral,Consumer,Paid,On Time,638,80275.31,44088.17,21.44
Grocery,Referral,Consumer,Pending,Cancelled,27,2982.84,1624.67,14.37
Grocery,Referral,Consumer,Pending,Delayed,11,1056.18,598.55,10.19
Grocery,Referral,Consumer,Pending,Early,10,1454.73,780.88,45.64
Grocery,Referral,Consumer,Pending,On Time,56,6067.17,3249.02,15.38
Grocery,Referral,Consumer,Refunded,Cancelled,79,10533.1,6330.62,2.98
Grocery,Referral,Premium,Failed,Cancelled,43,5299.0,3137.3,11.65
Grocery,Referral,Premium,Paid,Cancelled,5,759.69,464.11,13.56
Grocery,Referral,Premium,Paid,Delayed,43,4700.91,2078.99,44.9
Grocery,Referral,Premium,Paid,Early,32,4405.78,2311.68,35.7
Grocery,Referral,Premium,Paid,On Time,251,32048.8,17422.34,29.98
Grocery,Referral,Premium,Pending,Cancelled,10,1030.29,567.02,13.65
Grocery,Referral,Premium,Pending,Delayed,5,399.86,209.18,25.27
Grocery,Referral,Premium,Pending,Early,2,280.69,151.12,40.83
Grocery,Referral,Premium,Pending,On Time,46,5518.44,3045.57,22.66
Grocery,Referral,Premium,Refunded,Cancelled,18,2204.94,1335.32,1.66
Grocery,Referral,VIP,Failed,Cancelled,15,1635.88,1007.96,1.12
Grocery,Referral,VIP,Paid,Cancelled,2,164.58,88.55,5.3
Grocery,Referral,VIP,Paid,Delayed,26,4423.12,2398.2,34.72
Grocery,Referral,VIP,Paid,Early,14,1398.95,735.78,19.55
Grocery,Referral,VIP,Paid,On Time,123,14389.68,7535.69,27.94
Grocery,Referral,VIP,Pending,Cancelled,1,36.7,21.19,2.0
Grocery,Referral,VIP,Pending,Delayed,3,385.41,220.96,8.16
Grocery,Referral,VIP,Pending,Early,4,298.1,154.69,14.84
Grocery,Referral,VIP,Pending,On Time,10,1329.59,707.11,26.86
Grocery,Referral,VIP,Refunded,Cancelled,10,1104.58,667.55,0.0
Grocery,TikTok,Business,Failed,Cancelled,5,488.9,289.53,1.46
Grocery,TikTok,Business,Paid,Cancelled,1,94.95,57.14,16.18
Grocery,TikTok,Business,Paid,Delayed,8,1148.89,684.74,17.82
Grocery,TikTok,Business,Paid,Early,11,1157.29,569.13,18.91
Grocery,TikTok,Business,Paid,On Time,53,5953.74,3229.96,19.1
Grocery,TikTok,Business,Pending,Cancelled,2,120.57,50.51,8.41
Grocery,TikTok,Business,Pending,Delayed,1,47.06,21.41,3.52
Grocery,TikTok,Business,Pending,On Time,4,488.93,268.1,4.54
Grocery,TikTok,Business,Refunded,Cancelled,5,1261.3,844.81,0.0
Grocery,TikTok,Consumer,Failed,Cancelled,36,4016.06,2429.41,2.02
Grocery,TikTok,Consumer,Paid,Cancelled,8,1647.02,991.44,18.1
Grocery,TikTok,Consumer,Paid,Delayed,57,7017.29,3870.06,13.98
Grocery,TikTok,Consumer,Paid,Early,38,4222.04,2080.64,24.24
Grocery,TikTok,Consumer,Paid,On Time,290,35225.55,18963.13,20.2
Grocery,TikTok,Consumer,Pending,Cancelled,13,1719.15,917.58,23.13
Grocery,TikTok,Consumer,Pending,Delayed,1,256.92,178.71,39.02
Grocery,TikTok,Consumer,Pending,Early,1,39.18,18.9,1.67
Grocery,TikTok,Consumer,Pending,On Time,35,4678.02,2641.42,17.67
Grocery,TikTok,Consumer,Refunded,Cancelled,29,3590.43,2158.95,0.14
Grocery,TikTok,Premium,Failed,Cancelled,16,1707.79,1014.92,3.88
Grocery,TikTok,Premium,Paid,Cancelled,5,504.77,281.75,17.68
Grocery,TikTok,Premium,Paid,Delayed,27,3518.05,1901.16,22.73
Grocery,TikTok,Premium,Paid,Early,17,1713.21,800.86,21.1
Grocery,TikTok,Premium,Paid,On Time,139,17448.34,9374.97,25.89
Grocery,TikTok,Premium,Pending,Cancelled,5,437.32,223.07,14.46
Grocery,TikTok,Premium,Pending,Delayed,1,377.05,210.99,53.13
Grocery,TikTok,Premium,Pending,Early,2,208.12,30.39,95.04
Grocery,TikTok,Premium,Pending,On Time,18,2334.08,1137.91,33.74
Grocery,TikTok,Premium,Refunded,Cancelled,14,1828.05,1091.31,0.72
Grocery,TikTok,VIP,Failed,Cancelled,7,770.76,520.86,2.87
Grocery,TikTok,VIP,Paid,Cancelled,1,64.61,24.11,80.65
Grocery,TikTok,VIP,Paid,Delayed,10,1527.81,894.92,20.16
Grocery,TikTok,VIP,Paid,Early,10,798.66,475.15,17.38
Grocery,TikTok,VIP,Paid,On Time,60,8306.25,4562.23,30.54
Grocery,TikTok,VIP,Pending,Delayed,2,225.97,41.66,131.27
Grocery,TikTok,VIP,Pending,Early,2,170.4,63.87,29.26
Grocery,TikTok,VIP,Pending,On Time,3,482.49,239.73,24.68
Grocery,TikTok,VIP,Refunded,Cancelled,5,840.78,554.86,0.0
Grocery,YouTube,Business,Failed,Cancelled,7,850.76,541.38,2.48
Grocery,YouTube,Business,Paid,Delayed,7,1055.53,581.96,16.45
Grocery,YouTube,Business,Paid,Early,3,464.88,223.73,39.36
Grocery,YouTube,Business,Paid,On Time,56,7367.75,4150.04,16.84
Grocery,YouTube,Business,Pending,Early,1,439.78,271.3,3.37
Grocery,YouTube,Business,Pending,On Time,4,729.04,352.85,25.77
Grocery,YouTube,Business,Refunded,Cancelled,8,1212.74,742.45,0.0
Grocery,YouTube,Consumer,Failed,Cancelled,36,4641.47,2742.98,6.72
Grocery,YouTube,Consumer,Paid,Cancelled,10,1853.73,934.68,35.01
Grocery,YouTube,Consumer,Paid,Delayed,48,6011.74,3178.43,20.33
Grocery,YouTube,Consumer,Paid,Early,17,1779.94,975.46,16.86
Grocery,YouTube,Consumer,Paid,On Time,248,28901.12,15833.47,17.49
Grocery,YouTube,Consumer,Pending,Cancelled,7,1357.6,841.57,9.79
Grocery,YouTube,Consumer,Pending,Delayed,6,776.53,381.76,23.97
Grocery,YouTube,Consumer,Pending,Early,4,609.89,329.25,16.48
Grocery,YouTube,Consumer,Pending,On Time,27,3322.12,1863.0,13.44
Grocery,YouTube,Consumer,Refunded,Cancelled,30,4813.39,2997.05,3.31
Grocery,YouTube,Premium,Failed,Cancelled,19,2237.27,1232.24,9.06
Grocery,YouTube,Premium,Paid,Cancelled,3,716.84,416.52,20.63
Grocery,YouTube,Premium,Paid,Delayed,12,1793.88,970.22,33.68
Grocery,YouTube,Premium,Paid,Early,15,2340.05,1277.03,22.61
Grocery,YouTube,Premium,Paid,On Time,89,10875.11,5761.15,29.11
Grocery,YouTube,Premium,Pending,Cancelled,2,441.56,265.23,56.59
Grocery,YouTube,Premium,Pending,Delayed,1,61.92,29.49,4.73
Grocery,YouTube,Premium,Pending,Early,3,334.93,178.25,42.89
Grocery,YouTube,Premium,Pending,On Time,9,670.63,337.36,19.49
Grocery,YouTube,Premium,Refunded,Cancelled,10,866.66,490.84,2.4
Grocery,YouTube,VIP,Failed,Cancelled,5,704.17,388.11,27.71
Grocery,YouTube,VIP,Paid,Cancelled,2,107.24,56.32,8.72
Grocery,YouTube,VIP,Paid,Delayed,11,1202.47,625.24,21.07
Grocery,YouTube,VIP,Paid,Early,2,184.63,93.14,1.68
Grocery,YouTube,VIP,Paid,On Time,46,5758.79,3290.95,27.04
Grocery,YouTube,VIP,Pending,On Time,5,857.37,481.73,31.42
Grocery,YouTube,VIP,Refunded,Cancelled,5,907.02,606.5,0.0
Health & Wellness,Affiliate,Business,Failed,Cancelled,11,6038.39,3356.99,12.82
Health & Wellness,Affiliate,Business,Paid,Cancelled,1,245.78,110.02,123.27
Health & Wellness,Affiliate,Business,Paid,Delayed,12,4912.0,2245.31,51.36
Health & Wellness,Affiliate,Business,Paid,Early,9,3465.85,1650.84,27.08
Health & Wellness,Affiliate,Business,Paid,On Time,85,25394.23,11431.62,48.84
Health & Wellness,Affiliate,Business,Pending,Cancelled,3,822.9,428.33,19.08
Health & Wellness,Affiliate,Business,Pending,Early,1,64.56,27.8,12.53
Health & Wellness,Affiliate,Business,Pending,On Time,9,2116.32,885.25,54.9
Health & Wellness,Affiliate,Business,Refunded,Cancelled,15,4567.04,2450.53,13.59
Health & Wellness,Affiliate,Consumer,Failed,Cancelled,42,16777.73,9080.05,4.64
Health & Wellness,Affiliate,Consumer,Paid,Cancelled,12,4028.66,1746.43,39.62
Health & Wellness,Affiliate,Consumer,Paid,Delayed,94,35871.64,16929.94,59.37
Health & Wellness,Affiliate,Consumer,Paid,Early,54,18312.69,8649.58,43.6
Health & Wellness,Affiliate,Consumer,Paid,On Time,401,141350.82,65670.52,59.91
Health & Wellness,Affiliate,Consumer,Pending,Cancelled,12,6124.19,2816.24,75.24
Health & Wellness,Affiliate,Consumer,Pending,Delayed,7,2244.69,760.26,93.32
Health & Wellness,Affiliate,Consumer,Pending,Early,5,1548.07,747.96,40.24
Health & Wellness,Affiliate,Consumer,Pending,On Time,55,18025.3,8074.04,54.23
Health & Wellness,Affiliate,Consumer,Refunded,Cancelled,43,19701.15,10756.71,7.47
Health & Wellness,Affiliate,Premium,Failed,Cancelled,30,9138.88,4788.13,16.62
Health & Wellness,Affiliate,Premium,Paid,Cancelled,7,2827.16,1198.75,90.78
Health & Wellness,Affiliate,Premium,Paid,Delayed,22,6665.94,3098.7,60.55
Health & Wellness,Affiliate,Premium,Paid,Early,23,7384.69,3541.47,73.76
Health & Wellness,Affiliate,Premium,Paid,On Time,186,67273.4,29032.45,78.76
Health & Wellness,Affiliate,Premium,Pending,Cancelled,6,2107.64,1028.02,69.63
Health & Wellness,Affiliate,Premium,Pending,Delayed,1,432.77,135.82,113.87
Health & Wellness,Affiliate,Premium,Pending,Early,3,560.14,256.69,15.18
Health & Wellness,Affiliate,Premium,Pending,On Time,25,6486.1,2734.33,69.34
Health & Wellness,Affiliate,Premium,Refunded,Cancelled,23,8367.69,4575.74,10.94
Health & Wellness,Affiliate,VIP,Failed,Cancelled,11,3209.29,1701.04,5.71
Health & Wellness,Affiliate,VIP,Paid,Cancelled,1,167.82,58.72,38.75
Health & Wellness,Affiliate,VIP,Paid,Delayed,14,4822.73,1636.9,134.17
Health & Wellness,Affiliate,VIP,Paid,Early,7,1316.28,384.08,74.23
Health & Wellness,Affiliate,VIP,Paid,On Time,89,28716.56,13109.74,68.22
Health & Wellness,Affiliate,VIP,Pending,Delayed,1,275.35,84.04,97.94
Health & Wellness,Affiliate,VIP,Pending,Early,3,512.82,232.06,44.77
Health & Wellness,Affiliate,VIP,Pending,On Time,12,4277.37,2153.69,37.93
Health & Wellness,Affiliate,VIP,Refunded,Cancelled,9,2855.0,1686.97,0.0
Health & Wellness,Direct,Business,Failed,Cancelled,22,7610.77,3895.42,26.07
Health & Wellness,Direct,Business,Paid,Cancelled,5,2109.01,1127.88,68.59
Health & Wellness,Direct,Business,Paid,Delayed,46,12268.72,5480.24,49.95
Health & Wellness,Direct,Business,Paid,Early,25,8419.28,4055.85,49.94
Health & Wellness,Direct,Business,Paid,On Time,229,80340.46,34943.82,70.13
Health & Wellness,Direct,Business,Pending,Cancelled,6,1111.05,509.81,29.31
Health & Wellness,Direct,Business,Pending,Delayed,4,897.46,359.17,34.77
Health & Wellness,Direct,Business,Pending,Early,2,303.73,139.73,20.32
Health & Wellness,Direct,Business,Pending,On Time,18,8004.86,3557.38,100.59
Health & Wellness,Direct,Business,Refunded,Cancelled,30,12355.31,6648.69,26.36
Health & Wellness,Direct,Consumer,Failed,Cancelled,162,55455.18,29638.64,13.72
Health & Wellness,Direct,Consumer,Paid,Cancelled,25,9540.2,4024.93,83.87
Health & Wellness,Direct,Consumer,Paid,Delayed,257,94414.34,43367.23,58.06
Health & Wellness,Direct,Consumer,Paid,Early,139,46964.14,20871.84,64.46
Health & Wellness,Direct,Consumer,Paid,On Time,1239,437287.46,200778.48,62.02
Health & Wellness,Direct,Consumer,Pending,Cancelled,40,12396.32,5973.34,56.73
Health & Wellness,Direct,Consumer,Pending,Delayed,17,5442.05,2414.37,48.15
Health & Wellness,Direct,Consumer,Pending,Early,18,4897.4,2309.29,33.01
Health & Wellness,Direct,Consumer,Pending,On Time,137,50115.62,24226.67,58.05
Health & Wellness,Direct,Consumer,Refunded,Cancelled,155,52552.49,28444.56,0.98
Health & Wellness,Direct,Premium,Failed,Cancelled,75,29314.32,14818.53,35.77
Health & Wellness,Direct,Premium,Paid,Cancelled,15,6230.83,2354.53,115.54
Health & Wellness,Direct,Premium,Paid,Delayed,112,38833.43,17009.49,83.02
Health & Wellness,Direct,Premium,Paid,Early,42,14569.61,6689.83,69.46
Health & Wellness,Direct,Premium,Paid,On Time,559,194450.32,83763.36,78.2
Health & Wellness,Direct,Premium,Pending,Cancelled,17,5158.6,2017.87,83.56
Health & Wellness,Direct,Premium,Pending,Delayed,14,3384.2,1755.14,35.35
Health & Wellness,Direct,Premium,Pending,Early,2,421.68,189.85,43.58
Health & Wellness,Direct,Premium,Pending,On Time,63,18589.07,8009.44,67.56
Health & Wellness,Direct,Premium,Refunded,Cancelled,67,26350.98,14024.23,11.14
Health & Wellness,Direct,VIP,Failed,Cancelled,39,12231.45,6547.21,2.31
Health & Wellness,Direct,VIP,Paid,Cancelled,5,926.03,434.82,26.01
Health & Wellness,Direct,VIP,Paid,Delayed,49,15526.74,6819.79,62.91
Health & Wellness,Direct,VIP,Paid,Early,24,5244.91,2026.46,63.42
Health & Wellness,Direct,VIP,Paid,On Time,228,81367.41,34348.98,87.22
Health & Wellness,Direct,VIP,Pending,Cancelled,10,2096.03,1021.92,41.43
Health & Wellness,Direct,VIP,Pending,Delayed,4,1725.3,882.89,93.52
Health & Wellness,Direct,VIP,Pending,Early,3,1363.23,646.12,128.7
Health & Wellness,Direct,VIP,Pending,On Time,31,9691.33,4477.21,57.21
Health & Wellness,Direct,VIP,Refunded,Cancelled,31,10706.23,5832.54,1.69
Health & Wellness,Email Marketing,Business,Failed,Cancelled,17,6693.08,3759.21,9.7
Health & Wellness,Email Marketing,Business,Paid,Cancelled,1,178.08,73.75,13.75
Health & Wellness,Email Marketing,Business,Paid,Delayed,15,6344.79,2580.85,101.3
Health & Wellness,Email Marketing,Business,Paid,Early,13,5073.18,2291.56,68.38
Health & Wellness,Email Marketing,Business,Paid,On Time,132,46349.81,20591.48,70.83
Health & Wellness,Email Marketing,Business,Pending,Cancelled,5,1257.66,472.34,61.27
Health & Wellness,Email Marketing,Business,Pending,Delayed,3,935.72,370.78,70.19
Health & Wellness,Email Marketing,Business,Pending,Early,1,253.78,104.39,19.04
Health & Wellness,Email Marketing,Business,Pending,On Time,17,4765.92,2283.12,27.22
Health & Wellness,Email Marketing,Business,Refunded,Cancelled,16,8325.41,4706.92,0.0
Health & Wellness,Email Marketing,Consumer,Failed,Cancelled,83,34097.56,17996.62,22.06
Health & Wellness,Email Marketing,Consumer,Paid,Cancelled,19,7516.2,3514.81,55.5
Health & Wellness,Email Marketing,Consumer,Paid,Delayed,127,42865.39,20053.91,56.0
Health & Wellness,Email Marketing,Consumer,Paid,Early,73,27797.53,12614.96,58.44
Health & Wellness,Email Marketing,Consumer,Paid,On Time,646,226584.17,103349.36,62.26
Health & Wellness,Email Marketing,Consumer,Pending,Cancelled,13,5697.19,2755.39,42.83
Health & Wellness,Email Marketing,Consumer,Pending,Delayed,10,1704.8,696.46,37.93
Health & Wellness,Email Marketing,Consumer,Pending,Early,5,1533.06,719.77,43.87
Health & Wellness,Email Marketing,Consumer,Pending,On Time,65,22116.81,10596.35,43.15
Health & Wellness,Email Marketing,Consumer,Refunded,Cancelled,89,32604.11,17694.4,4.34
Health & Wellness,Email Marketing,Premium,Failed,Cancelled,43,14555.68,7572.57,14.82
Health & Wellness,Email Marketing,Premium,Paid,Cancelled,8,3001.73,1250.53,69.78
Health & Wellness,Email Marketing,Premium,Paid,Delayed,75,26977.11,10756.17,101.5
Health & Wellness,Email Marketing,Premium,Paid,Early,29,11735.83,5218.71,64.28
Health & Wellness,Email Marketing,Premium,Paid,On Time,311,109272.15,46357.06,77.67
Health & Wellness,Email Marketing,Premium,Pending,Cancelled,10,3401.06,1420.99,78.32
Health & Wellness,Email Marketing,Premium,Pending,Delayed,9,2086.22,831.23,68.6
Health & Wellness,Email Marketing,Premium,Pending,Early,3,598.81,217.88,70.59
Health & Wellness,Email Marketing,Premium,Pending,On Time,31,11227.88,5366.21,64.86
Health & Wellness,Email Marketing,Premium,Refunded,Cancelled,34,11793.61,6489.36,0.12
Health & Wellness,Email Marketing,VIP,Failed,Cancelled,18,9263.11,4987.62,23.66
Health & Wellness,Email Marketing,VIP,Paid,Cancelled,3,1898.72,892.82,107.66
Health & Wellness,Email Marketing,VIP,Paid,Delayed,20,8935.55,3722.3,105.25
Health & Wellness,Email Marketing,VIP,Paid,Early,13,3873.76,1906.94,29.86
Health & Wellness,Email Marketing,VIP,Paid,On Time,129,42895.63,19255.55,70.68
Health & Wellness,Email Marketing,VIP,Pending,Cancelled,2,188.53,104.73,18.1
Health & Wellness,Email Marketing,VIP,Pending,Delayed,2,442.01,190.5,33.96
Health & Wellness,Email Marketing,VIP,Pending,Early,3,424.04,215.02,18.75
Health & Wellness,Email Marketing,VIP,Pending,On Time,17,6729.0,2922.14,99.89
Health & Wellness,Email Marketing,VIP,Refunded,Cancelled,17,6130.58,3240.45,27.9
Health & Wellness,Facebook Ads,Business,Failed,Cancelled,35,12064.54,6186.84,13.71
Health & Wellness,Facebook Ads,Business,Paid,Delayed,41,18050.62,8479.67,58.44
Health & Wellness,Facebook Ads,Business,Paid,Early,13,3838.13,1599.59,84.08
Health & Wellness,Facebook Ads,Business,Paid,On Time,178,58448.9,26839.01,55.17
Health & Wellness,Facebook Ads,Business,Pending,Cancelled,7,5229.12,2505.45,102.78
Health & Wellness,Facebook Ads,Business,Pending,Delayed,7,3086.85,1523.12,45.06
Health & Wellness,Facebook Ads,Business,Pending,Early,2,804.19,385.23,72.34
Health & Wellness,Facebook Ads,Business,Pending,On Time,10,3589.45,1633.47,53.59
Health & Wellness,Facebook Ads,Business,Refunded,Cancelled,14,5447.98,3085.03,6.46
Health & Wellness,Facebook Ads,Consumer,Failed,Cancelled,124,43684.76,22781.31,17.72
Health & Wellness,Facebook Ads,Consumer,Paid,Cancelled,26,9890.29,4376.29,70.52
Health & Wellness,Facebook Ads,Consumer,Paid,Delayed,202,68788.54,31202.64,58.5
Health & Wellness,Facebook Ads,Consumer,Paid,Early,122,42816.63,19361.59,59.02
Health & Wellness,Facebook Ads,Consumer,Paid,On Time,1024,353954.39,160616.3,58.53
Health & Wellness,Facebook Ads,Consumer,Pending,Cancelled,20,7454.76,3828.57,53.89
Health & Wellness,Facebook Ads,Consumer,Pending,Delayed,20,8397.57,4072.95,48.88
Health & Wellness,Facebook Ads,Consumer,Pending,Early,14,4813.91,2195.57,66.26
Health & Wellness,Facebook Ads,Consumer,Pending,On Time,101,36155.16,16175.35,62.31
Health & Wellness,Facebook Ads,Consumer,Refunded,Cancelled,130,48115.55,25646.08,8.93
Health & Wellness,Facebook Ads,Premium,Failed,Cancelled,65,23609.61,12632.1,9.99
Health & Wellness,Facebook Ads,Premium,Paid,Cancelled,12,3232.41,1366.71,68.54
Health & Wellness,Facebook Ads,Premium,Paid,Delayed,95,30966.56,12706.85,86.46
Health & Wellness,Facebook Ads,Premium,Paid,Early,64,24749.01,10755.01,73.69
Health & Wellness,Facebook Ads,Premium,Paid,On Time,449,155374.51,67286.45,77.84
Health & Wellness,Facebook Ads,Premium,Pending,Cancelled,21,5908.03,2667.21,47.24
Health & Wellness,Facebook Ads,Premium,Pending,Delayed,11,3675.92,1229.73,130.35
Health & Wellness,Facebook Ads,Premium,Pending,Early,5,2191.69,793.61,124.56
Health & Wellness,Facebook Ads,Premium,Pending,On Time,49,16737.28,6865.19,81.2
Health & Wellness,Facebook Ads,Premium,Refunded,Cancelled,59,18305.12,10188.41,0.56
Health & Wellness,Facebook Ads,VIP,Failed,Cancelled,19,8142.69,4318.67,18.8
Health & Wellness,Facebook Ads,VIP,Paid,Cancelled,3,1217.87,533.77,47.94
Health & Wellness,Facebook Ads,VIP,Paid,Delayed,29,11841.9,4450.9,125.54
Health & Wellness,Facebook Ads,VIP,Paid,Early,17,6286.66,3294.6,65.54
Health & Wellness,Facebook Ads,VIP,Paid,On Time,178,62369.46,26597.99,88.5
Health & Wellness,Facebook Ads,VIP,Pending,Cancelled,9,3149.69,1388.6,49.98
Health & Wellness,Facebook Ads,VIP,Pending,Delayed,8,3272.44,1339.73,103.71
Health & Wellness,Facebook Ads,VIP,Pending,Early,5,1628.85,761.53,111.26
Health & Wellness,Facebook Ads,VIP,Pending,On Time,24,8896.15,3493.72,94.87
Health & Wellness,Facebook Ads,VIP,Refunded,Cancelled,20,6253.88,3360.22,0.0
Health & Wellness,Google Ads,Business,Failed,Cancelled,34,10369.36,5619.26,16.68
Health & Wellness,Google Ads,Business,Paid,Cancelled,8,3400.22,1613.25,71.92
Health & Wellness,Google Ads,Business,Paid,Delayed,44,11738.45,5256.12,43.14
Health & Wellness,Google Ads,Business,Paid,Early,18,6584.22,3228.13,39.26
Health & Wellness,Google Ads,Business,Paid,On Time,238,79268.58,36351.58,55.97
Health & Wellness,Google Ads,Business,Pending,Cancelled,9,3115.33,1485.0,60.34
Health & Wellness,Google Ads,Business,Pending,Delayed,6,1770.86,773.59,21.41
Health & Wellness,Google Ads,Business,Pending,Early,4,2279.12,1105.15,21.82
Health & Wellness,Google Ads,Business,Pending,On Time,28,6748.64,3109.05,51.46
Health & Wellness,Google Ads,Business,Refunded,Cancelled,25,10190.31,5507.29,4.76
Health & Wellness,Google Ads,Consumer,Failed,Cancelled,157,54498.27,29124.51,9.7
Health & Wellness,Google Ads,Consumer,Paid,Cancelled,32,10693.66,4508.43,56.78
Health & Wellness,Google Ads,Consumer,Paid,Delayed,230,84497.59,38878.04,63.55
Health & Wellness,Google Ads,Consumer,Paid,Early,142,48560.4,21808.19,63.27
Health & Wellness,Google Ads,Consumer,Paid,On Time,1254,448551.28,208029.44,58.53
Health & Wellness,Google Ads,Consumer,Pending,Cancelled,33,10354.24,5124.02,53.18
Health & Wellness,Google Ads,Consumer,Pending,Delayed,35,9841.47,4267.87,50.61
Health & Wellness,Google Ads,Consumer,Pending,Early,12,2417.75,1010.01,30.64
Health & Wellness,Google Ads,Consumer,Pending,On Time,120,47703.63,21873.55,75.11
Health & Wellness,Google Ads,Consumer,Refunded,Cancelled,171,68776.69,37570.23,1.97
Health & Wellness,Google Ads,Premium,Failed,Cancelled,84,32660.46,17102.25,23.24
Health & Wellness,Google Ads,Premium,Paid,Cancelled,13,3212.97,1384.09,50.4
Health & Wellness,Google Ads,Premium,Paid,Delayed,86,30221.14,12382.62,103.6
Health & Wellness,Google Ads,Premium,Paid,Early,62,20834.64,8341.43,85.9
Health & Wellness,Google Ads,Premium,Paid,On Time,557,188905.57,81536.5,77.41
Health & Wellness,Google Ads,Premium,Pending,Cancelled,18,5309.6,2123.68,88.86
Health & Wellness,Google Ads,Premium,Pending,Delayed,12,4364.07,2020.3,83.72
Health & Wellness,Google Ads,Premium,Pending,Early,6,1820.11,794.56,45.82
Health & Wellness,Google Ads,Premium,Pending,On Time,64,22832.63,9354.75,101.61
Health & Wellness,Google Ads,Premium,Refunded,Cancelled,71,27748.8,14592.87,17.55
Health & Wellness,Google Ads,VIP,Failed,Cancelled,38,14656.38,7695.02,26.35
Health & Wellness,Google Ads,VIP,Paid,Cancelled,5,1502.93,631.69,63.06
Health & Wellness,Google Ads,VIP,Paid,Delayed,40,12784.86,5392.46,88.27
Health & Wellness,Google Ads,VIP,Paid,Early,29,10657.83,4615.1,71.44
Health & Wellness,Google Ads,VIP,Paid,On Time,209,72570.23,30057.09,98.3
Health & Wellness,Google Ads,VIP,Pending,Cancelled,8,1900.57,825.28,51.53
Health & Wellness,Google Ads,VIP,Pending,Delayed,3,1516.36,433.93,170.3
Health & Wellness,Google Ads,VIP,Pending,Early,2,129.09,40.08,18.06
Health & Wellness,Google Ads,VIP,Pending,On Time,26,9094.26,4064.85,74.41
Health & Wellness,Google Ads,VIP,Refunded,Cancelled,24,7012.31,3879.94,5.65
Health & Wellness,Instagram,Business,Failed,Cancelled,24,7774.29,4086.47,14.54
Health & Wellness,Instagram,Business,Paid,Cancelled,3,564.6,310.91,7.73
Health & Wellness,Instagram,Business,Paid,Delayed,23,8685.71,3999.54,69.33
Health & Wellness,Instagram,Business,Paid,Early,15,5892.29,2479.6,129.64
Health & Wellness,Instagram,Business,Paid,On Time,140,46799.01,21695.04,45.92
Health & Wellness,Instagram,Business,Pending,Cancelled,6,2238.44,1048.14,50.2
Health & Wellness,Instagram,Business,Pending,Delayed,5,1587.32,887.63,38.75
Health & Wellness,Instagram,Business,Pending,Early,1,250.91,160.31,0.53
Health & Wellness,Instagram,Business,Pending,On Time,17,5316.7,2498.36,37.01
Health & Wellness,Instagram,Business,Refunded,Cancelled,15,7284.96,3941.41,0.0
Health & Wellness,Instagram,Consumer,Failed,Cancelled,109,38002.01,20407.41,12.61
Health & Wellness,Instagram,Consumer,Paid,Cancelled,19,6749.95,3129.5,72.0
Health & Wellness,Instagram,Consumer,Paid,Delayed,152,51351.93,24338.0,53.47
Health & Wellness,Instagram,Consumer,Paid,Early,82,23738.73,9921.33,67.56
Health & Wellness,Instagram,Consumer,Paid,On Time,837,293626.32,135084.39,61.29
Health & Wellness,Instagram,Consumer,Pending,Cancelled,24,8081.8,3967.22,53.71
Health & Wellness,Instagram,Consumer,Pending,Delayed,19,6117.21,2895.97,53.83
Health & Wellness,Instagram,Consumer,Pending,Early,7,3223.49,1653.6,57.77
Health & Wellness,Instagram,Consumer,Pending,On Time,93,36389.5,16256.89,62.65
Health & Wellness,Instagram,Consumer,Refunded,Cancelled,101,42100.54,22672.63,7.62
Health & Wellness,Instagram,Premium,Failed,Cancelled,56,20025.61,10531.65,7.39
Health & Wellness,Instagram,Premium,Paid,Cancelled,15,6070.88,2280.59,140.87
Health & Wellness,Instagram,Premium,Paid,Delayed,79,25808.19,11159.7,74.0
Health & Wellness,Instagram,Premium,Paid,Early,43,15073.95,7165.33,63.48
Health & Wellness,Instagram,Premium,Paid,On Time,360,122087.43,52406.31,80.54
Health & Wellness,Instagram,Premium,Pending,Cancelled,12,4933.74,2193.48,107.89
Health & Wellness,Instagram,Premium,Pending,Delayed,8,2728.8,1375.06,34.26
Health & Wellness,Instagram,Premium,Pending,Early,6,1641.78,777.72,68.97
Health & Wellness,Instagram,Premium,Pending,On Time,38,13441.04,5781.91,70.14
Health & Wellness,Instagram,Premium,Refunded,Cancelled,48,19285.92,11053.71,6.59
Health & Wellness,Instagram,VIP,Failed,Cancelled,23,8189.38,4498.31,14.19
Health & Wellness,Instagram,VIP,Paid,Cancelled,3,1627.52,827.29,65.29
Health & Wellness,Instagram,VIP,Paid,Delayed,32,13065.28,5841.47,106.32
Health & Wellness,Instagram,VIP,Paid,Early,14,5098.39,2373.24,66.82
Health & Wellness,Instagram,VIP,Paid,On Time,141,50172.46,20655.21,96.08
Health & Wellness,Instagram,VIP,Pending,Cancelled,2,1129.82,589.44,44.24
Health & Wellness,Instagram,VIP,Pending,Delayed,4,2949.35,1082.47,145.85
Health & Wellness,Instagram,VIP,Pending,Early,3,844.54,339.6,109.01
Health & Wellness,Instagram,VIP,Pending,On Time,22,6949.68,3330.73,44.56
Health & Wellness,Instagram,VIP,Refunded,Cancelled,19,7500.58,4077.29,2.23
Health & Wellness,Organic Search,Business,Failed,Cancelled,47,15477.64,8145.52,11.73
Health & Wellness,Organic Search,Business,Paid,Cancelled,4,1378.43,531.03,61.98
Health & Wellness,Organic Search,Business,Paid,Delayed,64,23697.68,11078.61,70.53
Health & Wellness,Organic Search,Business,Paid,Early,34,15521.73,7476.67,77.66
Health & Wellness,Organic Search,Business,Paid,On Time,286,95908.43,44616.38,53.59
Health & Wellness,Organic Search,Business,Pending,Cancelled,14,6361.41,2922.98,64.1
Health & Wellness,Organic Search,Business,Pending,Delayed,8,2250.25,1219.86,28.46
Health & Wellness,Organic Search,Business,Pending,Early,2,588.86,239.35,54.86
Health & Wellness,Organic Search,Business,Pending,On Time,33,11827.63,5701.45,40.37
Health & Wellness,Organic Search,Business,Refunded,Cancelled,39,17670.93,9252.27,4.31
Health & Wellness,Organic Search,Consumer,Failed,Cancelled,214,81106.68,42342.39,16.9
Health & Wellness,Organic Search,Consumer,Paid,Cancelled,48,15926.78,7003.19,60.42
Health & Wellness,Organic Search,Consumer,Paid,Delayed,343,120400.95,54703.26,63.21
Health & Wellness,Organic Search,Consumer,Paid,Early,185,67367.51,30944.68,64.62
Health & Wellness,Organic Search,Consumer,Paid,On Time,1639,558331.96,258150.64,57.35
Health & Wellness,Organic Search,Consumer,Pending,Cancelled,61,21111.59,9370.59,56.96
Health & Wellness,Organic Search,Consumer,Pending,Delayed,41,14355.23,6500.62,68.32
Health & Wellness,Organic Search,Consumer,Pending,Early,23,6699.23,2919.6,66.82
Health & Wellness,Organic Search,Consumer,Pending,On Time,189,67083.17,29939.36,60.25
Health & Wellness,Organic Search,Consumer,Refunded,Cancelled,191,60563.53,32817.4,1.29
Health & Wellness,Organic Search,Premium,Failed,Cancelled,96,34627.0,18892.05,4.14
Health & Wellness,Organic Search,Premium,Paid,Cancelled,15,3445.1,1253.13,61.95
Health & Wellness,Organic Search,Premium,Paid,Delayed,138,52674.56,23587.28,78.28
Health & Wellness,Organic Search,Premium,Paid,Early,91,29913.04,13767.71,64.85
Health & Wellness,Organic Search,Premium,Paid,On Time,746,248686.11,105995.71,81.03
Health & Wellness,Organic Search,Premium,Pending,Cancelled,17,5395.31,2421.37,54.95
Health & Wellness,Organic Search,Premium,Pending,Delayed,18,4896.7,2151.68,57.75
Health & Wellness,Organic Search,Premium,Pending,Early,14,4395.53,2147.89,44.04
Health & Wellness,Organic Search,Premium,Pending,On Time,88,28215.49,11345.3,87.64
Health & Wellness,Organic Search,Premium,Refunded,Cancelled,99,35477.5,19455.78,7.4
Health & Wellness,Organic Search,VIP,Failed,Cancelled,35,14618.13,7896.03,19.62
Health & Wellness,Organic Search,VIP,Paid,Cancelled,3,508.31,242.62,23.12
Health & Wellness,Organic Search,VIP,Paid,Delayed,50,17547.58,7458.31,73.63
Health & Wellness,Organic Search,VIP,Paid,Early,35,12137.3,5606.21,58.63
Health & Wellness,Organic Search,VIP,Paid,On Time,294,101955.14,43907.83,83.81
Health & Wellness,Organic Search,VIP,Pending,Cancelled,13,3832.44,1520.72,79.91
Health & Wellness,Organic Search,VIP,Pending,Delayed,11,4422.4,1793.96,96.53
Health & Wellness,Organic Search,VIP,Pending,Early,1,465.82,228.3,104.8
Health & Wellness,Organic Search,VIP,Pending,On Time,36,11167.83,5039.59,60.36
Health & Wellness,Organic Search,VIP,Refunded,Cancelled,37,12124.64,6724.52,0.51
Health & Wellness,Referral,Business,Failed,Cancelled,15,3438.32,1958.11,1.07
Health & Wellness,Referral,Business,Paid,Cancelled,2,762.47,220.77,126.76
Health & Wellness,Referral,Business,Paid,Delayed,31,10704.4,4621.78,65.6
Health & Wellness,Referral,Business,Paid,Early,17,5879.17,2791.41,28.67
Health & Wellness,Referral,Business,Paid,On Time,115,39300.33,17986.12,59.84
Health & Wellness,Referral,Business,Pending,Cancelled,5,2229.54,1211.44,62.59
Health & Wellness,Referral,Business,Pending,Delayed,2,600.68,322.89,52.43
Health & Wellness,Referral,Business,Pending,On Time,16,3889.46,1637.02,55.99
Health & Wellness,Referral,Business,Refunded,Cancelled,13,6010.3,3488.27,2.29
Health & Wellness,Referral,Consumer,Failed,Cancelled,81,24666.43,12938.01,12.98
Health & Wellness,Referral,Consumer,Paid,Cancelled,17,6940.6,2749.29,80.69
Health & Wellness,Referral,Consumer,Paid,Delayed,121,45390.55,20578.69,70.72
Health & Wellness,Referral,Consumer,Paid,Early,75,25693.52,11993.23,48.03
Health & Wellness,Referral,Consumer,Paid,On Time,633,210677.88,96021.76,59.22
Health & Wellness,Referral,Consumer,Pending,Cancelled,22,6315.52,2676.31,63.1
Health & Wellness,Referral,Consumer,Pending,Delayed,9,3148.69,1456.1,63.29
Health & Wellness,Referral,Consumer,Pending,Early,12,3345.94,1145.23,125.22
Health & Wellness,Referral,Consumer,Pending,On Time,78,28378.77,13146.99,65.92
Health & Wellness,Referral,Consumer,Refunded,Cancelled,97,34240.52,19074.7,3.19
Health & Wellness,Referral,Premium,Failed,Cancelled,46,19231.58,10240.76,16.12
Health & Wellness,Referral,Premium,Paid,Cancelled,5,2130.54,899.29,113.57
Health & Wellness,Referral,Premium,Paid,Delayed,42,11203.16,4894.99,59.39
Health & Wellness,Referral,Premium,Paid,Early,36,11692.11,5327.51,73.36
Health & Wellness,Referral,Premium,Paid,On Time,306,101815.15,43789.8,80.28
Health & Wellness,Referral,Premium,Pending,Cancelled,11,5508.34,2326.58,129.78
Health & Wellness,Referral,Premium,Pending,Delayed,6,1484.73,477.07,72.47
Health & Wellness,Referral,Premium,Pending,Early,2,422.53,165.75,47.14
Health & Wellness,Referral,Premium,Pending,On Time,43,17303.81,8443.35,67.88
Health & Wellness,Referral,Premium,Refunded,Cancelled,31,11637.15,6384.03,2.12
Health & Wellness,Referral,VIP,Failed,Cancelled,18,8837.21,4775.06,4.39
Health & Wellness,Referral,VIP,Paid,Cancelled,4,2580.84,1081.62,72.52
Health & Wellness,Referral,VIP,Paid,Delayed,23,7044.8,3221.55,67.93
Health & Wellness,Referral,VIP,Paid,Early,16,5076.99,1534.89,127.7
Health & Wellness,Referral,VIP,Paid,On Time,134,43091.46,17824.71,82.1
Health & Wellness,Referral,VIP,Pending,Cancelled,4,1031.4,541.21,35.66
Health & Wellness,Referral,VIP,Pending,Delayed,3,1457.56,668.33,139.33
Health & Wellness,Referral,VIP,Pending,Early,2,406.43,184.83,36.04
Health & Wellness,Referral,VIP,Pending,On Time,8,2443.0,1069.72,72.81
Health & Wellness,Referral,VIP,Refunded,Cancelled,14,4290.84,2409.32,0.93
Health & Wellness,TikTok,Business,Failed,Cancelled,6,3966.88,2064.5,12.6
Health & Wellness,TikTok,Business,Paid,Cancelled,1,605.12,283.43,48.09
Health & Wellness,TikTok,Business,Paid,Delayed,6,2372.25,1130.43,40.23
Health & Wellness,TikTok,Business,Paid,Early,6,3154.33,1566.29,53.05
Health & Wellness,TikTok,Business,Paid,On Time,56,19179.25,8943.76,46.44
Health & Wellness,TikTok,Business,Pending,On Time,7,2481.8,1430.54,27.66
Health & Wellness,TikTok,Business,Refunded,Cancelled,8,1317.09,639.55,0.0
Health & Wellness,TikTok,Consumer,Failed,Cancelled,45,15859.92,8717.89,9.42
Health & Wellness,TikTok,Consumer,Paid,Cancelled,5,1865.1,850.5,95.35
Health & Wellness,TikTok,Consumer,Paid,Delayed,60,20903.08,10121.83,48.51
Health & Wellness,TikTok,Consumer,Paid,Early,41,13586.18,5487.49,69.56
Health & Wellness,TikTok,Consumer,Paid,On Time,329,104445.08,47128.32,56.89
Health & Wellness,TikTok,Consumer,Pending,Cancelled,10,4512.79,2127.39,87.68
Health & Wellness,TikTok,Consumer,Pending,Delayed,6,2708.33,1215.8,49.06
Health & Wellness,TikTok,Consumer,Pending,Early,4,1994.38,1036.49,39.44
Health & Wellness,TikTok,Consumer,Pending,On Time,41,15429.55,7554.96,56.78
Health & Wellness,TikTok,Consumer,Refunded,Cancelled,36,13658.15,7508.58,0.86
Health & Wellness,TikTok,Premium,Failed,Cancelled,24,9041.58,4465.47,20.51
Health & Wellness,TikTok,Premium,Paid,Cancelled,2,323.87,182.39,4.54
Health & Wellness,TikTok,Premium,Paid,Delayed,31,11539.14,4461.99,113.17
Health & Wellness,TikTok,Premium,Paid,Early,20,9566.85,3858.22,129.3
Health & Wellness,TikTok,Premium,Paid,On Time,131,47324.5,21085.24,81.39
Health & Wellness,TikTok,Premium,Pending,Cancelled,9,4416.41,1636.98,122.71
Health & Wellness,TikTok,Premium,Pending,Delayed,6,1210.2,415.76,88.87
Health & Wellness,TikTok,Premium,Pending,Early,2,515.48,247.64,84.54
Health & Wellness,TikTok,Premium,Pending,On Time,18,7458.8,3318.28,75.48
Health & Wellness,TikTok,Premium,Refunded,Cancelled,17,4091.48,2185.42,1.8
Health & Wellness,TikTok,VIP,Failed,Cancelled,6,2483.82,1352.72,6.14
Health & Wellness,TikTok,VIP,Paid,Cancelled,1,100.4,41.05,6.85
Health & Wellness,TikTok,VIP,Paid,Delayed,8,2472.74,1154.8,64.88
Health & Wellness,TikTok,VIP,Paid,Early,8,3044.05,1416.31,85.07
Health & Wellness,TikTok,VIP,Paid,On Time,54,19275.37,8261.98,80.24
Health & Wellness,TikTok,VIP,Pending,Cancelled,2,858.1,345.26,202.7
Health & Wellness,TikTok,VIP,Pending,Early,1,192.85,93.56,19.9
Health & Wellness,TikTok,VIP,Pending,On Time,7,2000.7,852.42,57.97
Health & Wellness,TikTok,VIP,Refunded,Cancelled,9,2248.97,1256.95,0.0
Health & Wellness,YouTube,Business,Failed,Cancelled,4,1332.16,768.42,0.0
Health & Wellness,YouTube,Business,Paid,Cancelled,3,277.45,125.72,24.02
Health & Wellness,YouTube,Business,Paid,Delayed,12,5666.92,2610.43,77.06
Health & Wellness,YouTube,Business,Paid,Early,8,4349.95,1929.62,100.68
Health & Wellness,YouTube,Business,Paid,On Time,47,14487.82,6980.59,36.08
Health & Wellness,YouTube,Business,Pending,Cancelled,2,699.08,390.29,15.01
Health & Wellness,YouTube,Business,Pending,On Time,1,410.41,193.57,78.31
Health & Wellness,YouTube,Business,Refunded,Cancelled,2,620.85,331.65,0.0
Health & Wellness,YouTube,Consumer,Failed,Cancelled,36,11958.45,6242.94,20.36
Health & Wellness,YouTube,Consumer,Paid,Cancelled,8,2195.08,1017.99,34.93
Health & Wellness,YouTube,Consumer,Paid,Delayed,54,18060.34,7987.94,53.46
Health & Wellness,YouTube,Consumer,Paid,Early,30,9832.66,4347.4,49.97
Health & Wellness,YouTube,Consumer,Paid,On Time,246,85277.91,38015.29,65.0
Health & Wellness,YouTube,Consumer,Pending,Cancelled,9,3295.99,1666.36,65.91
Health & Wellness,YouTube,Consumer,Pending,Delayed,10,3744.86,1743.14,48.06
Health & Wellness,YouTube,Consumer,Pending,Early,4,1366.83,802.88,18.04
Health & Wellness,YouTube,Consumer,Pending,On Time,28,11159.98,5124.79,67.5
Health & Wellness,YouTube,Consumer,Refunded,Cancelled,31,12530.34,6852.1,8.27
Health & Wellness,YouTube,Premium,Failed,Cancelled,9,3109.56,1590.97,40.58
Health & Wellness,YouTube,Premium,Paid,Cancelled,1,142.8,49.14,28.87
Health & Wellness,YouTube,Premium,Paid,Delayed,22,7999.8,3197.37,66.7
Health & Wellness,YouTube,Premium,Paid,Early,14,5015.24,2390.4,59.06
Health & Wellness,YouTube,Premium,Paid,On Time,92,29470.44,13101.06,55.01
Health & Wellness,YouTube,Premium,Pending,Delayed,3,424.05,221.57,7.65
Health & Wellness,YouTube,Premium,Pending,Early,1,404.22,189.68,212.1
Health & Wellness,YouTube,Premium,Pending,On Time,12,3296.84,1452.06,48.47
Health & Wellness,YouTube,Premium,Refunded,Cancelled,5,1154.86,703.83,0.0
Health & Wellness,YouTube,VIP,Failed,Cancelled,7,3510.14,1756.02,22.01
Health & Wellness,YouTube,VIP,Paid,Delayed,14,5043.55,1490.29,156.38
Health & Wellness,YouTube,VIP,Paid,Early,7,1439.82,692.25,32.36
Health & Wellness,YouTube,VIP,Paid,On Time,47,12969.43,5445.53,86.54
Health & Wellness,YouTube,VIP,Pending,Cancelled,1,47.59,13.92,33.28
Health & Wellness,YouTube,VIP,Pending,Delayed,2,135.36,59.07,10.52
Health & Wellness,YouTube,VIP,Pending,On Time,6,2421.85,1242.8,84.42
Health & Wellness,YouTube,VIP,Refunded,Cancelled,4,1834.1,897.17,47.38
Home & Kitchen,Affiliate,Business,Failed,Cancelled,7,3083.77,1474.75,98.92
Home & Kitchen,Affiliate,Business,Paid,Cancelled,1,283.64,125.73,0.0
Home & Kitchen,Affiliate,Business,Paid,Delayed,14,6379.68,3138.27,65.54
Home & Kitchen,Affiliate,Business,Paid,Early,4,2868.57,1234.2,43.13
Home & Kitchen,Affiliate,Business,Paid,On Time,51,22384.91,10491.25,89.91
Home & Kitchen,Affiliate,Business,Pending,Cancelled,2,536.41,314.66,23.46
Home & Kitchen,Affiliate,Business,Pending,Delayed,1,244.44,120.85,24.81
Home & Kitchen,Affiliate,Business,Pending,Early,5,2373.85,1372.76,34.94
Home & Kitchen,Affiliate,Business,Pending,On Time,6,3797.02,1794.53,120.91
Home & Kitchen,Affiliate,Business,Refunded,Cancelled,13,8514.95,4881.12,13.3
Home & Kitchen,Affiliate,Consumer,Failed,Cancelled,42,22204.95,12467.34,13.14
Home & Kitchen,Affiliate,Consumer,Paid,Cancelled,10,5921.53,3190.83,81.37
Home & Kitchen,Affiliate,Consumer,Paid,Delayed,60,26370.45,12189.8,92.21
Home & Kitchen,Affiliate,Consumer,Paid,Early,32,15900.04,6984.38,105.83
Home & Kitchen,Affiliate,Consumer,Paid,On Time,332,165287.53,74746.87,97.64
Home & Kitchen,Affiliate,Consumer,Pending,Cancelled,12,6227.22,2695.12,104.28
Home & Kitchen,Affiliate,Consumer,Pending,Delayed,2,2044.68,1192.65,192.69
Home & Kitchen,Affiliate,Consumer,Pending,Early,5,1798.5,1047.45,24.33
Home & Kitchen,Affiliate,Consumer,Pending,On Time,28,12873.76,5326.05,117.71
Home & Kitchen,Affiliate,Consumer,Refunded,Cancelled,44,22186.01,12099.91,11.0
Home & Kitchen,Affiliate,Premium,Failed,Cancelled,21,12264.32,6814.1,22.22
Home & Kitchen,Affiliate,Premium,Paid,Cancelled,7,2952.35,1048.77,163.49
Home & Kitchen,Affiliate,Premium,Paid,Delayed,32,16464.69,7964.13,98.99
Home & Kitchen,Affiliate,Premium,Paid,Early,11,7030.58,3269.44,142.33
Home & Kitchen,Affiliate,Premium,Paid,On Time,152,73317.42,33120.5,117.53
Home & Kitchen,Affiliate,Premium,Pending,Cancelled,5,3626.8,1848.59,65.76
Home & Kitchen,Affiliate,Premium,Pending,Delayed,1,645.43,314.48,79.27
Home & Kitchen,Affiliate,Premium,Pending,Early,3,1956.53,1000.27,83.46
Home & Kitchen,Affiliate,Premium,Pending,On Time,24,13916.8,6698.0,111.07
Home & Kitchen,Affiliate,Premium,Refunded,Cancelled,14,8601.7,4759.66,24.97
Home & Kitchen,Affiliate,VIP,Failed,Cancelled,11,8759.37,4752.44,19.3
Home & Kitchen,Affiliate,VIP,Paid,Cancelled,1,228.41,102.02,10.1
Home & Kitchen,Affiliate,VIP,Paid,Delayed,13,5338.72,1965.32,111.12
Home & Kitchen,Affiliate,VIP,Paid,Early,6,3125.4,1570.02,77.44
Home & Kitchen,Affiliate,VIP,Paid,On Time,63,29346.64,12629.92,122.51
Home & Kitchen,Affiliate,VIP,Pending,Cancelled,2,722.91,347.01,32.99
Home & Kitchen,Affiliate,VIP,Pending,Delayed,1,387.75,104.42,231.5
Home & Kitchen,Affiliate,VIP,Pending,Early,2,600.76,252.68,58.3
Home & Kitchen,Affiliate,VIP,Pending,On Time,9,3123.78,1260.39,113.59
Home & Kitchen,Affiliate,VIP,Refunded,Cancelled,2,1641.05,787.67,0.0
Home & Kitchen,Direct,Business,Failed,Cancelled,21,14848.84,7484.81,55.99
Home & Kitchen,Direct,Business,Paid,Cancelled,7,3613.07,1490.97,155.93
Home & Kitchen,Direct,Business,Paid,Delayed,33,15750.8,7715.77,75.68
Home & Kitchen,Direct,Business,Paid,Early,35,21715.65,10866.69,91.69
Home & Kitchen,Direct,Business,Paid,On Time,187,100105.2,47207.74,97.12
Home & Kitchen,Direct,Business,Pending,Cancelled,6,2593.04,1237.65,84.88
Home & Kitchen,Direct,Business,Pending,Delayed,1,189.17,109.13,28.9
Home & Kitchen,Direct,Business,Pending,Early,3,1627.5,667.27,87.97
Home & Kitchen,Direct,Business,Pending,On Time,16,13585.52,6160.46,199.84
Home & Kitchen,Direct,Business,Refunded,Cancelled,28,15258.75,8701.88,1.34
Home & Kitchen,Direct,Consumer,Failed,Cancelled,126,66996.94,36677.34,15.07
Home & Kitchen,Direct,Consumer,Paid,Cancelled,21,8810.11,4518.65,55.63
Home & Kitchen,Direct,Consumer,Paid,Delayed,185,81433.23,38860.88,78.11
Home & Kitchen,Direct,Consumer,Paid,Early,103,54283.75,26131.78,82.46
Home & Kitchen,Direct,Consumer,Paid,On Time,991,482874.92,228285.52,84.99
Home & Kitchen,Direct,Consumer,Pending,Cancelled,37,13359.37,6492.21,62.04
Home & Kitchen,Direct,Consumer,Pending,Delayed,18,9472.42,4531.07,92.46
Home & Kitchen,Direct,Consumer,Pending,Early,16,7970.16,3987.74,57.85
Home & Kitchen,Direct,Consumer,Pending,On Time,95,39157.98,18103.88,70.56
Home & Kitchen,Direct,Consumer,Refunded,Cancelled,121,70578.42,39413.84,2.15
Home & Kitchen,Direct,Premium,Failed,Cancelled,61,33389.57,16312.58,70.79
Home & Kitchen,Direct,Premium,Paid,Cancelled,22,11042.43,4900.85,100.08
Home & Kitchen,Direct,Premium,Paid,Delayed,106,50205.83,21841.72,125.5
Home & Kitchen,Direct,Premium,Paid,Early,37,22781.94,10485.68,116.72
Home & Kitchen,Direct,Premium,Paid,On Time,479,237896.64,103087.05,124.73
Home & Kitchen,Direct,Premium,Pending,Cancelled,12,5878.59,2947.47,80.46
Home & Kitchen,Direct,Premium,Pending,Delayed,10,4609.01,2328.9,112.46
Home & Kitchen,Direct,Premium,Pending,Early,3,3479.21,1686.97,170.94
Home & Kitchen,Direct,Premium,Pending,On Time,57,24906.33,10697.54,95.76
Home & Kitchen,Direct,Premium,Refunded,Cancelled,53,33684.35,18656.35,9.07
Home & Kitchen,Direct,VIP,Failed,Cancelled,22,10228.64,5483.57,35.28
Home & Kitchen,Direct,VIP,Paid,Cancelled,5,1831.59,787.04,91.48
Home & Kitchen,Direct,VIP,Paid,Delayed,39,24596.47,10252.21,184.12
Home & Kitchen,Direct,VIP,Paid,Early,13,5624.4,2437.65,140.27
Home & Kitchen,Direct,VIP,Paid,On Time,181,87758.06,38306.02,112.23
Home & Kitchen,Direct,VIP,Pending,Cancelled,2,898.47,506.89,38.71
Home & Kitchen,Direct,VIP,Pending,Delayed,3,1372.28,701.16,101.47
Home & Kitchen,Direct,VIP,Pending,Early,1,127.56,30.68,71.07
Home & Kitchen,Direct,VIP,Pending,On Time,19,7880.08,3831.65,86.05
Home & Kitchen,Direct,VIP,Refunded,Cancelled,35,18621.67,10602.28,4.83
Home & Kitchen,Email Marketing,Business,Failed,Cancelled,16,7580.42,4116.66,25.8
Home & Kitchen,Email Marketing,Business,Paid,Cancelled,1,437.76,22.3,338.2
Home & Kitchen,Email Marketing,Business,Paid,Delayed,14,7921.92,3298.07,147.13
Home & Kitchen,Email Marketing,Business,Paid,Early,10,4507.61,2146.75,98.61
Home & Kitchen,Email Marketing,Business,Paid,On Time,102,54458.43,25824.09,96.87
Home & Kitchen,Email Marketing,Business,Pending,Cancelled,1,330.67,180.8,37.22
Home & Kitchen,Email Marketing,Business,Pending,Delayed,1,281.34,149.71,23.12
Home & Kitchen,Email Marketing,Business,Pending,Early,2,473.97,235.9,29.15
Home & Kitchen,Email Marketing,Business,Pending,On Time,11,5796.0,2467.78,128.81
Home & Kitchen,Email Marketing,Business,Refunded,Cancelled,10,5068.28,2812.08,5.55
Home & Kitchen,Email Marketing,Consumer,Failed,Cancelled,73,38144.99,20749.06,30.2
Home & Kitchen,Email Marketing,Consumer,Paid,Cancelled,11,5446.03,2168.96,92.44
Home & Kitchen,Email Marketing,Consumer,Paid,Delayed,101,51926.66,24579.7,85.56
Home & Kitchen,Email Marketing,Consumer,Paid,Early,46,23684.78,11800.79,99.0
Home & Kitchen,Email Marketing,Consumer,Paid,On Time,565,286617.21,134292.82,89.76
Home & Kitchen,Email Marketing,Consumer,Pending,Cancelled,14,8394.05,3999.94,91.5
Home & Kitchen,Email Marketing,Consumer,Pending,Delayed,7,1760.65,968.92,24.99
Home & Kitchen,Email Marketing,Consumer,Pending,Early,4,2994.39,1435.92,87.56
Home & Kitchen,Email Marketing,Consumer,Pending,On Time,67,36111.93,17017.3,83.91
Home & Kitchen,Email Marketing,Consumer,Refunded,Cancelled,67,37802.48,21424.76,1.73
Home & Kitchen,Email Marketing,Premium,Failed,Cancelled,29,16431.72,8738.75,48.38
Home & Kitchen,Email Marketing,Premium,Paid,Cancelled,4,1114.88,583.98,42.96
Home & Kitchen,Email Marketing,Premium,Paid,Delayed,52,22284.02,11098.58,80.25
Home & Kitchen,Email Marketing,Premium,Paid,Early,26,12931.36,6121.09,92.78
Home & Kitchen,Email Marketing,Premium,Paid,On Time,230,110886.38,49786.27,109.09
Home & Kitchen,Email Marketing,Premium,Pending,Cancelled,5,3090.62,1109.47,250.0
Home & Kitchen,Email Marketing,Premium,Pending,Delayed,7,5183.14,2158.42,189.67
Home & Kitchen,Email Marketing,Premium,Pending,Early,2,1538.25,248.7,329.42
Home & Kitchen,Email Marketing,Premium,Pending,On Time,25,9985.25,4343.5,94.53
Home & Kitchen,Email Marketing,Premium,Refunded,Cancelled,28,16580.66,8814.33,7.72
Home & Kitchen,Email Marketing,VIP,Failed,Cancelled,16,8752.16,3779.76,106.37
Home & Kitchen,Email Marketing,VIP,Paid,Cancelled,3,1551.54,562.76,260.45
Home & Kitchen,Email Marketing,VIP,Paid,Delayed,15,6301.88,2674.25,100.19
Home & Kitchen,Email Marketing,VIP,Paid,Early,12,4176.32,1910.65,85.67
Home & Kitchen,Email Marketing,VIP,Paid,On Time,109,56975.8,24782.47,120.23
Home & Kitchen,Email Marketing,VIP,Pending,Cancelled,4,1699.03,714.83,137.32
Home & Kitchen,Email Marketing,VIP,Pending,Early,3,1669.11,672.6,172.9
Home & Kitchen,Email Marketing,VIP,Pending,On Time,9,3213.51,1510.05,48.65
Home & Kitchen,Email Marketing,VIP,Refunded,Cancelled,16,7741.57,4401.28,9.74
Home & Kitchen,Facebook Ads,Business,Failed,Cancelled,26,11337.36,6171.42,3.48
Home & Kitchen,Facebook Ads,Business,Paid,Cancelled,3,2754.49,1182.28,186.1
Home & Kitchen,Facebook Ads,Business,Paid,Delayed,43,24601.92,12173.76,66.88
Home & Kitchen,Facebook Ads,Business,Paid,Early,9,4374.49,1816.76,118.04
Home & Kitchen,Facebook Ads,Business,Paid,On Time,146,62208.4,29085.55,86.42
Home & Kitchen,Facebook Ads,Business,Pending,Cancelled,9,4338.9,2218.7,45.38
Home & Kitchen,Facebook Ads,Business,Pending,Delayed,2,436.69,191.23,2.58
Home & Kitchen,Facebook Ads,Business,Pending,Early,1,92.15,29.56,5.17
Home & Kitchen,Facebook Ads,Business,Pending,On Time,17,9765.31,4877.18,90.56
Home & Kitchen,Facebook Ads,Business,Refunded,Cancelled,15,8575.73,4585.78,0.24
Home & Kitchen,Facebook Ads,Consumer,Failed,Cancelled,89,44142.79,23618.57,17.23
Home & Kitchen,Facebook Ads,Consumer,Paid,Cancelled,22,11518.24,4948.05,126.66
Home & Kitchen,Facebook Ads,Consumer,Paid,Delayed,179,96626.15,47486.62,80.24
Home & Kitchen,Facebook Ads,Consumer,Paid,Early,91,48598.29,23657.05,81.73
Home & Kitchen,Facebook Ads,Consumer,Paid,On Time,900,457770.26,216442.65,88.94
Home & Kitchen,Facebook Ads,Consumer,Pending,Cancelled,29,12588.86,5633.4,80.56
Home & Kitchen,Facebook Ads,Consumer,Pending,Delayed,22,10311.11,4298.52,124.6
Home & Kitchen,Facebook Ads,Consumer,Pending,Early,13,6074.3,2757.35,97.15
Home & Kitchen,Facebook Ads,Consumer,Pending,On Time,80,38805.32,18460.04,64.56
Home & Kitchen,Facebook Ads,Consumer,Refunded,Cancelled,87,44114.18,24483.02,9.84
Home & Kitchen,Facebook Ads,Premium,Failed,Cancelled,51,27802.86,15523.09,15.84
Home & Kitchen,Facebook Ads,Premium,Paid,Cancelled,4,1422.82,642.78,40.43
Home & Kitchen,Facebook Ads,Premium,Paid,Delayed,68,31873.89,12962.25,128.61
Home & Kitchen,Facebook Ads,Premium,Paid,Early,44,21228.0,9224.38,106.54
Home & Kitchen,Facebook Ads,Premium,Paid,On Time,380,193885.96,86992.9,115.31
Home & Kitchen,Facebook Ads,Premium,Pending,Cancelled,16,7804.17,2767.45,205.24
Home & Kitchen,Facebook Ads,Premium,Pending,Delayed,4,964.6,261.26,120.75
Home & Kitchen,Facebook Ads,Premium,Pending,Early,4,2795.09,1494.05,101.89
Home & Kitchen,Facebook Ads,Premium,Pending,On Time,36,16700.77,7497.74,105.86
Home & Kitchen,Facebook Ads,Premium,Refunded,Cancelled,45,18897.65,10568.59,3.82
Home & Kitchen,Facebook Ads,VIP,Failed,Cancelled,20,9445.19,5043.58,37.41
Home & Kitchen,Facebook Ads,VIP,Paid,Cancelled,4,556.41,268.0,9.31
Home & Kitchen,Facebook Ads,VIP,Paid,Delayed,31,13860.16,5789.43,161.23
Home & Kitchen,Facebook Ads,VIP,Paid,Early,12,5532.03,2752.08,78.25
Home & Kitchen,Facebook Ads,VIP,Paid,On Time,147,74528.47,31409.6,147.34
Home & Kitchen,Facebook Ads,VIP,Pending,Cancelled,2,1937.68,1285.62,22.38
Home & Kitchen,Facebook Ads,VIP,Pending,Delayed,6,2850.38,1346.08,80.3
Home & Kitchen,Facebook Ads,VIP,Pending,Early,1,286.49,135.12,1.04
Home & Kitchen,Facebook Ads,VIP,Pending,On Time,11,6449.0,2887.2,148.21
Home & Kitchen,Facebook Ads,VIP,Refunded,Cancelled,24,15446.79,9019.5,1.81
Home & Kitchen,Google Ads,Business,Failed,Cancelled,26,18032.32,10131.64,17.8
Home & Kitchen,Google Ads,Business,Paid,Cancelled,8,3107.61,1640.44,32.83
Home & Kitchen,Google Ads,Business,Paid,Delayed,32,17675.76,8562.71,93.08
Home & Kitchen,Google Ads,Business,Paid,Early,28,12281.25,6372.33,64.41
Home & Kitchen,Google Ads,Business,Paid,On Time,176,91646.77,41453.21,93.74
Home & Kitchen,Google Ads,Business,Pending,Cancelled,5,4222.88,2027.58,91.92
Home & Kitchen,Google Ads,Business,Pending,Delayed,4,2908.63,1248.71,115.14
Home & Kitchen,Google Ads,Business,Pending,Early,1,155.11,77.22,39.34
Home & Kitchen,Google Ads,Business,Pending,On Time,20,10419.16,4634.21,93.52
Home & Kitchen,Google Ads,Business,Refunded,Cancelled,17,9170.86,5223.85,8.47
Home & Kitchen,Google Ads,Consumer,Failed,Cancelled,142,77361.09,39494.28,31.79
Home & Kitchen,Google Ads,Consumer,Paid,Cancelled,27,10851.97,5200.0,79.59
Home & Kitchen,Google Ads,Consumer,Paid,Delayed,201,109577.11,51617.17,92.75
Home & Kitchen,Google Ads,Consumer,Paid,Early,110,58413.4,26737.01,113.1
Home & Kitchen,Google Ads,Consumer,Paid,On Time,999,494789.38,231741.09,88.22
Home & Kitchen,Google Ads,Consumer,Pending,Cancelled,23,10012.55,4654.55,106.06
Home & Kitchen,Google Ads,Consumer,Pending,Delayed,25,9628.2,4076.4,84.85
Home & Kitchen,Google Ads,Consumer,Pending,Early,13,5897.0,2661.76,67.21
Home & Kitchen,Google Ads,Consumer,Pending,On Time,120,60332.21,27352.94,100.8
Home & Kitchen,Google Ads,Consumer,Refunded,Cancelled,119,58127.68,32375.26,2.61
Home & Kitchen,Google Ads,Premium,Failed,Cancelled,75,37856.32,21164.66,9.52
Home & Kitchen,Google Ads,Premium,Paid,Cancelled,13,4164.79,1766.68,72.9
Home & Kitchen,Google Ads,Premium,Paid,Delayed,83,48547.92,22449.81,132.38
Home & Kitchen,Google Ads,Premium,Paid,Early,53,24218.25,10165.05,121.6
Home & Kitchen,Google Ads,Premium,Paid,On Time,470,236168.55,105645.98,104.99
Home & Kitchen,Google Ads,Premium,Pending,Cancelled,19,6511.81,2310.45,120.73
Home & Kitchen,Google Ads,Premium,Pending,Delayed,9,4320.81,2097.79,50.44
Home & Kitchen,Google Ads,Premium,Pending,Early,3,1817.56,773.14,124.32
Home & Kitchen,Google Ads,Premium,Pending,On Time,47,19945.92,8332.07,136.76
Home & Kitchen,Google Ads,Premium,Refunded,Cancelled,46,28914.31,16017.39,1.28
Home & Kitchen,Google Ads,VIP,Failed,Cancelled,36,17509.96,9389.26,39.04
Home & Kitchen,Google Ads,VIP,Paid,Cancelled,1,203.15,107.63,43.25
Home & Kitchen,Google Ads,VIP,Paid,Delayed,39,17926.12,7341.31,125.46
Home & Kitchen,Google Ads,VIP,Paid,Early,17,7772.25,3801.99,93.52
Home & Kitchen,Google Ads,VIP,Paid,On Time,180,88179.47,40773.48,109.9
Home & Kitchen,Google Ads,VIP,Pending,Cancelled,4,779.46,336.21,23.66
Home & Kitchen,Google Ads,VIP,Pending,Delayed,2,713.3,241.34,123.27
Home & Kitchen,Google Ads,VIP,Pending,Early,3,1173.5,670.22,33.02
Home & Kitchen,Google Ads,VIP,Pending,On Time,22,10026.35,4873.96,71.4
Home & Kitchen,Google Ads,VIP,Refunded,Cancelled,30,13589.0,7597.55,11.59
Home & Kitchen,Instagram,Business,Failed,Cancelled,15,8582.53,4751.64,13.56
Home & Kitchen,Instagram,Business,Paid,Cancelled,2,584.95,325.29,45.96
Home & Kitchen,Instagram,Business,Paid,Delayed,25,14428.46,7162.95,85.01
Home & Kitchen,Instagram,Business,Paid,Early,11,7268.8,2918.63,174.15
Home & Kitchen,Instagram,Business,Paid,On Time,118,58793.6,29615.95,72.95
Home & Kitchen,Instagram,Business,Pending,Cancelled,3,1539.09,733.57,134.43
Home & Kitchen,Instagram,Business,Pending,Delayed,2,922.59,263.76,318.09
Home & Kitchen,Instagram,Business,Pending,Early,4,2211.83,1072.28,64.62
Home & Kitchen,Instagram,Business,Pending,On Time,10,8682.48,3742.35,185.97
Home & Kitchen,Instagram,Business,Refunded,Cancelled,20,14045.01,7771.4,24.4
Home & Kitchen,Instagram,Consumer,Failed,Cancelled,92,42435.25,23422.82,16.54
Home & Kitchen,Instagram,Consumer,Paid,Cancelled,21,10365.47,4879.01,79.52
Home & Kitchen,Instagram,Consumer,Paid,Delayed,134,71066.67,33654.59,86.31
Home & Kitchen,Instagram,Consumer,Paid,Early,62,32777.52,16710.08,81.53
Home & Kitchen,Instagram,Consumer,Paid,On Time,678,338923.89,162183.9,84.52
Home & Kitchen,Instagram,Consumer,Pending,Cancelled,26,14855.29,7524.99,73.2
Home & Kitchen,Instagram,Consumer,Pending,Delayed,19,9271.85,3755.26,139.0
Home & Kitchen,Instagram,Consumer,Pending,Early,11,4388.37,2140.72,65.83
Home & Kitchen,Instagram,Consumer,Pending,On Time,69,32023.46,14560.53,88.6
Home & Kitchen,Instagram,Consumer,Refunded,Cancelled,77,44417.18,25012.33,5.84
Home & Kitchen,Instagram,Premium,Failed,Cancelled,44,23442.03,12925.73,23.28
Home & Kitchen,Instagram,Premium,Paid,Cancelled,6,2526.09,719.72,145.81
Home & Kitchen,Instagram,Premium,Paid,Delayed,59,31149.67,13137.91,138.63
Home & Kitchen,Instagram,Premium,Paid,Early,45,24156.41,11232.54,98.54
Home & Kitchen,Instagram,Premium,Paid,On Time,339,169034.56,72466.61,136.43
Home & Kitchen,Instagram,Premium,Pending,Cancelled,6,2986.65,1761.3,45.57
Home & Kitchen,Instagram,Premium,Pending,Delayed,4,3033.49,1406.01,139.38
Home & Kitchen,Instagram,Premium,Pending,Early,1,540.64,255.06,119.21
Home & Kitchen,Instagram,Premium,Pending,On Time,35,21758.01,10815.27,79.86
Home & Kitchen,Instagram,Premium,Refunded,Cancelled,43,19309.49,11222.0,0.35
Home & Kitchen,Instagram,VIP,Failed,Cancelled,11,4889.62,2307.37,87.64
Home & Kitchen,Instagram,VIP,Paid,Cancelled,3,2253.94,954.77,140.72
Home & Kitchen,Instagram,VIP,Paid,Delayed,23,13007.01,6032.08,116.9
Home & Kitchen,Instagram,VIP,Paid,Early,13,8041.83,4220.54,99.37
Home & Kitchen,Instagram,VIP,Paid,On Time,89,49530.76,21808.72,128.89
Home & Kitchen,Instagram,VIP,Pending,Cancelled,6,2252.26,976.02,113.76
Home & Kitchen,Instagram,VIP,Pending,Delayed,6,3381.95,1580.48,121.41
Home & Kitchen,Instagram,VIP,Pending,Early,1,337.64,198.45,53.17
Home & Kitchen,Instagram,VIP,Pending,On Time,13,7066.9,2854.03,148.16
Home & Kitchen,Instagram,VIP,Refunded,Cancelled,13,5258.24,2902.02,18.04
Home & Kitchen,Organic Search,Business,Failed,Cancelled,33,13478.91,7447.86,18.41
Home & Kitchen,Organic Search,Business,Paid,Cancelled,8,4518.0,1489.58,207.58
Home & Kitchen,Organic Search,Business,Paid,Delayed,54,25983.21,12366.61,80.29
Home & Kitchen,Organic Search,Business,Paid,Early,24,12452.54,5761.51,102.66
Home & Kitchen,Organic Search,Business,Paid,On Time,262,126881.23,58694.23,90.42
Home & Kitchen,Organic Search,Business,Pending,Cancelled,6,6069.22,3068.37,100.9
Home & Kitchen,Organic Search,Business,Pending,Delayed,11,4422.02,2231.21,50.01
Home & Kitchen,Organic Search,Business,Pending,Early,1,46.1,23.62,5.84
Home & Kitchen,Organic Search,Business,Pending,On Time,28,14193.07,6400.35,108.99
Home & Kitchen,Organic Search,Business,Refunded,Cancelled,39,21090.46,11741.34,4.36
Home & Kitchen,Organic Search,Consumer,Failed,Cancelled,182,94542.68,51815.44,12.63
Home & Kitchen,Organic Search,Consumer,Paid,Cancelled,38,15211.69,7110.75,64.53
Home & Kitchen,Organic Search,Consumer,Paid,Delayed,268,135651.28,63454.09,89.37
Home & Kitchen,Organic Search,Consumer,Paid,Early,170,87897.82,41203.21,87.76
Home & Kitchen,Organic Search,Consumer,Paid,On Time,1377,704357.53,328681.44,91.91
Home & Kitchen,Organic Search,Consumer,Pending,Cancelled,45,25304.61,12841.56,85.59
Home & Kitchen,Organic Search,Consumer,Pending,Delayed,30,12764.27,6106.19,73.1
Home & Kitchen,Organic Search,Consumer,Pending,Early,19,10125.62,5249.6,36.19
Home & Kitchen,Organic Search,Consumer,Pending,On Time,139,67364.54,29564.69,92.89
Home & Kitchen,Organic Search,Consumer,Refunded,Cancelled,189,107074.94,58815.81,9.0
Home & Kitchen,Organic Search,Premium,Failed,Cancelled,81,38356.42,20630.7,27.68
Home & Kitchen,Organic Search,Premium,Paid,Cancelled,16,8443.54,3505.43,140.42
Home & Kitchen,Organic Search,Premium,Paid,Delayed,130,68195.27,29515.02,120.54
Home & Kitchen,Organic Search,Premium,Paid,Early,55,27402.0,12972.51,93.46
Home & Kitchen,Organic Search,Premium,Paid,On Time,622,302563.05,130713.43,125.47
Home & Kitchen,Organic Search,Premium,Pending,Cancelled,20,10371.95,5369.62,66.61
Home & Kitchen,Organic Search,Premium,Pending,Delayed,11,5292.19,2288.04,130.31
Home & Kitchen,Organic Search,Premium,Pending,Early,11,5096.77,1993.63,155.85
Home & Kitchen,Organic Search,Premium,Pending,On Time,74,40111.1,19647.22,96.99
Home & Kitchen,Organic Search,Premium,Refunded,Cancelled,59,28239.28,16073.06,1.52
Home & Kitchen,Organic Search,VIP,Failed,Cancelled,29,11605.32,6455.07,11.43
Home & Kitchen,Organic Search,VIP,Paid,Cancelled,1,495.87,273.9,143.43
Home & Kitchen,Organic Search,VIP,Paid,Delayed,44,21924.6,10042.8,122.25
Home & Kitchen,Organic Search,VIP,Paid,Early,36,18863.35,8482.41,114.26
Home & Kitchen,Organic Search,VIP,Paid,On Time,272,151446.35,68392.99,128.41
Home & Kitchen,Organic Search,VIP,Pending,Cancelled,7,1693.75,826.65,72.92
Home & Kitchen,Organic Search,VIP,Pending,Delayed,3,1216.86,386.55,127.29
Home & Kitchen,Organic Search,VIP,Pending,Early,4,1393.27,607.61,42.71
Home & Kitchen,Organic Search,VIP,Pending,On Time,20,8357.72,3799.14,65.64
Home & Kitchen,Organic Search,VIP,Refunded,Cancelled,27,17666.5,9414.74,2.75
Home & Kitchen,Referral,Business,Failed,Cancelled,22,11110.27,6089.56,25.64
Home & Kitchen,Referral,Business,Paid,Cancelled,2,1351.39,666.25,30.9
Home & Kitchen,Referral,Business,Paid,Delayed,19,9641.15,4645.52,72.73
Home & Kitchen,Referral,Business,Paid,Early,11,5260.37,2916.45,64.61
Home & Kitchen,Referral,Business,Paid,On Time,91,46656.36,22682.93,92.87
Home & Kitchen,Referral,Business,Pending,Cancelled,3,1157.96,534.09,45.53
Home & Kitchen,Referral,Business,Pending,Delayed,4,3470.81,1573.89,158.88
Home & Kitchen,Referral,Business,Pending,On Time,9,6199.4,3161.09,92.61
Home & Kitchen,Referral,Business,Refunded,Cancelled,11,4859.03,2888.12,11.28
Home & Kitchen,Referral,Consumer,Failed,Cancelled,77,36636.86,19133.1,32.28
Home & Kitchen,Referral,Consumer,Paid,Cancelled,12,4277.6,1867.59,78.59
Home & Kitchen,Referral,Consumer,Paid,Delayed,102,44890.92,22343.15,67.25
Home & Kitchen,Referral,Consumer,Paid,Early,54,25548.13,12908.33,74.42
Home & Kitchen,Referral,Consumer,Paid,On Time,554,289259.58,138679.21,84.61
Home & Kitchen,Referral,Consumer,Pending,Cancelled,19,8673.63,4078.38,47.69
Home & Kitchen,Referral,Consumer,Pending,Delayed,6,2571.52,1172.87,79.31
Home & Kitchen,Referral,Consumer,Pending,Early,4,1236.65,557.98,45.25
Home & Kitchen,Referral,Consumer,Pending,On Time,41,16658.96,8129.95,46.21
Home & Kitchen,Referral,Consumer,Refunded,Cancelled,61,30245.82,16702.77,9.98
Home & Kitchen,Referral,Premium,Failed,Cancelled,37,17962.34,10279.13,14.12
Home & Kitchen,Referral,Premium,Paid,Cancelled,5,2029.78,995.87,125.32
Home & Kitchen,Referral,Premium,Paid,Delayed,26,10540.25,5065.83,83.13
Home & Kitchen,Referral,Premium,Paid,Early,24,11791.73,4840.73,156.29
Home & Kitchen,Referral,Premium,Paid,On Time,226,106497.54,47217.41,107.52
Home & Kitchen,Referral,Premium,Pending,Cancelled,6,3389.16,1695.14,89.06
Home & Kitchen,Referral,Premium,Pending,Delayed,2,413.53,221.0,35.23
Home & Kitchen,Referral,Premium,Pending,Early,3,1252.87,716.21,55.5
Home & Kitchen,Referral,Premium,Pending,On Time,33,18631.39,8471.44,93.43
Home & Kitchen,Referral,Premium,Refunded,Cancelled,36,15533.81,8707.35,10.44
Home & Kitchen,Referral,VIP,Failed,Cancelled,17,12255.45,7077.14,16.47
Home & Kitchen,Referral,VIP,Paid,Cancelled,4,923.96,436.27,28.69
Home & Kitchen,Referral,VIP,Paid,Delayed,23,10323.54,3860.59,118.74
Home & Kitchen,Referral,VIP,Paid,Early,14,4649.57,1991.86,80.96
Home & Kitchen,Referral,VIP,Paid,On Time,101,46967.27,20935.91,120.03
Home & Kitchen,Referral,VIP,Pending,Cancelled,4,2975.63,1435.41,112.22
Home & Kitchen,Referral,VIP,Pending,Delayed,1,881.07,262.89,594.28
Home & Kitchen,Referral,VIP,Pending,Early,1,660.55,273.03,85.97
Home & Kitchen,Referral,VIP,Pending,On Time,18,9170.38,4540.73,90.73
Home & Kitchen,Referral,VIP,Refunded,Cancelled,9,3259.6,1723.44,0.0
Home & Kitchen,TikTok,Business,Failed,Cancelled,3,1690.61,898.73,21.14
Home & Kitchen,TikTok,Business,Paid,Delayed,11,6383.85,2853.79,145.71
Home & Kitchen,TikTok,Business,Paid,Early,6,5694.19,2851.47,85.58
Home & Kitchen,TikTok,Business,Paid,On Time,51,23975.89,12194.79,65.12
Home & Kitchen,TikTok,Business,Pending,Delayed,2,730.54,292.54,193.83
Home & Kitchen,TikTok,Business,Pending,On Time,3,1376.45,787.28,40.33
Home & Kitchen,TikTok,Business,Refunded,Cancelled,5,3531.78,1767.19,0.0
Home & Kitchen,TikTok,Consumer,Failed,Cancelled,36,17722.61,9481.28,11.65
Home & Kitchen,TikTok,Consumer,Paid,Cancelled,3,1448.09,764.2,50.03
Home & Kitchen,TikTok,Consumer,Paid,Delayed,48,20192.45,9395.79,72.84
Home & Kitchen,TikTok,Consumer,Paid,Early,20,12288.17,5769.87,83.94
Home & Kitchen,TikTok,Consumer,Paid,On Time,294,147427.79,66911.45,97.64
Home & Kitchen,TikTok,Consumer,Pending,Cancelled,10,4137.4,1709.3,116.08
Home & Kitchen,TikTok,Consumer,Pending,Delayed,6,3756.0,1870.12,147.83
Home & Kitchen,TikTok,Consumer,Pending,Early,2,1314.41,539.3,73.52
Home & Kitchen,TikTok,Consumer,Pending,On Time,31,16732.03,8059.42,63.37
Home & Kitchen,TikTok,Consumer,Refunded,Cancelled,39,22689.58,12483.26,4.29
Home & Kitchen,TikTok,Premium,Failed,Cancelled,20,10602.44,5831.92,19.94
Home & Kitchen,TikTok,Premium,Paid,Cancelled,5,2601.23,1143.42,152.27
Home & Kitchen,TikTok,Premium,Paid,Delayed,22,9862.22,4688.83,90.42
Home & Kitchen,TikTok,Premium,Paid,Early,14,8825.9,3404.46,192.97
Home & Kitchen,TikTok,Premium,Paid,On Time,135,62059.32,26233.48,125.24
Home & Kitchen,TikTok,Premium,Pending,Cancelled,5,1373.75,607.05,24.29
Home & Kitchen,TikTok,Premium,Pending,Delayed,2,410.55,210.34,29.39
Home & Kitchen,TikTok,Premium,Pending,Early,1,279.61,106.55,57.03
Home & Kitchen,TikTok,Premium,Pending,On Time,19,11857.61,4840.01,187.66
Home & Kitchen,TikTok,Premium,Refunded,Cancelled,21,12377.06,6854.96,11.08
Home & Kitchen,TikTok,VIP,Failed,Cancelled,5,4016.18,2155.39,26.49
Home & Kitchen,TikTok,VIP,Paid,Cancelled,1,317.53,41.38,333.89
Home & Kitchen,TikTok,VIP,Paid,Delayed,6,3123.55,1624.45,59.83
Home & Kitchen,TikTok,VIP,Paid,Early,7,2443.97,1265.57,77.3
Home & Kitchen,TikTok,VIP,Paid,On Time,49,25728.54,11708.63,109.26
Home & Kitchen,TikTok,VIP,Pending,Cancelled,2,508.89,266.33,42.21
Home & Kitchen,TikTok,VIP,Pending,Delayed,1,196.09,76.68,22.35
Home & Kitchen,TikTok,VIP,Pending,On Time,3,1165.45,722.93,33.45
Home & Kitchen,TikTok,VIP,Refunded,Cancelled,5,1883.24,1034.68,0.0
Home & Kitchen,YouTube,Business,Failed,Cancelled,5,4356.78,2608.26,5.85
Home & Kitchen,YouTube,Business,Paid,Delayed,3,857.85,414.86,35.05
Home & Kitchen,YouTube,Business,Paid,Early,5,1920.46,1137.22,13.86
Home & Kitchen,YouTube,Business,Paid,On Time,30,12210.14,5705.4,65.06
Home & Kitchen,YouTube,Business,Pending,Delayed,1,630.12,344.77,65.75
Home & Kitchen,YouTube,Business,Pending,Early,1,570.02,318.54,103.85
Home & Kitchen,YouTube,Business,Pending,On Time,4,2046.03,1133.53,54.44
Home & Kitchen,YouTube,Business,Refunded,Cancelled,3,1691.34,804.8,0.0
Home & Kitchen,YouTube,Consumer,Failed,Cancelled,19,9284.84,5161.48,22.53
Home & Kitchen,YouTube,Consumer,Paid,Cancelled,10,5387.69,2599.01,83.54
Home & Kitchen,YouTube,Consumer,Paid,Delayed,36,19628.43,9066.02,99.1
Home & Kitchen,YouTube,Consumer,Paid,Early,23,13726.71,5958.32,149.63
Home & Kitchen,YouTube,Consumer,Paid,On Time,188,94048.4,41169.46,101.36
Home & Kitchen,YouTube,Consumer,Pending,Cancelled,5,2450.66,989.76,163.31
Home & Kitchen,YouTube,Consumer,Pending,Delayed,8,2772.55,1436.17,34.21
Home & Kitchen,YouTube,Consumer,Pending,Early,1,1159.65,117.12,746.88
Home & Kitchen,YouTube,Consumer,Pending,On Time,28,14586.12,7253.19,87.88
Home & Kitchen,YouTube,Consumer,Refunded,Cancelled,28,14869.19,8072.05,11.5
Home & Kitchen,YouTube,Premium,Failed,Cancelled,16,9453.91,5462.88,2.36
Home & Kitchen,YouTube,Premium,Paid,Cancelled,3,2566.64,1197.01,136.5
Home & Kitchen,YouTube,Premium,Paid,Delayed,12,3625.67,1547.76,82.76
Home & Kitchen,YouTube,Premium,Paid,Early,13,6872.88,3005.49,161.93
Home & Kitchen,YouTube,Premium,Paid,On Time,88,48878.0,21738.64,134.46
Home & Kitchen,YouTube,Premium,Pending,Cancelled,4,2118.87,1115.54,104.15
Home & Kitchen,YouTube,Premium,Pending,Delayed,2,853.56,434.58,100.87
Home & Kitchen,YouTube,Premium,Pending,On Time,16,7449.04,3525.16,139.69
Home & Kitchen,YouTube,Premium,Refunded,Cancelled,15,6082.23,3656.72,0.86
Home & Kitchen,YouTube,VIP,Failed,Cancelled,10,5875.82,3142.56,23.07
Home & Kitchen,YouTube,VIP,Paid,Cancelled,1,530.72,282.29,61.53
Home & Kitchen,YouTube,VIP,Paid,Delayed,8,3301.13,1452.35,80.73
Home & Kitchen,YouTube,VIP,Paid,Early,2,1573.95,877.99,27.22
Home & Kitchen,YouTube,VIP,Paid,On Time,37,17289.56,7495.85,123.1
Home & Kitchen,YouTube,VIP,Pending,Cancelled,1,341.6,157.24,96.28
Home & Kitchen,YouTube,VIP,Pending,Delayed,2,589.99,358.48,10.9
Home & Kitchen,YouTube,VIP,Pending,On Time,4,1732.5,586.85,173.64
Home & Kitchen,YouTube,VIP,Refunded,Cancelled,3,3578.45,2276.33,0.0
Home Appliances,Affiliate,Business,Failed,Cancelled,8,8450.78,4323.54,2.68
Home Appliances,Affiliate,Business,Paid,Cancelled,3,4206.89,1704.27,158.79
Home Appliances,Affiliate,Business,Paid,Delayed,12,9957.91,3039.62,329.33
Home Appliances,Affiliate,Business,Paid,Early,8,7738.28,3573.2,173.58
Home Appliances,Affiliate,Business,Paid,On Time,66,65287.87,26834.21,176.02
Home Appliances,Affiliate,Business,Pending,Cancelled,2,2771.45,1087.55,168.68
Home Appliances,Affiliate,Business,Pending,Delayed,1,783.2,377.93,205.81
Home Appliances,Affiliate,Business,Pending,On Time,8,8009.47,3715.59,85.73
Home Appliances,Affiliate,Business,Refunded,Cancelled,7,8136.56,4675.84,0.0
Home Appliances,Affiliate,Consumer,Failed,Cancelled,45,46330.04,22609.45,44.29
Home Appliances,Affiliate,Consumer,Paid,Cancelled,8,8548.69,3756.92,125.89
Home Appliances,Affiliate,Consumer,Paid,Delayed,82,85741.23,34713.1,188.32
Home Appliances,Affiliate,Consumer,Paid,Early,33,32090.07,12018.66,227.94
Home Appliances,Affiliate,Consumer,Paid,On Time,359,341975.33,142488.96,158.26
Home Appliances,Affiliate,Consumer,Pending,Cancelled,12,14691.36,6258.26,196.14
Home Appliances,Affiliate,Consumer,Pending,Delayed,5,4301.93,2146.83,42.47
Home Appliances,Affiliate,Consumer,Pending,Early,6,7759.93,3115.19,195.53
Home Appliances,Affiliate,Consumer,Pending,On Time,44,47665.58,20038.71,190.94
Home Appliances,Affiliate,Consumer,Refunded,Cancelled,46,51869.13,26325.56,4.95
Home Appliances,Affiliate,Premium,Failed,Cancelled,24,26750.16,13213.97,45.32
Home Appliances,Affiliate,Premium,Paid,Cancelled,6,6409.64,1402.16,630.24
Home Appliances,Affiliate,Premium,Paid,Delayed,29,35264.82,13801.1,301.24
Home Appliances,Affiliate,Premium,Paid,Early,19,20619.84,8161.25,231.0
Home Appliances,Affiliate,Premium,Paid,On Time,190,190731.99,72472.89,231.78
Home Appliances,Affiliate,Premium,Pending,Cancelled,7,7106.83,1848.34,434.55
Home Appliances,Affiliate,Premium,Pending,Delayed,3,2435.37,1044.22,112.92
Home Appliances,Affiliate,Premium,Pending,Early,2,1987.84,1145.78,72.29
Home Appliances,Affiliate,Premium,Pending,On Time,22,20712.73,7961.58,220.18
Home Appliances,Affiliate,Premium,Refunded,Cancelled,24,18834.55,9712.5,2.72
Home Appliances,Affiliate,VIP,Failed,Cancelled,10,13078.27,6849.88,47.4
Home Appliances,Affiliate,VIP,Paid,Delayed,12,14152.34,4539.36,414.45
Home Appliances,Affiliate,VIP,Paid,Early,7,5903.66,2960.91,103.81
Home Appliances,Affiliate,VIP,Paid,On Time,60,67826.32,25637.89,270.3
Home Appliances,Affiliate,VIP,Pending,Cancelled,1,119.75,31.45,25.35
Home Appliances,Affiliate,VIP,Pending,Delayed,1,508.24,226.73,42.33
Home Appliances,Affiliate,VIP,Pending,Early,1,243.64,86.09,56.28
Home Appliances,Affiliate,VIP,Pending,On Time,7,9022.45,3892.03,155.87
Home Appliances,Affiliate,VIP,Refunded,Cancelled,8,7485.1,3995.22,0.0
Home Appliances,Direct,Business,Failed,Cancelled,16,20946.67,10035.76,40.01
Home Appliances,Direct,Business,Paid,Cancelled,6,9238.15,2917.17,387.65
Home Appliances,Direct,Business,Paid,Delayed,42,49981.35,20073.71,191.97
Home Appliances,Direct,Business,Paid,Early,20,18667.3,8026.14,119.46
Home Appliances,Direct,Business,Paid,On Time,218,210092.78,87013.88,171.72
Home Appliances,Direct,Business,Pending,Cancelled,9,6926.67,2503.21,121.3
Home Appliances,Direct,Business,Pending,Delayed,3,1356.64,489.14,132.59
Home Appliances,Direct,Business,Pending,Early,4,2801.51,1295.03,61.54
Home Appliances,Direct,Business,Pending,On Time,24,26905.62,12168.7,135.49
Home Appliances,Direct,Business,Refunded,Cancelled,30,37073.37,18852.98,10.91
Home Appliances,Direct,Consumer,Failed,Cancelled,132,143635.74,71328.63,34.58
Home Appliances,Direct,Consumer,Paid,Cancelled,28,29319.66,12634.86,177.75
Home Appliances,Direct,Consumer,Paid,Delayed,235,251585.41,107966.74,168.12
Home Appliances,Direct,Consumer,Paid,Early,118,120109.18,50200.17,164.03
Home Appliances,Direct,Consumer,Paid,On Time,1125,1172229.3,482175.67,184.24
Home Appliances,Direct,Consumer,Pending,Cancelled,36,31428.06,13357.66,117.8
Home Appliances,Direct,Consumer,Pending,Delayed,33,34208.65,14570.7,178.98
Home Appliances,Direct,Consumer,Pending,Early,18,14203.56,6012.0,136.87
Home Appliances,Direct,Consumer,Pending,On Time,122,115984.53,50283.62,137.68
Home Appliances,Direct,Consumer,Refunded,Cancelled,148,176140.51,88284.71,17.64
Home Appliances,Direct,Premium,Failed,Cancelled,76,84453.4,40180.18,48.07
Home Appliances,Direct,Premium,Paid,Cancelled,11,15408.24,5343.11,387.74
Home Appliances,Direct,Premium,Paid,Delayed,101,113851.92,42791.52,272.5
Home Appliances,Direct,Premium,Paid,Early,48,58758.54,23386.61,254.87
Home Appliances,Direct,Premium,Paid,On Time,530,530268.12,205093.09,228.1
Home Appliances,Direct,Premium,Pending,Cancelled,16,14440.12,5166.95,196.08
Home Appliances,Direct,Premium,Pending,Delayed,11,10043.28,3423.35,225.0
Home Appliances,Direct,Premium,Pending,Early,5,5841.64,2264.85,252.64
Home Appliances,Direct,Premium,Pending,On Time,60,63877.7,25909.43,206.14
Home Appliances,Direct,Premium,Refunded,Cancelled,59,61741.48,29792.86,45.45
Home Appliances,Direct,VIP,Failed,Cancelled,26,22948.49,10834.8,72.73
Home Appliances,Direct,VIP,Paid,Cancelled,5,3238.24,1405.19,107.13
Home Appliances,Direct,VIP,Paid,Delayed,40,39422.66,14326.63,275.56
Home Appliances,Direct,VIP,Paid,Early,24,27014.18,11388.04,204.33
Home Appliances,Direct,VIP,Paid,On Time,217,212691.43,81486.43,235.27
Home Appliances,Direct,VIP,Pending,Cancelled,5,4697.91,1981.12,107.29
Home Appliances,Direct,VIP,Pending,Delayed,5,8740.19,3790.76,349.32
Home Appliances,Direct,VIP,Pending,Early,1,1568.16,787.55,13.15
Home Appliances,Direct,VIP,Pending,On Time,19,16636.97,6956.48,157.09
Home Appliances,Direct,VIP,Refunded,Cancelled,17,15170.91,7220.25,56.06
Home Appliances,Email Marketing,Business,Failed,Cancelled,15,15837.35,8142.35,22.07
Home Appliances,Email Marketing,Business,Paid,Cancelled,1,528.34,277.26,69.87
Home Appliances,Email Marketing,Business,Paid,Delayed,18,19870.13,6803.51,206.71
Home Appliances,Email Marketing,Business,Paid,Early,12,8828.9,4128.7,72.64
Home Appliances,Email Marketing,Business,Paid,On Time,102,117567.55,47347.58,202.22
Home Appliances,Email Marketing,Business,Pending,Cancelled,3,1452.1,650.55,74.66
Home Appliances,Email Marketing,Business,Pending,Delayed,3,1647.64,744.21,112.9
Home Appliances,Email Marketing,Business,Pending,Early,4,3597.33,1504.79,101.08
Home Appliances,Email Marketing,Business,Pending,On Time,7,6734.43,1957.45,334.65
Home Appliances,Email Marketing,Business,Refunded,Cancelled,12,10149.47,4860.89,59.01
Home Appliances,Email Marketing,Consumer,Failed,Cancelled,87,96258.59,45922.19,45.85
Home Appliances,Email Marketing,Consumer,Paid,Cancelled,15,14519.79,6424.6,69.73
Home Appliances,Email Marketing,Consumer,Paid,Delayed,96,96885.85,40808.76,172.02
Home Appliances,Email Marketing,Consumer,Paid,Early,72,82708.42,34177.12,187.43
Home Appliances,Email Marketing,Consumer,Paid,On Time,601,605935.81,248722.46,186.67
Home Appliances,Email Marketing,Consumer,Pending,Cancelled,20,20487.67,8445.34,199.1
Home Appliances,Email Marketing,Consumer,Pending,Delayed,15,17741.24,6507.49,240.61
Home Appliances,Email Marketing,Consumer,Pending,Early,9,3565.39,1503.85,49.76
Home Appliances,Email Marketing,Consumer,Pending,On Time,65,58181.31,21658.89,174.96
Home Appliances,Email Marketing,Consumer,Refunded,Cancelled,76,85744.68,43533.92,13.83
Home Appliances,Email Marketing,Premium,Failed,Cancelled,31,34380.78,16616.19,62.26
Home Appliances,Email Marketing,Premium,Paid,Cancelled,7,11241.03,4416.14,109.27
Home Appliances,Email Marketing,Premium,Paid,Delayed,54,46064.06,16077.31,244.24
Home Appliances,Email Marketing,Premium,Paid,Early,26,29628.51,10863.09,294.81
Home Appliances,Email Marketing,Premium,Paid,On Time,285,293972.37,105349.25,252.07
Home Appliances,Email Marketing,Premium,Pending,Cancelled,8,11482.94,4845.07,177.03
Home Appliances,Email Marketing,Premium,Pending,Delayed,5,6428.66,2048.66,420.2
Home Appliances,Email Marketing,Premium,Pending,Early,2,665.36,295.48,25.99
Home Appliances,Email Marketing,Premium,Pending,On Time,35,31020.93,10795.06,235.13
Home Appliances,Email Marketing,Premium,Refunded,Cancelled,34,35971.17,17412.5,0.32
Home Appliances,Email Marketing,VIP,Failed,Cancelled,16,7423.59,3641.46,11.54
Home Appliances,Email Marketing,VIP,Paid,Cancelled,1,472.82,218.41,11.74
Home Appliances,Email Marketing,VIP,Paid,Delayed,17,20303.32,7718.14,321.7
Home Appliances,Email Marketing,VIP,Paid,Early,14,18856.02,7779.77,274.06
Home Appliances,Email Marketing,VIP,Paid,On Time,124,116720.36,44367.42,211.27
Home Appliances,Email Marketing,VIP,Pending,Cancelled,3,5731.24,2099.27,414.1
Home Appliances,Email Marketing,VIP,Pending,Delayed,3,2155.08,998.75,112.79
Home Appliances,Email Marketing,VIP,Pending,Early,6,9967.83,2854.21,587.26
Home Appliances,Email Marketing,VIP,Pending,On Time,3,2480.37,910.63,132.95
Home Appliances,Email Marketing,VIP,Refunded,Cancelled,17,14518.57,7433.11,0.0
Home Appliances,Facebook Ads,Business,Failed,Cancelled,20,27197.52,12843.02,83.81
Home Appliances,Facebook Ads,Business,Paid,Cancelled,5,5684.16,1869.57,213.19
Home Appliances,Facebook Ads,Business,Paid,Delayed,35,42405.27,18012.03,194.12
Home Appliances,Facebook Ads,Business,Paid,Early,16,13386.4,5187.25,228.65
Home Appliances,Facebook Ads,Business,Paid,On Time,184,192540.63,80008.26,175.62
Home Appliances,Facebook Ads,Business,Pending,Cancelled,12,13875.53,4663.14,256.66
Home Appliances,Facebook Ads,Business,Pending,Delayed,5,4836.42,2288.6,210.21
Home Appliances,Facebook Ads,Business,Pending,Early,3,3579.48,1548.45,85.71
Home Appliances,Facebook Ads,Business,Pending,On Time,25,25088.97,10181.02,194.73
Home Appliances,Facebook Ads,Business,Refunded,Cancelled,27,24843.69,12302.39,25.68
Home Appliances,Facebook Ads,Consumer,Failed,Cancelled,130,122710.06,59770.87,22.76
Home Appliances,Facebook Ads,Consumer,Paid,Cancelled,21,19138.63,8566.69,144.63
Home Appliances,Facebook Ads,Consumer,Paid,Delayed,165,166997.41,65246.64,202.9
Home Appliances,Facebook Ads,Consumer,Paid,Early,98,95107.27,37895.73,218.16
Home Appliances,Facebook Ads,Consumer,Paid,On Time,947,937351.22,378525.55,176.42
Home Appliances,Facebook Ads,Consumer,Pending,Cancelled,40,43073.0,18299.24,184.2
Home Appliances,Facebook Ads,Consumer,Pending,Delayed,17,16440.07,7059.79,177.1
Home Appliances,Facebook Ads,Consumer,Pending,Early,15,13074.58,5190.52,176.57
Home Appliances,Facebook Ads,Consumer,Pending,On Time,96,99019.79,39520.09,197.76
Home Appliances,Facebook Ads,Consumer,Refunded,Cancelled,102,93773.58,47922.71,16.29
Home Appliances,Facebook Ads,Premium,Failed,Cancelled,56,55098.42,27060.96,40.61
Home Appliances,Facebook Ads,Premium,Paid,Cancelled,12,15514.13,5873.37,250.24
Home Appliances,Facebook Ads,Premium,Paid,Delayed,65,65016.55,27581.05,172.72
Home Appliances,Facebook Ads,Premium,Paid,Early,63,69888.5,25214.97,286.32
Home Appliances,Facebook Ads,Premium,Paid,On Time,411,404922.7,150605.54,251.81
Home Appliances,Facebook Ads,Premium,Pending,Cancelled,14,18592.56,6197.54,403.7
Home Appliances,Facebook Ads,Premium,Pending,Delayed,10,7689.91,2748.35,187.55
Home Appliances,Facebook Ads,Premium,Pending,Early,6,3599.88,1255.68,149.83
Home Appliances,Facebook Ads,Premium,Pending,On Time,47,54037.08,20648.16,283.98
Home Appliances,Facebook Ads,Premium,Refunded,Cancelled,43,47592.82,24009.29,0.0
Home Appliances,Facebook Ads,VIP,Failed,Cancelled,25,29567.96,13710.2,26.73
Home Appliances,Facebook Ads,VIP,Paid,Cancelled,4,1062.9,370.54,51.66
Home Appliances,Facebook Ads,VIP,Paid,Delayed,26,31768.47,12935.88,247.53
Home Appliances,Facebook Ads,VIP,Paid,Early,12,10968.0,4057.26,181.73
Home Appliances,Facebook Ads,VIP,Paid,On Time,159,161253.85,57647.08,241.92
Home Appliances,Facebook Ads,VIP,Pending,Cancelled,9,11323.66,3442.24,421.08
Home Appliances,Facebook Ads,VIP,Pending,Delayed,3,1530.81,836.77,56.95
Home Appliances,Facebook Ads,VIP,Pending,Early,1,838.64,437.35,96.24
Home Appliances,Facebook Ads,VIP,Pending,On Time,14,16200.15,5455.05,395.66
Home Appliances,Facebook Ads,VIP,Refunded,Cancelled,24,33331.25,17224.74,26.28
Home Appliances,Google Ads,Business,Failed,Cancelled,18,20344.61,9754.04,31.88
Home Appliances,Google Ads,Business,Paid,Cancelled,4,2448.2,782.96,94.86
Home Appliances,Google Ads,Business,Paid,Delayed,35,33844.69,14441.24,116.75
Home Appliances,Google Ads,Business,Paid,Early,27,28514.42,11513.45,271.91
Home Appliances,Google Ads,Business,Paid,On Time,204,210570.94,87368.36,187.35
Home Appliances,Google Ads,Business,Pending,Cancelled,5,6700.64,3210.9,169.05
Home Appliances,Google Ads,Business,Pending,Delayed,2,2750.78,1266.54,403.44
Home Appliances,Google Ads,Business,Pending,Early,4,4025.78,1946.06,82.34
Home Appliances,Google Ads,Business,Pending,On Time,21,22600.36,9722.39,185.8
Home Appliances,Google Ads,Business,Refunded,Cancelled,20,17346.2,8672.69,1.91
Home Appliances,Google Ads,Consumer,Failed,Cancelled,130,137509.14,70210.09,33.7
Home Appliances,Google Ads,Consumer,Paid,Cancelled,26,32986.51,13798.32,192.85
Home Appliances,Google Ads,Consumer,Paid,Delayed,212,233725.99,96378.08,174.88
Home Appliances,Google Ads,Consumer,Paid,Early,138,124170.37,50423.09,157.18
Home Appliances,Google Ads,Consumer,Paid,On Time,1133,1183171.44,478832.62,194.71
Home Appliances,Google Ads,Consumer,Pending,Cancelled,40,39868.34,17431.5,148.87
Home Appliances,Google Ads,Consumer,Pending,Delayed,26,27266.16,11915.82,143.84
Home Appliances,Google Ads,Consumer,Pending,Early,9,9733.59,4027.85,113.1
Home Appliances,Google Ads,Consumer,Pending,On Time,115,117516.87,47487.01,184.71
Home Appliances,Google Ads,Consumer,Refunded,Cancelled,151,164288.57,85573.02,4.42
Home Appliances,Google Ads,Premium,Failed,Cancelled,91,89452.51,46579.4,19.05
Home Appliances,Google Ads,Premium,Paid,Cancelled,15,15256.42,5461.22,199.82
Home Appliances,Google Ads,Premium,Paid,Delayed,101,102919.14,38381.06,255.17
Home Appliances,Google Ads,Premium,Paid,Early,55,56999.72,24829.11,173.23
Home Appliances,Google Ads,Premium,Paid,On Time,534,530299.25,196168.75,253.14
Home Appliances,Google Ads,Premium,Pending,Cancelled,20,19599.09,6772.88,269.42
Home Appliances,Google Ads,Premium,Pending,Delayed,10,9288.34,3393.18,264.58
Home Appliances,Google Ads,Premium,Pending,Early,3,3366.05,274.73,638.61
Home Appliances,Google Ads,Premium,Pending,On Time,56,63920.06,26477.71,229.6
Home Appliances,Google Ads,Premium,Refunded,Cancelled,62,63549.2,31814.92,9.76
Home Appliances,Google Ads,VIP,Failed,Cancelled,32,33840.89,16445.45,90.41
Home Appliances,Google Ads,VIP,Paid,Cancelled,4,3998.66,1457.0,335.09
Home Appliances,Google Ads,VIP,Paid,Delayed,37,40628.88,16250.74,223.06
Home Appliances,Google Ads,VIP,Paid,Early,14,9982.99,3772.09,171.91
Home Appliances,Google Ads,VIP,Paid,On Time,207,214402.69,81171.49,221.03
Home Appliances,Google Ads,VIP,Pending,Cancelled,11,8449.89,3621.84,129.1
Home Appliances,Google Ads,VIP,Pending,Delayed,2,2427.49,1010.58,202.6
Home Appliances,Google Ads,VIP,Pending,On Time,23,25622.4,9167.15,296.99
Home Appliances,Google Ads,VIP,Refunded,Cancelled,31,31699.77,16098.54,8.02
Home Appliances,Instagram,Business,Failed,Cancelled,18,24020.13,11862.77,95.47
Home Appliances,Instagram,Business,Paid,Cancelled,1,479.09,235.65,103.34
Home Appliances,Instagram,Business,Paid,Delayed,31,28751.89,11997.17,118.1
Home Appliances,Instagram,Business,Paid,Early,18,19744.57,8565.75,125.49
Home Appliances,Instagram,Business,Paid,On Time,136,129995.46,54592.88,158.95
Home Appliances,Instagram,Business,Pending,Cancelled,7,6719.66,2634.83,220.99
Home Appliances,Instagram,Business,Pending,Delayed,2,755.86,293.43,57.3
Home Appliances,Instagram,Business,Pending,Early,5,4455.69,1746.16,255.72
Home Appliances,Instagram,Business,Pending,On Time,17,13811.55,4885.23,210.98
Home Appliances,Instagram,Business,Refunded,Cancelled,18,23321.73,12452.53,0.0
Home Appliances,Instagram,Consumer,Failed,Cancelled,91,90194.81,44030.86,43.7
Home Appliances,Instagram,Consumer,Paid,Cancelled,18,24847.22,9787.53,227.27
Home Appliances,Instagram,Consumer,Paid,Delayed,151,142014.09,59276.05,157.58
Home Appliances,Instagram,Consumer,Paid,Early,72,74408.16,30200.12,174.66
Home Appliances,Instagram,Consumer,Paid,On Time,766,811575.92,336384.05,177.45
Home Appliances,Instagram,Consumer,Pending,Cancelled,39,38778.45,18481.88,118.26
Home Appliances,Instagram,Consumer,Pending,Delayed,13,15190.24,4716.7,279.73
Home Appliances,Instagram,Consumer,Pending,Early,7,8200.37,3439.89,316.46
Home Appliances,Instagram,Consumer,Pending,On Time,77,78220.31,31294.7,193.85
Home Appliances,Instagram,Consumer,Refunded,Cancelled,89,85334.07,43654.32,7.58
Home Appliances,Instagram,Premium,Failed,Cancelled,39,49358.43,24321.1,40.27
Home Appliances,Instagram,Premium,Paid,Cancelled,9,10499.9,2846.43,455.97
Home Appliances,Instagram,Premium,Paid,Delayed,71,65817.61,22407.09,294.79
Home Appliances,Instagram,Premium,Paid,Early,31,35413.95,12270.99,323.92
Home Appliances,Instagram,Premium,Paid,On Time,332,327006.03,125738.85,233.38
Home Appliances,Instagram,Premium,Pending,Cancelled,9,6506.03,2129.56,170.38
Home Appliances,Instagram,Premium,Pending,Delayed,6,5914.49,2196.52,277.38
Home Appliances,Instagram,Premium,Pending,Early,10,10150.24,2044.0,420.14
Home Appliances,Instagram,Premium,Pending,On Time,30,31272.04,11851.7,252.44
Home Appliances,Instagram,Premium,Refunded,Cancelled,40,37532.88,19578.99,0.0
Home Appliances,Instagram,VIP,Failed,Cancelled,18,21433.51,10452.82,57.49
Home Appliances,Instagram,VIP,Paid,Cancelled,3,2227.44,890.13,175.87
Home Appliances,Instagram,VIP,Paid,Delayed,25,24774.1,9633.48,220.59
Home Appliances,Instagram,VIP,Paid,Early,14,15725.56,6912.28,140.8
Home Appliances,Instagram,VIP,Paid,On Time,122,126534.61,45677.03,264.91
Home Appliances,Instagram,VIP,Pending,Cancelled,4,3513.23,1579.69,216.0
Home Appliances,Instagram,VIP,Pending,Delayed,3,3293.45,704.7,442.88
Home Appliances,Instagram,VIP,Pending,Early,1,977.22,420.46,0.0
Home Appliances,Instagram,VIP,Pending,On Time,18,17194.38,6056.92,234.43
Home Appliances,Instagram,VIP,Refunded,Cancelled,10,11628.75,5529.02,0.0
Home Appliances,Organic Search,Business,Failed,Cancelled,39,42161.28,21736.69,47.77
Home Appliances,Organic Search,Business,Paid,Cancelled,10,11125.42,5313.5,146.94
Home Appliances,Organic Search,Business,Paid,Delayed,46,51622.06,22156.29,189.44
Home Appliances,Organic Search,Business,Paid,Early,24,20026.13,9102.32,120.5
Home Appliances,Organic Search,Business,Paid,On Time,269,268792.95,108184.33,183.02
Home Appliances,Organic Search,Business,Pending,Cancelled,11,5805.24,2707.38,64.15
Home Appliances,Organic Search,Business,Pending,Delayed,7,10575.55,4323.02,211.08
Home Appliances,Organic Search,Business,Pending,Early,3,6136.92,2991.81,134.94
Home Appliances,Organic Search,Business,Pending,On Time,11,9648.1,4458.52,96.69
Home Appliances,Organic Search,Business,Refunded,Cancelled,34,42565.1,21971.72,0.0
Home Appliances,Organic Search,Consumer,Failed,Cancelled,177,181873.24,90814.4,35.38
Home Appliances,Organic Search,Consumer,Paid,Cancelled,48,44264.6,15532.87,231.41
Home Appliances,Organic Search,Consumer,Paid,Delayed,286,301914.81,122465.06,196.61
Home Appliances,Organic Search,Consumer,Paid,Early,187,198860.43,80801.05,201.74
Home Appliances,Organic Search,Consumer,Paid,On Time,1503,1513099.59,622811.56,179.74
Home Appliances,Organic Search,Consumer,Pending,Cancelled,52,52021.5,21587.18,185.19
Home Appliances,Organic Search,Consumer,Pending,Delayed,31,28069.86,12145.14,126.85
Home Appliances,Organic Search,Consumer,Pending,Early,15,16121.04,7057.99,165.27
Home Appliances,Organic Search,Consumer,Pending,On Time,170,182790.28,78490.12,179.52
Home Appliances,Organic Search,Consumer,Refunded,Cancelled,166,185899.69,94194.38,14.76
Home Appliances,Organic Search,Premium,Failed,Cancelled,88,106242.92,52328.35,84.17
Home Appliances,Organic Search,Premium,Paid,Cancelled,20,17182.53,7657.71,165.61
Home Appliances,Organic Search,Premium,Paid,Delayed,140,147632.11,57175.12,252.59
Home Appliances,Organic Search,Premium,Paid,Early,80,76799.34,29363.08,200.86
Home Appliances,Organic Search,Premium,Paid,On Time,685,716498.26,272182.16,242.82
Home Appliances,Organic Search,Premium,Pending,Cancelled,24,27851.52,10622.36,272.42
Home Appliances,Organic Search,Premium,Pending,Delayed,18,25764.23,9400.24,279.83
Home Appliances,Organic Search,Premium,Pending,Early,9,21857.97,9253.3,282.22
Home Appliances,Organic Search,Premium,Pending,On Time,74,76290.2,28261.54,249.08
Home Appliances,Organic Search,Premium,Refunded,Cancelled,85,92541.8,47302.15,12.92
Home Appliances,Organic Search,VIP,Failed,Cancelled,33,38318.89,18516.4,105.12
Home Appliances,Organic Search,VIP,Paid,Cancelled,4,2581.96,933.75,207.68
Home Appliances,Organic Search,VIP,Paid,Delayed,55,54388.64,19319.06,252.14
Home Appliances,Organic Search,VIP,Paid,Early,39,34927.93,12373.2,220.97
Home Appliances,Organic Search,VIP,Paid,On Time,295,292795.12,110732.9,235.68
Home Appliances,Organic Search,VIP,Pending,Cancelled,12,9508.33,3658.92,163.07
Home Appliances,Organic Search,VIP,Pending,Delayed,5,7931.33,2845.08,480.41
Home Appliances,Organic Search,VIP,Pending,Early,2,767.74,74.18,201.17
Home Appliances,Organic Search,VIP,Pending,On Time,36,38402.33,14371.31,237.14
Home Appliances,Organic Search,VIP,Refunded,Cancelled,32,28583.28,14970.92,4.94
Home Appliances,Referral,Business,Failed,Cancelled,18,15093.6,7496.52,26.09
Home Appliances,Referral,Business,Paid,Cancelled,1,1842.07,504.22,1065.42
Home Appliances,Referral,Business,Paid,Delayed,16,12944.64,4769.04,225.74
Home Appliances,Referral,Business,Paid,Early,8,8002.68,3330.46,116.47
Home Appliances,Referral,Business,Paid,On Time,106,112053.08,44536.56,198.24
Home Appliances,Referral,Business,Pending,Cancelled,8,5675.54,2149.62,141.68
Home Appliances,Referral,Business,Pending,Delayed,4,4251.78,1991.35,189.42
Home Appliances,Referral,Business,Pending,On Time,19,22160.94,8810.09,264.72
Home Appliances,Referral,Business,Refunded,Cancelled,16,18286.2,9656.51,0.0
Home Appliances,Referral,Consumer,Failed,Cancelled,88,107179.18,53553.9,32.81
Home Appliances,Referral,Consumer,Paid,Cancelled,17,15101.79,7270.89,141.13
Home Appliances,Referral,Consumer,Paid,Delayed,124,123327.95,50019.67,191.67
Home Appliances,Referral,Consumer,Paid,Early,63,64163.06,29250.08,137.36
Home Appliances,Referral,Consumer,Paid,On Time,617,669225.75,278905.01,199.48
Home Appliances,Referral,Consumer,Pending,Cancelled,32,32146.87,13407.69,160.21
Home Appliances,Referral,Consumer,Pending,Delayed,14,11477.37,3744.73,193.9
Home Appliances,Referral,Consumer,Pending,Early,9,7905.04,3339.77,162.32
Home Appliances,Referral,Consumer,Pending,On Time,74,67930.33,29523.19,150.15
Home Appliances,Referral,Consumer,Refunded,Cancelled,75,62382.14,31654.18,10.98
Home Appliances,Referral,Premium,Failed,Cancelled,36,35470.85,17962.81,63.53
Home Appliances,Referral,Premium,Paid,Cancelled,4,3893.01,1636.19,119.24
Home Appliances,Referral,Premium,Paid,Delayed,49,44519.47,17982.69,232.6
Home Appliances,Referral,Premium,Paid,Early,38,36223.46,13273.91,254.19
Home Appliances,Referral,Premium,Paid,On Time,254,236086.69,86639.18,238.58
Home Appliances,Referral,Premium,Pending,Cancelled,9,7330.26,3493.91,82.08
Home Appliances,Referral,Premium,Pending,Delayed,6,5621.61,2064.26,196.08
Home Appliances,Referral,Premium,Pending,Early,3,5074.98,2327.78,293.0
Home Appliances,Referral,Premium,Pending,On Time,34,36095.49,12707.47,304.21
Home Appliances,Referral,Premium,Refunded,Cancelled,28,24189.96,12191.4,2.71
Home Appliances,Referral,VIP,Failed,Cancelled,19,20464.03,9871.99,45.71
Home Appliances,Referral,VIP,Paid,Cancelled,1,888.23,377.74,79.34
Home Appliances,Referral,VIP,Paid,Delayed,23,23101.63,9164.83,203.6
Home Appliances,Referral,VIP,Paid,Early,15,16371.87,7660.22,136.43
Home Appliances,Referral,VIP,Paid,On Time,119,107743.38,37634.41,236.14
Home Appliances,Referral,VIP,Pending,Cancelled,4,6996.46,3366.72,163.48
Home Appliances,Referral,VIP,Pending,Delayed,6,6639.93,2953.14,75.19
Home Appliances,Referral,VIP,Pending,Early,3,2886.96,1154.87,246.33
Home Appliances,Referral,VIP,Pending,On Time,16,16344.08,5765.15,175.88
Home Appliances,Referral,VIP,Refunded,Cancelled,16,15648.08,8707.09,0.0
Home Appliances,TikTok,Business,Failed,Cancelled,6,10329.09,5415.5,25.16
Home Appliances,TikTok,Business,Paid,Delayed,8,6841.18,2811.24,245.82
Home Appliances,TikTok,Business,Paid,Early,6,9085.44,2684.27,403.67
Home Appliances,TikTok,Business,Paid,On Time,64,64117.07,28755.17,150.54
Home Appliances,TikTok,Business,Pending,Cancelled,3,3579.37,1187.0,154.71
Home Appliances,TikTok,Business,Pending,Delayed,1,353.58,150.8,25.95
Home Appliances,TikTok,Business,Pending,Early,1,127.25,49.55,33.57
Home Appliances,TikTok,Business,Pending,On Time,7,6273.69,3212.38,86.93
Home Appliances,TikTok,Business,Refunded,Cancelled,6,7234.94,3221.96,105.11
Home Appliances,TikTok,Consumer,Failed,Cancelled,42,46208.39,23187.87,32.9
Home Appliances,TikTok,Consumer,Paid,Cancelled,7,7521.03,2894.4,201.41
Home Appliances,TikTok,Consumer,Paid,Delayed,57,49725.84,20088.34,166.48
Home Appliances,TikTok,Consumer,Paid,Early,44,43901.34,16037.66,261.36
Home Appliances,TikTok,Consumer,Paid,On Time,311,312172.05,131186.07,184.22
Home Appliances,TikTok,Consumer,Pending,Cancelled,12,9090.21,4763.29,59.49
Home Appliances,TikTok,Consumer,Pending,Delayed,7,7623.0,3632.36,89.63
Home Appliances,TikTok,Consumer,Pending,Early,2,3432.9,1539.8,241.07
Home Appliances,TikTok,Consumer,Pending,On Time,39,36301.14,14505.68,172.3
Home Appliances,TikTok,Consumer,Refunded,Cancelled,33,38007.5,19807.01,6.02
Home Appliances,TikTok,Premium,Failed,Cancelled,31,35621.48,16591.31,85.9
Home Appliances,TikTok,Premium,Paid,Cancelled,4,5387.42,2716.69,57.72
Home Appliances,TikTok,Premium,Paid,Delayed,32,34876.9,11775.02,387.69
Home Appliances,TikTok,Premium,Paid,Early,14,11629.93,3746.4,307.18
Home Appliances,TikTok,Premium,Paid,On Time,129,135396.41,49998.34,259.53
Home Appliances,TikTok,Premium,Pending,Cancelled,4,2507.54,633.73,436.21
Home Appliances,TikTok,Premium,Pending,Delayed,2,1398.91,658.08,48.0
Home Appliances,TikTok,Premium,Pending,Early,3,2819.61,747.03,389.44
Home Appliances,TikTok,Premium,Pending,On Time,16,19238.12,5388.76,384.92
Home Appliances,TikTok,Premium,Refunded,Cancelled,19,19419.23,9932.82,0.79
Home Appliances,TikTok,VIP,Failed,Cancelled,12,10865.56,5042.03,107.76
Home Appliances,TikTok,VIP,Paid,Cancelled,1,2663.51,1034.45,284.59
Home Appliances,TikTok,VIP,Paid,Delayed,9,6647.23,2351.5,205.05
Home Appliances,TikTok,VIP,Paid,Early,5,2462.75,1066.32,65.39
Home Appliances,TikTok,VIP,Paid,On Time,48,46985.18,17475.37,280.93
Home Appliances,TikTok,VIP,Pending,Cancelled,1,447.75,207.46,157.11
Home Appliances,TikTok,VIP,Pending,Delayed,1,1004.51,335.08,85.89
Home Appliances,TikTok,VIP,Pending,On Time,8,7822.7,3218.94,176.16
Home Appliances,TikTok,VIP,Refunded,Cancelled,8,9486.17,5117.3,0.0
Home Appliances,YouTube,Business,Failed,Cancelled,2,1647.41,930.1,0.0
Home Appliances,YouTube,Business,Paid,Cancelled,1,632.38,322.18,2.15
Home Appliances,YouTube,Business,Paid,Delayed,4,4097.12,2111.6,49.78
Home Appliances,YouTube,Business,Paid,Early,5,7461.2,2393.04,404.15
Home Appliances,YouTube,Business,Paid,On Time,43,38427.21,14837.93,210.26
Home Appliances,YouTube,Business,Pending,Cancelled,2,4745.23,2503.99,29.14
Home Appliances,YouTube,Business,Pending,Early,1,1849.78,1043.07,126.94
Home Appliances,YouTube,Business,Pending,On Time,6,3641.16,1521.72,163.02
Home Appliances,YouTube,Business,Refunded,Cancelled,6,5721.2,2714.52,0.0
Home Appliances,YouTube,Consumer,Failed,Cancelled,29,21698.34,10653.91,36.99
Home Appliances,YouTube,Consumer,Paid,Cancelled,6,8310.76,2604.07,330.77
Home Appliances,YouTube,Consumer,Paid,Delayed,47,53896.04,22893.34,170.32
Home Appliances,YouTube,Consumer,Paid,Early,19,22608.24,8576.73,211.08
Home Appliances,YouTube,Consumer,Paid,On Time,188,185742.52,77138.84,177.08
Home Appliances,YouTube,Consumer,Pending,Cancelled,7,5570.18,2417.53,53.4
Home Appliances,YouTube,Consumer,Pending,Delayed,7,6186.02,1573.84,384.92
Home Appliances,YouTube,Consumer,Pending,Early,2,2570.52,1195.75,98.57
Home Appliances,YouTube,Consumer,Pending,On Time,26,24853.2,11471.67,109.44
Home Appliances,YouTube,Consumer,Refunded,Cancelled,34,29965.03,15736.05,3.38
Home Appliances,YouTube,Premium,Failed,Cancelled,15,13045.45,6579.52,28.76
Home Appliances,YouTube,Premium,Paid,Cancelled,2,2598.75,522.92,643.92
Home Appliances,YouTube,Premium,Paid,Delayed,14,9616.09,3209.13,199.07
Home Appliances,YouTube,Premium,Paid,Early,14,11066.74,3744.3,264.92
Home Appliances,YouTube,Premium,Paid,On Time,103,98955.07,35838.64,238.75
Home Appliances,YouTube,Premium,Pending,Cancelled,4,4833.47,1880.89,168.17
Home Appliances,YouTube,Premium,Pending,Delayed,1,512.07,210.0,124.56
Home Appliances,YouTube,Premium,Pending,Early,1,945.98,471.91,200.97
Home Appliances,YouTube,Premium,Pending,On Time,10,11973.35,5777.13,123.8
Home Appliances,YouTube,Premium,Refunded,Cancelled,17,21627.84,10794.71,2.62
Home Appliances,YouTube,VIP,Failed,Cancelled,3,2046.6,1161.23,0.0
Home Appliances,YouTube,VIP,Paid,Delayed,13,13907.18,5549.69,237.39
Home Appliances,YouTube,VIP,Paid,Early,4,4028.55,1306.7,320.24
Home Appliances,YouTube,VIP,Paid,On Time,52,59112.37,23656.74,268.3
Home Appliances,YouTube,VIP,Pending,Cancelled,2,896.22,404.56,55.64
Home Appliances,YouTube,VIP,Pending,Delayed,1,2833.73,882.05,1048.59
Home Appliances,YouTube,VIP,Pending,On Time,6,3079.53,1469.84,98.12
Home Appliances,YouTube,VIP,Refunded,Cancelled,3,702.97,315.37,0.0
Jewelry,Affiliate,Business,Failed,Cancelled,5,6050.87,2977.97,87.19
Jewelry,Affiliate,Business,Paid,Cancelled,1,243.37,104.94,6.36
Jewelry,Affiliate,Business,Paid,Delayed,9,8328.32,3773.46,146.8
Jewelry,Affiliate,Business,Paid,Early,5,3636.24,1362.54,114.03
Jewelry,Affiliate,Business,Paid,On Time,50,52761.43,22620.43,181.37
Jewelry,Affiliate,Business,Pending,Cancelled,1,1830.67,712.63,233.53
Jewelry,Affiliate,Business,Pending,Delayed,2,4572.72,2124.76,264.13
Jewelry,Affiliate,Business,Pending,Early,1,3916.9,1484.09,485.21
Jewelry,Affiliate,Business,Pending,On Time,9,12734.77,5860.74,224.94
Jewelry,Affiliate,Business,Refunded,Cancelled,5,6893.54,3499.91,42.99
Jewelry,Affiliate,Consumer,Failed,Cancelled,45,60208.14,27991.67,45.03
Jewelry,Affiliate,Consumer,Paid,Cancelled,6,11333.65,3740.66,377.06
Jewelry,Affiliate,Consumer,Paid,Delayed,73,72233.44,31271.56,173.42
Jewelry,Affiliate,Consumer,Paid,Early,21,16010.22,5524.8,188.06
Jewelry,Affiliate,Consumer,Paid,On Time,335,431183.27,171869.62,242.44
Jewelry,Affiliate,Consumer,Pending,Cancelled,8,7647.57,3209.56,97.61
Jewelry,Affiliate,Consumer,Pending,Delayed,2,1757.46,861.24,85.48
Jewelry,Affiliate,Consumer,Pending,Early,3,2547.61,1366.06,35.26
Jewelry,Affiliate,Consumer,Pending,On Time,44,48599.21,20259.58,166.77
Jewelry,Affiliate,Consumer,Refunded,Cancelled,36,39354.54,19828.38,12.26
Jewelry,Affiliate,Premium,Failed,Cancelled,19,24921.91,10340.14,226.4
Jewelry,Affiliate,Premium,Paid,Cancelled,2,1226.89,474.78,110.64
Jewelry,Affiliate,Premium,Paid,Delayed,18,25638.35,9745.82,382.66
Jewelry,Affiliate,Premium,Paid,Early,22,24027.51,10074.49,152.98
Jewelry,Affiliate,Premium,Paid,On Time,159,168352.61,62186.9,259.91
Jewelry,Affiliate,Premium,Pending,Cancelled,3,1965.55,778.84,113.42
Jewelry,Affiliate,Premium,Pending,Delayed,3,3995.13,1615.83,239.5
Jewelry,Affiliate,Premium,Pending,Early,2,3250.01,1488.24,192.4
Jewelry,Affiliate,Premium,Pending,On Time,23,22724.14,10003.26,188.3
Jewelry,Affiliate,Premium,Refunded,Cancelled,25,33425.49,17488.78,1.64
Jewelry,Affiliate,VIP,Failed,Cancelled,5,7936.12,3875.1,0.0
Jewelry,Affiliate,VIP,Paid,Cancelled,2,1902.11,672.83,428.56
Jewelry,Affiliate,VIP,Paid,Delayed,12,19432.93,8099.6,392.5
Jewelry,Affiliate,VIP,Paid,Early,5,5763.64,2629.65,270.59
Jewelry,Affiliate,VIP,Paid,On Time,52,63491.74,21843.1,328.65
Jewelry,Affiliate,VIP,Pending,Delayed,1,3246.72,1886.98,201.59
Jewelry,Affiliate,VIP,Pending,Early,1,3933.03,1610.6,284.06
Jewelry,Affiliate,VIP,Pending,On Time,6,4593.51,1613.19,111.35
Jewelry,Affiliate,VIP,Refunded,Cancelled,5,6504.18,3337.83,10.66
Jewelry,Direct,Business,Failed,Cancelled,16,18382.71,6908.19,109.08
Jewelry,Direct,Business,Paid,Cancelled,3,5022.97,1369.33,486.76
Jewelry,Direct,Business,Paid,Delayed,32,45462.93,19951.61,158.39
Jewelry,Direct,Business,Paid,Early,30,38344.36,15113.89,227.94
Jewelry,Direct,Business,Paid,On Time,172,187869.3,74982.64,204.04
Jewelry,Direct,Business,Pending,Cancelled,8,8976.88,2094.31,321.14
Jewelry,Direct,Business,Pending,Delayed,2,2072.2,658.18,566.55
Jewelry,Direct,Business,Pending,Early,3,3793.22,2012.9,174.08
Jewelry,Direct,Business,Pending,On Time,25,27688.33,10334.45,270.26
Jewelry,Direct,Business,Refunded,Cancelled,24,35746.74,17511.31,7.35
Jewelry,Direct,Consumer,Failed,Cancelled,127,156344.1,73366.14,60.81
Jewelry,Direct,Consumer,Paid,Cancelled,21,24041.71,10083.51,108.86
Jewelry,Direct,Consumer,Paid,Delayed,191,221023.16,87609.84,211.8
Jewelry,Direct,Consumer,Paid,Early,120,139884.56,57035.37,188.27
Jewelry,Direct,Consumer,Paid,On Time,964,1152776.84,464565.54,203.21
Jewelry,Direct,Consumer,Pending,Cancelled,46,53490.71,21553.97,227.81
Jewelry,Direct,Consumer,Pending,Delayed,28,30552.17,11255.79,270.44
Jewelry,Direct,Consumer,Pending,Early,17,19811.83,8743.98,137.37
Jewelry,Direct,Consumer,Pending,On Time,112,134205.12,55492.15,233.65
Jewelry,Direct,Consumer,Refunded,Cancelled,127,165493.01,79572.4,23.91
Jewelry,Direct,Premium,Failed,Cancelled,60,80603.38,39782.43,35.06
Jewelry,Direct,Premium,Paid,Cancelled,16,19530.56,7425.64,318.84
Jewelry,Direct,Premium,Paid,Delayed,85,103385.81,34377.01,342.04
Jewelry,Direct,Premium,Paid,Early,41,48356.03,19176.42,214.49
Jewelry,Direct,Premium,Paid,On Time,459,530933.99,202842.94,246.87
Jewelry,Direct,Premium,Pending,Cancelled,20,21992.49,8761.31,142.63
Jewelry,Direct,Premium,Pending,Delayed,14,20959.72,6508.22,324.9
Jewelry,Direct,Premium,Pending,Early,3,1254.08,541.78,95.24
Jewelry,Direct,Premium,Pending,On Time,59,71404.43,25655.72,283.93
Jewelry,Direct,Premium,Refunded,Cancelled,50,62985.43,31225.41,3.27
Jewelry,Direct,VIP,Failed,Cancelled,24,35887.05,16703.33,70.32
Jewelry,Direct,VIP,Paid,Cancelled,5,4829.21,1600.49,278.84
Jewelry,Direct,VIP,Paid,Delayed,44,53137.2,17754.65,329.14
Jewelry,Direct,VIP,Paid,Early,19,14910.42,5980.54,165.49
Jewelry,Direct,VIP,Paid,On Time,186,199475.66,71452.02,265.89
Jewelry,Direct,VIP,Pending,Cancelled,5,3690.79,1161.01,226.37
Jewelry,Direct,VIP,Pending,Delayed,4,3631.75,1191.97,251.61
Jewelry,Direct,VIP,Pending,Early,3,3390.43,1708.0,72.56
Jewelry,Direct,VIP,Pending,On Time,24,28455.77,9826.69,286.78
Jewelry,Direct,VIP,Refunded,Cancelled,24,30675.68,15942.51,77.28
Jewelry,Email Marketing,Business,Failed,Cancelled,18,23607.82,11090.73,105.46
Jewelry,Email Marketing,Business,Paid,Cancelled,1,1766.05,1003.1,283.19
Jewelry,Email Marketing,Business,Paid,Delayed,15,21279.97,9908.98,254.59
Jewelry,Email Marketing,Business,Paid,Early,10,14424.54,5859.59,250.09
Jewelry,Email Marketing,Business,Paid,On Time,106,124162.15,49124.39,233.78
Jewelry,Email Marketing,Business,Pending,Cancelled,2,3167.4,1608.17,123.42
Jewelry,Email Marketing,Business,Pending,Delayed,2,3465.99,982.9,203.21
Jewelry,Email Marketing,Business,Pending,On Time,9,13739.11,6704.77,274.08
Jewelry,Email Marketing,Business,Refunded,Cancelled,14,14458.72,7856.06,0.0
Jewelry,Email Marketing,Consumer,Failed,Cancelled,77,102626.95,49337.74,29.39
Jewelry,Email Marketing,Consumer,Paid,Cancelled,16,18514.71,7368.65,195.47
Jewelry,Email Marketing,Consumer,Paid,Delayed,85,101151.64,38042.48,239.9
Jewelry,Email Marketing,Consumer,Paid,Early,57,58621.31,25563.23,149.67
Jewelry,Email Marketing,Consumer,Paid,On Time,588,674307.04,275325.37,217.61
Jewelry,Email Marketing,Consumer,Pending,Cancelled,22,27661.58,11980.4,275.85
Jewelry,Email Marketing,Consumer,Pending,Delayed,12,11927.5,4003.2,262.6
Jewelry,Email Marketing,Consumer,Pending,Early,9,12764.59,4891.02,158.6
Jewelry,Email Marketing,Consumer,Pending,On Time,61,65147.76,26292.97,221.52
Jewelry,Email Marketing,Consumer,Refunded,Cancelled,69,85133.77,43019.7,21.47
Jewelry,Email Marketing,Premium,Failed,Cancelled,38,42654.75,19034.07,81.62
Jewelry,Email Marketing,Premium,Paid,Cancelled,5,5488.85,2799.57,156.03
Jewelry,Email Marketing,Premium,Paid,Delayed,62,75509.39,25313.16,350.47
Jewelry,Email Marketing,Premium,Paid,Early,27,32983.49,12253.77,280.66
Jewelry,Email Marketing,Premium,Paid,On Time,269,305164.76,116583.52,251.73
Jewelry,Email Marketing,Premium,Pending,Cancelled,6,8881.42,3767.65,238.09
Jewelry,Email Marketing,Premium,Pending,Delayed,12,12858.0,5598.32,204.69
Jewelry,Email Marketing,Premium,Pending,Early,3,3272.12,1376.42,245.77
Jewelry,Email Marketing,Premium,Pending,On Time,33,39098.78,13946.13,295.51
Jewelry,Email Marketing,Premium,Refunded,Cancelled,28,41809.58,19371.61,42.55
Jewelry,Email Marketing,VIP,Failed,Cancelled,11,12591.23,5900.25,14.01
Jewelry,Email Marketing,VIP,Paid,Cancelled,2,2900.89,712.91,264.42
Jewelry,Email Marketing,VIP,Paid,Delayed,22,27256.96,6862.75,404.28
Jewelry,Email Marketing,VIP,Paid,Early,8,11197.63,4116.41,399.85
Jewelry,Email Marketing,VIP,Paid,On Time,110,106211.16,37847.07,224.61
Jewelry,Email Marketing,VIP,Pending,Cancelled,1,502.72,91.29,125.28
Jewelry,Email Marketing,VIP,Pending,Early,2,1381.33,407.65,188.72
Jewelry,Email Marketing,VIP,Pending,On Time,12,13646.16,3964.27,253.35
Jewelry,Email Marketing,VIP,Refunded,Cancelled,9,18009.12,8939.47,11.54
Jewelry,Facebook Ads,Business,Failed,Cancelled,26,28508.78,13440.61,40.76
Jewelry,Facebook Ads,Business,Paid,Cancelled,2,1114.65,253.17,298.63
Jewelry,Facebook Ads,Business,Paid,Delayed,28,39769.64,17358.41,232.01
Jewelry,Facebook Ads,Business,Paid,Early,16,21594.02,10071.82,150.65
Jewelry,Facebook Ads,Business,Paid,On Time,143,160942.6,61370.83,233.88
Jewelry,Facebook Ads,Business,Pending,Cancelled,5,7691.99,3391.6,150.32
Jewelry,Facebook Ads,Business,Pending,Delayed,1,731.29,293.15,63.69
Jewelry,Facebook Ads,Business,Pending,Early,3,4542.31,2201.72,132.66
Jewelry,Facebook Ads,Business,Pending,On Time,12,9576.14,4376.93,89.11
Jewelry,Facebook Ads,Business,Refunded,Cancelled,13,20195.23,9962.83,0.0
Jewelry,Facebook Ads,Consumer,Failed,Cancelled,116,151456.87,70281.67,86.95
Jewelry,Facebook Ads,Consumer,Paid,Cancelled,22,16966.96,6669.6,103.49
Jewelry,Facebook Ads,Consumer,Paid,Delayed,162,205083.75,86738.84,207.74
Jewelry,Facebook Ads,Consumer,Paid,Early,92,101890.68,38336.91,248.09
Jewelry,Facebook Ads,Consumer,Paid,On Time,763,914740.12,369658.21,209.44
Jewelry,Facebook Ads,Consumer,Pending,Cancelled,30,34291.87,14333.03,219.77
Jewelry,Facebook Ads,Consumer,Pending,Delayed,21,19659.92,8167.35,175.82
Jewelry,Facebook Ads,Consumer,Pending,Early,12,13793.12,6333.69,198.58
Jewelry,Facebook Ads,Consumer,Pending,On Time,96,104822.83,42640.3,168.8
Jewelry,Facebook Ads,Consumer,Refunded,Cancelled,103,126777.89,62422.08,19.56
Jewelry,Facebook Ads,Premium,Failed,Cancelled,59,75379.39,36821.58,88.16
Jewelry,Facebook Ads,Premium,Paid,Cancelled,6,2915.83,1115.25,123.92
Jewelry,Facebook Ads,Premium,Paid,Delayed,78,80454.49,26463.33,302.83
Jewelry,Facebook Ads,Premium,Paid,Early,39,59405.59,23328.59,250.01
Jewelry,Facebook Ads,Premium,Paid,On Time,378,453946.19,164303.86,290.88
Jewelry,Facebook Ads,Premium,Pending,Cancelled,12,18772.08,6990.32,312.79
Jewelry,Facebook Ads,Premium,Pending,Delayed,4,5499.4,2472.09,297.43
Jewelry,Facebook Ads,Premium,Pending,Early,3,4284.3,1508.21,234.78
Jewelry,Facebook Ads,Premium,Pending,On Time,45,55207.02,21879.84,264.89
Jewelry,Facebook Ads,Premium,Refunded,Cancelled,55,81429.86,43237.0,5.45
Jewelry,Facebook Ads,VIP,Failed,Cancelled,22,27311.8,11561.29,153.44
Jewelry,Facebook Ads,VIP,Paid,Cancelled,4,5847.98,1127.24,421.49
Jewelry,Facebook Ads,VIP,Paid,Delayed,28,38615.76,15847.03,221.14
Jewelry,Facebook Ads,VIP,Paid,Early,25,24051.53,7940.45,271.8
Jewelry,Facebook Ads,VIP,Paid,On Time,166,176721.41,70804.46,227.01
Jewelry,Facebook Ads,VIP,Pending,Cancelled,4,2347.6,1096.63,46.39
Jewelry,Facebook Ads,VIP,Pending,Delayed,4,1973.73,763.46,67.76
Jewelry,Facebook Ads,VIP,Pending,Early,5,6858.05,2627.61,256.33
Jewelry,Facebook Ads,VIP,Pending,On Time,16,13616.45,4789.68,228.46
Jewelry,Facebook Ads,VIP,Refunded,Cancelled,18,18491.84,8735.21,10.75
Jewelry,Google Ads,Business,Failed,Cancelled,15,16448.14,8915.05,3.59
Jewelry,Google Ads,Business,Paid,Cancelled,4,1926.87,890.37,47.73
Jewelry,Google Ads,Business,Paid,Delayed,46,51997.45,21363.89,204.44
Jewelry,Google Ads,Business,Paid,Early,17,19829.02,6951.43,350.66
Jewelry,Google Ads,Business,Paid,On Time,205,253258.59,103223.06,218.74
Jewelry,Google Ads,Business,Pending,Cancelled,6,7563.52,3593.34,250.19
Jewelry,Google Ads,Business,Pending,Delayed,5,6305.32,2727.17,74.57
Jewelry,Google Ads,Business,Pending,Early,2,1046.79,516.77,57.24
Jewelry,Google Ads,Business,Pending,On Time,16,20751.79,9079.78,154.65
Jewelry,Google Ads,Business,Refunded,Cancelled,30,43683.96,21841.6,34.19
Jewelry,Google Ads,Consumer,Failed,Cancelled,145,159200.18,75551.85,59.42
Jewelry,Google Ads,Consumer,Paid,Cancelled,34,37831.58,16541.91,264.38
Jewelry,Google Ads,Consumer,Paid,Delayed,207,248495.23,101126.86,204.6
Jewelry,Google Ads,Consumer,Paid,Early,100,113403.22,47414.25,205.31
Jewelry,Google Ads,Consumer,Paid,On Time,999,1192466.54,490283.64,212.16
Jewelry,Google Ads,Consumer,Pending,Cancelled,19,16682.3,6600.24,138.47
Jewelry,Google Ads,Consumer,Pending,Delayed,28,40899.57,16372.67,268.41
Jewelry,Google Ads,Consumer,Pending,Early,15,19096.73,7592.96,206.77
Jewelry,Google Ads,Consumer,Pending,On Time,113,151614.56,59043.52,265.63
Jewelry,Google Ads,Consumer,Refunded,Cancelled,128,156018.8,77990.46,17.67
Jewelry,Google Ads,Premium,Failed,Cancelled,63,73191.87,35175.08,63.35
Jewelry,Google Ads,Premium,Paid,Cancelled,19,20386.91,8960.58,176.89
Jewelry,Google Ads,Premium,Paid,Delayed,85,110674.87,42896.98,308.3
Jewelry,Google Ads,Premium,Paid,Early,52,52905.9,19472.29,252.98
Jewelry,Google Ads,Premium,Paid,On Time,438,522718.32,196205.84,296.53
Jewelry,Google Ads,Premium,Pending,Cancelled,14,12069.55,3492.83,294.93
Jewelry,Google Ads,Premium,Pending,Delayed,10,11276.59,4984.53,195.53
Jewelry,Google Ads,Premium,Pending,Early,7,8645.77,3036.84,152.84
Jewelry,Google Ads,Premium,Pending,On Time,57,64623.3,22054.95,289.07
Jewelry,Google Ads,Premium,Refunded,Cancelled,46,54012.35,25886.43,35.12
Jewelry,Google Ads,VIP,Failed,Cancelled,27,32111.28,14096.74,59.66
Jewelry,Google Ads,VIP,Paid,Cancelled,2,2094.41,384.56,843.66
Jewelry,Google Ads,VIP,Paid,Delayed,38,49173.21,18514.45,288.78
Jewelry,Google Ads,VIP,Paid,Early,24,23962.81,7270.54,354.2
Jewelry,Google Ads,VIP,Paid,On Time,169,194938.38,76122.09,251.61
Jewelry,Google Ads,VIP,Pending,Cancelled,3,2539.07,1350.23,62.09
Jewelry,Google Ads,VIP,Pending,Delayed,5,6681.98,2769.51,246.6
Jewelry,Google Ads,VIP,Pending,Early,7,10556.15,3645.28,282.52
Jewelry,Google Ads,VIP,Pending,On Time,20,27369.8,11612.75,202.7
Jewelry,Google Ads,VIP,Refunded,Cancelled,24,26703.79,12332.28,57.82
Jewelry,Instagram,Business,Failed,Cancelled,23,28109.39,14376.75,14.28
Jewelry,Instagram,Business,Paid,Cancelled,2,1862.91,174.83,518.67
Jewelry,Instagram,Business,Paid,Delayed,24,23207.31,9379.76,200.14
Jewelry,Instagram,Business,Paid,Early,18,19881.95,7657.46,250.08
Jewelry,Instagram,Business,Paid,On Time,124,138145.92,54097.47,190.91
Jewelry,Instagram,Business,Pending,Cancelled,6,6751.8,2764.43,128.83
Jewelry,Instagram,Business,Pending,Early,1,496.54,88.79,370.49
Jewelry,Instagram,Business,Pending,On Time,18,24189.08,9782.39,216.86
Jewelry,Instagram,Business,Refunded,Cancelled,21,31160.5,16510.14,14.01
Jewelry,Instagram,Consumer,Failed,Cancelled,91,110835.83,52407.62,99.02
Jewelry,Instagram,Consumer,Paid,Cancelled,14,12970.09,4095.85,256.32
Jewelry,Instagram,Consumer,Paid,Delayed,150,179453.51,72306.09,221.0
Jewelry,Instagram,Consumer,Paid,Early,73,85987.34,35014.97,212.74
Jewelry,Instagram,Consumer,Paid,On Time,615,724610.62,289780.02,216.68
Jewelry,Instagram,Consumer,Pending,Cancelled,17,20113.22,8064.8,166.6
Jewelry,Instagram,Consumer,Pending,Delayed,11,11814.8,5106.18,165.16
Jewelry,Instagram,Consumer,Pending,Early,12,14606.97,6267.14,177.32
Jewelry,Instagram,Consumer,Pending,On Time,61,70984.94,26121.78,234.2
Jewelry,Instagram,Consumer,Refunded,Cancelled,73,106331.78,53228.22,5.16
Jewelry,Instagram,Premium,Failed,Cancelled,36,44185.04,20757.2,65.57
Jewelry,Instagram,Premium,Paid,Cancelled,10,13541.24,3890.14,385.06
Jewelry,Instagram,Premium,Paid,Delayed,59,68963.05,23038.86,343.59
Jewelry,Instagram,Premium,Paid,Early,28,28716.09,9933.87,341.48
Jewelry,Instagram,Premium,Paid,On Time,339,376421.35,136333.71,263.52
Jewelry,Instagram,Premium,Pending,Cancelled,10,13078.95,5481.59,174.6
Jewelry,Instagram,Premium,Pending,Delayed,5,3927.99,1601.01,83.68
Jewelry,Instagram,Premium,Pending,Early,1,171.72,20.93,211.68
Jewelry,Instagram,Premium,Pending,On Time,29,41532.26,13785.55,296.89
Jewelry,Instagram,Premium,Refunded,Cancelled,34,53054.53,26108.87,7.14
Jewelry,Instagram,VIP,Failed,Cancelled,16,16479.55,7918.47,118.58
Jewelry,Instagram,VIP,Paid,Cancelled,2,1469.28,220.03,567.17
Jewelry,Instagram,VIP,Paid,Delayed,32,42056.81,16453.72,267.03
Jewelry,Instagram,VIP,Paid,Early,14,17764.79,6541.98,377.59
Jewelry,Instagram,VIP,Paid,On Time,122,152979.01,55800.99,309.4
Jewelry,Instagram,VIP,Pending,Cancelled,1,1475.67,583.43,9.85
Jewelry,Instagram,VIP,Pending,Delayed,2,2529.36,1229.61,52.41
Jewelry,Instagram,VIP,Pending,Early,1,197.95,40.6,54.1
Jewelry,Instagram,VIP,Pending,On Time,12,13434.89,4529.22,259.09
Jewelry,Instagram,VIP,Refunded,Cancelled,15,18114.61,9172.58,15.9
Jewelry,Organic Search,Business,Failed,Cancelled,24,27989.03,13754.26,48.3
Jewelry,Organic Search,Business,Paid,Cancelled,8,6523.97,2629.52,149.46
Jewelry,Organic Search,Business,Paid,Delayed,56,68388.76,28050.25,217.03
Jewelry,Organic Search,Business,Paid,Early,21,17690.77,6032.76,256.13
Jewelry,Organic Search,Business,Paid,On Time,228,262066.22,106020.41,209.66
Jewelry,Organic Search,Business,Pending,Cancelled,3,5545.99,2041.15,127.11
Jewelry,Organic Search,Business,Pending,Delayed,6,5223.06,2415.94,78.31
Jewelry,Organic Search,Business,Pending,Early,2,6524.07,3106.48,844.55
Jewelry,Organic Search,Business,Pending,On Time,22,26504.25,9660.82,260.61
Jewelry,Organic Search,Business,Refunded,Cancelled,27,33133.22,16617.13,0.0
Jewelry,Organic Search,Consumer,Failed,Cancelled,179,207092.35,97566.61,47.94
Jewelry,Organic Search,Consumer,Paid,Cancelled,34,38977.81,14487.73,194.85
Jewelry,Organic Search,Consumer,Paid,Delayed,300,364081.45,146154.0,214.77
Jewelry,Organic Search,Consumer,Paid,Early,184,212056.05,87380.9,199.93
Jewelry,Organic Search,Consumer,Paid,On Time,1295,1544308.86,626550.34,205.06
Jewelry,Organic Search,Consumer,Pending,Cancelled,50,69304.85,30681.97,190.98
Jewelry,Organic Search,Consumer,Pending,Delayed,32,45150.91,17783.97,227.82
Jewelry,Organic Search,Consumer,Pending,Early,16,21895.22,8598.53,314.36
Jewelry,Organic Search,Consumer,Pending,On Time,146,179250.29,72011.3,239.63
Jewelry,Organic Search,Consumer,Refunded,Cancelled,169,215452.0,110248.92,33.55
Jewelry,Organic Search,Premium,Failed,Cancelled,73,86485.47,39456.46,66.23
Jewelry,Organic Search,Premium,Paid,Cancelled,17,29601.94,11532.01,359.88
Jewelry,Organic Search,Premium,Paid,Delayed,152,172444.59,63442.4,238.61
Jewelry,Organic Search,Premium,Paid,Early,76,82821.6,31804.29,213.18
Jewelry,Organic Search,Premium,Paid,On Time,586,669870.05,238512.34,278.19
Jewelry,Organic Search,Premium,Pending,Cancelled,13,15395.88,6364.14,250.17
Jewelry,Organic Search,Premium,Pending,Delayed,9,11018.94,2900.84,403.89
Jewelry,Organic Search,Premium,Pending,Early,8,10040.25,4413.7,194.78
Jewelry,Organic Search,Premium,Pending,On Time,62,70546.32,26229.88,295.42
Jewelry,Organic Search,Premium,Refunded,Cancelled,87,115057.92,56343.3,54.06
Jewelry,Organic Search,VIP,Failed,Cancelled,31,45263.25,22260.52,33.41
Jewelry,Organic Search,VIP,Paid,Cancelled,4,5788.53,2148.4,280.59
Jewelry,Organic Search,VIP,Paid,Delayed,34,34954.08,10973.72,312.72
Jewelry,Organic Search,VIP,Paid,Early,29,31364.35,11316.64,240.71
Jewelry,Organic Search,VIP,Paid,On Time,245,296097.7,111332.78,290.9
Jewelry,Organic Search,VIP,Pending,Cancelled,8,8398.6,3136.91,252.83
Jewelry,Organic Search,VIP,Pending,Delayed,5,4312.68,2078.73,114.11
Jewelry,Organic Search,VIP,Pending,Early,1,2426.88,1398.7,275.86
Jewelry,Organic Search,VIP,Pending,On Time,26,30660.52,10072.51,242.48
Jewelry,Organic Search,VIP,Refunded,Cancelled,42,52471.57,27251.93,11.38
Jewelry,Referral,Business,Failed,Cancelled,10,13078.02,6585.69,2.58
Jewelry,Referral,Business,Paid,Cancelled,3,2743.4,1007.05,343.31
Jewelry,Referral,Business,Paid,Delayed,18,19341.08,7617.68,182.52
Jewelry,Referral,Business,Paid,Early,12,13136.68,5637.12,190.16
Jewelry,Referral,Business,Paid,On Time,101,125316.32,50801.31,220.03
Jewelry,Referral,Business,Pending,Cancelled,5,6576.68,1531.56,343.05
Jewelry,Referral,Business,Pending,Delayed,3,2018.83,731.29,38.84
Jewelry,Referral,Business,Pending,On Time,11,11050.76,4234.53,164.06
Jewelry,Referral,Business,Refunded,Cancelled,16,30965.64,15018.35,0.0
Jewelry,Referral,Consumer,Failed,Cancelled,69,88459.98,44768.37,28.38
Jewelry,Referral,Consumer,Paid,Cancelled,11,11822.66,5331.31,150.65
Jewelry,Referral,Consumer,Paid,Delayed,115,132172.37,55055.19,209.08
Jewelry,Referral,Consumer,Paid,Early,46,66610.96,29225.6,212.31
Jewelry,Referral,Consumer,Paid,On Time,506,567382.05,227213.79,194.19
Jewelry,Referral,Consumer,Pending,Cancelled,30,34655.93,14465.62,159.9
Jewelry,Referral,Consumer,Pending,Delayed,6,6220.65,2928.25,200.94
Jewelry,Referral,Consumer,Pending,Early,9,11083.85,4212.81,230.9
Jewelry,Referral,Consumer,Pending,On Time,63,66400.94,24412.75,237.31
Jewelry,Referral,Consumer,Refunded,Cancelled,62,80003.66,40584.21,6.16
Jewelry,Referral,Premium,Failed,Cancelled,29,37344.37,19475.3,9.3
Jewelry,Referral,Premium,Paid,Cancelled,5,6802.1,2427.04,322.5
Jewelry,Referral,Premium,Paid,Delayed,50,63306.01,25799.11,272.26
Jewelry,Referral,Premium,Paid,Early,29,37101.96,14116.26,331.78
Jewelry,Referral,Premium,Paid,On Time,257,290678.13,110888.09,249.95
Jewelry,Referral,Premium,Pending,Cancelled,9,13022.15,6164.64,223.22
Jewelry,Referral,Premium,Pending,Delayed,6,3190.26,1258.06,41.83
Jewelry,Referral,Premium,Pending,Early,5,7234.57,3509.07,340.1
Jewelry,Referral,Premium,Pending,On Time,34,31169.72,10990.12,299.9
Jewelry,Referral,Premium,Refunded,Cancelled,23,44869.26,23042.18,24.6
Jewelry,Referral,VIP,Failed,Cancelled,11,8528.13,4351.53,13.81
Jewelry,Referral,VIP,Paid,Cancelled,2,2260.79,829.64,282.51
Jewelry,Referral,VIP,Paid,Delayed,32,36817.12,12935.27,280.65
Jewelry,Referral,VIP,Paid,Early,19,24213.97,9116.13,316.35
Jewelry,Referral,VIP,Paid,On Time,117,147073.19,50845.65,300.13
Jewelry,Referral,VIP,Pending,Cancelled,6,7953.66,1865.9,481.03
Jewelry,Referral,VIP,Pending,Delayed,1,2483.83,159.2,1279.93
Jewelry,Referral,VIP,Pending,Early,1,782.2,321.03,101.51
Jewelry,Referral,VIP,Pending,On Time,8,10674.95,4339.62,165.35
Jewelry,Referral,VIP,Refunded,Cancelled,12,11145.36,5423.13,0.0
Jewelry,TikTok,Business,Failed,Cancelled,5,3465.43,1953.25,13.02
Jewelry,TikTok,Business,Paid,Delayed,5,5853.25,2275.63,176.02
Jewelry,TikTok,Business,Paid,Early,3,2206.45,1010.11,52.91
Jewelry,TikTok,Business,Paid,On Time,47,55248.1,23719.89,209.72
Jewelry,TikTok,Business,Pending,Cancelled,1,524.05,215.71,57.34
Jewelry,TikTok,Business,Pending,On Time,6,7127.67,3306.12,208.7
Jewelry,TikTok,Business,Refunded,Cancelled,2,2283.53,1336.1,0.0
Jewelry,TikTok,Consumer,Failed,Cancelled,33,41180.19,19830.63,45.81
Jewelry,TikTok,Consumer,Paid,Cancelled,8,10996.08,5316.77,263.44
Jewelry,TikTok,Consumer,Paid,Delayed,29,33443.89,14071.09,202.95
Jewelry,TikTok,Consumer,Paid,Early,34,36978.97,13447.78,230.16
Jewelry,TikTok,Consumer,Paid,On Time,248,306594.34,122417.51,231.09
Jewelry,TikTok,Consumer,Pending,Cancelled,11,8632.31,2523.97,202.72
Jewelry,TikTok,Consumer,Pending,Delayed,7,11360.47,4965.8,164.27
Jewelry,TikTok,Consumer,Pending,Early,2,812.45,336.63,95.88
Jewelry,TikTok,Consumer,Pending,On Time,28,27908.54,9789.28,242.93
Jewelry,TikTok,Consumer,Refunded,Cancelled,38,48678.42,24675.98,1.61
Jewelry,TikTok,Premium,Failed,Cancelled,16,15696.49,7874.83,93.95
Jewelry,TikTok,Premium,Paid,Cancelled,2,4782.21,2284.51,118.36
Jewelry,TikTok,Premium,Paid,Delayed,24,24086.71,7761.8,351.93
Jewelry,TikTok,Premium,Paid,Early,19,33346.23,11971.14,360.78
Jewelry,TikTok,Premium,Paid,On Time,103,113125.1,39513.62,291.44
Jewelry,TikTok,Premium,Pending,Cancelled,4,8670.92,3561.12,519.1
Jewelry,TikTok,Premium,Pending,Delayed,2,4429.92,983.69,902.76
Jewelry,TikTok,Premium,Pending,Early,1,1357.93,733.83,149.72
Jewelry,TikTok,Premium,Pending,On Time,15,12695.82,4058.68,257.26
Jewelry,TikTok,Premium,Refunded,Cancelled,13,19117.87,9916.0,51.24
Jewelry,TikTok,VIP,Failed,Cancelled,5,3781.32,1803.35,59.91
Jewelry,TikTok,VIP,Paid,Cancelled,3,3062.43,953.28,198.87
Jewelry,TikTok,VIP,Paid,Delayed,7,8952.66,1382.29,907.09
Jewelry,TikTok,VIP,Paid,Early,6,6602.75,3044.18,273.04
Jewelry,TikTok,VIP,Paid,On Time,56,65668.37,26938.85,198.43
Jewelry,TikTok,VIP,Pending,On Time,2,2919.48,559.74,862.47
Jewelry,TikTok,VIP,Refunded,Cancelled,4,2230.66,973.98,0.0
Jewelry,YouTube,Business,Failed,Cancelled,3,1976.45,936.43,0.0
Jewelry,YouTube,Business,Paid,Delayed,11,12922.12,3522.45,361.16
Jewelry,YouTube,Business,Paid,Early,6,5784.07,1796.76,281.71
Jewelry,YouTube,Business,Paid,On Time,35,32101.35,14660.56,99.6
Jewelry,YouTube,Business,Pending,Cancelled,1,557.15,230.14,99.63
Jewelry,YouTube,Business,Pending,On Time,6,8064.49,3069.96,463.3
Jewelry,YouTube,Business,Refunded,Cancelled,5,2226.41,1168.51,11.77
Jewelry,YouTube,Consumer,Failed,Cancelled,25,24136.32,10609.05,81.35
Jewelry,YouTube,Consumer,Paid,Cancelled,6,6092.35,2496.66,150.92
Jewelry,YouTube,Consumer,Paid,Delayed,44,38411.39,16031.96,131.47
Jewelry,YouTube,Consumer,Paid,Early,16,18065.59,8739.86,185.97
Jewelry,YouTube,Consumer,Paid,On Time,203,256136.56,103133.61,237.82
Jewelry,YouTube,Consumer,Pending,Cancelled,9,11480.22,3627.5,248.09
Jewelry,YouTube,Consumer,Pending,Delayed,8,7522.63,3291.43,236.39
Jewelry,YouTube,Consumer,Pending,Early,1,1785.59,664.68,179.29
Jewelry,YouTube,Consumer,Pending,On Time,16,20164.32,7959.81,276.71
Jewelry,YouTube,Consumer,Refunded,Cancelled,21,23127.33,10463.89,25.94
Jewelry,YouTube,Premium,Failed,Cancelled,6,4343.78,2051.16,0.0
Jewelry,YouTube,Premium,Paid,Cancelled,5,3791.59,1561.4,96.28
Jewelry,YouTube,Premium,Paid,Delayed,14,11117.1,4768.89,133.52
Jewelry,YouTube,Premium,Paid,Early,11,11698.63,4363.58,238.69
Jewelry,YouTube,Premium,Paid,On Time,94,103662.26,37335.49,324.9
Jewelry,YouTube,Premium,Pending,Cancelled,1,968.79,435.18,172.19
Jewelry,YouTube,Premium,Pending,On Time,9,13607.96,5449.64,415.29
Jewelry,YouTube,Premium,Refunded,Cancelled,16,16439.28,8204.63,4.89
Jewelry,YouTube,VIP,Failed,Cancelled,8,12145.66,6047.67,78.0
Jewelry,YouTube,VIP,Paid,Cancelled,2,1112.23,299.71,147.46
Jewelry,YouTube,VIP,Paid,Delayed,9,7834.9,2716.23,175.95
Jewelry,YouTube,VIP,Paid,Early,6,6734.9,2028.87,285.23
Jewelry,YouTube,VIP,Paid,On Time,37,45537.25,17979.98,257.64
Jewelry,YouTube,VIP,Pending,Cancelled,2,2110.38,643.86,192.94
Jewelry,YouTube,VIP,Pending,Delayed,2,1875.27,342.53,192.06
Jewelry,YouTube,VIP,Pending,On Time,7,5008.93,991.29,395.35
Jewelry,YouTube,VIP,Refunded,Cancelled,7,9055.83,5359.75,0.0
Office Supplies,Affiliate,Business,Failed,Cancelled,12,5605.53,3252.44,35.99
Office Supplies,Affiliate,Business,Paid,Cancelled,1,133.39,53.76,13.52
Office Supplies,Affiliate,Business,Paid,Delayed,8,1997.19,1218.21,22.91
Office Supplies,Affiliate,Business,Paid,Early,8,2626.52,1448.87,60.68
Office Supplies,Affiliate,Business,Paid,On Time,69,21679.29,10849.99,52.67
Office Supplies,Affiliate,Business,Pending,Cancelled,3,981.28,510.7,26.99
Office Supplies,Affiliate,Business,Pending,Delayed,1,136.72,58.42,28.32
Office Supplies,Affiliate,Business,Pending,Early,4,1873.17,810.94,73.51
Office Supplies,Affiliate,Business,Pending,On Time,7,1730.47,841.92,58.69
Office Supplies,Affiliate,Business,Refunded,Cancelled,11,2651.45,1559.74,0.0
Office Supplies,Affiliate,Consumer,Failed,Cancelled,50,18038.78,10401.9,14.96
Office Supplies,Affiliate,Consumer,Paid,Cancelled,8,2653.89,1416.47,21.29
Office Supplies,Affiliate,Consumer,Paid,Delayed,71,24714.2,12497.25,68.11
Office Supplies,Affiliate,Consumer,Paid,Early,38,16456.03,7750.24,110.99
Office Supplies,Affiliate,Consumer,Paid,On Time,384,130061.31,66713.5,55.04
Office Supplies,Affiliate,Consumer,Pending,Cancelled,14,4677.71,2415.28,55.57
Office Supplies,Affiliate,Consumer,Pending,Delayed,5,2155.34,1093.7,32.27
Office Supplies,Affiliate,Consumer,Pending,Early,5,1931.58,940.76,75.14
Office Supplies,Affiliate,Consumer,Pending,On Time,45,17657.11,8920.34,70.53
Office Supplies,Affiliate,Consumer,Refunded,Cancelled,55,18035.27,10677.82,0.86
Office Supplies,Affiliate,Premium,Failed,Cancelled,30,11304.06,6492.96,9.98
Office Supplies,Affiliate,Premium,Paid,Cancelled,9,3287.12,1371.16,118.48
Office Supplies,Affiliate,Premium,Paid,Delayed,38,13022.0,6128.51,90.94
Office Supplies,Affiliate,Premium,Paid,Early,23,7746.91,3650.03,94.22
Office Supplies,Affiliate,Premium,Paid,On Time,182,67966.74,33646.02,83.41
Office Supplies,Affiliate,Premium,Pending,Cancelled,4,2785.59,1178.15,96.09
Office Supplies,Affiliate,Premium,Pending,Delayed,3,1094.04,659.36,41.12
Office Supplies,Affiliate,Premium,Pending,Early,3,682.5,284.2,82.93
Office Supplies,Affiliate,Premium,Pending,On Time,18,5882.89,2593.88,78.25
Office Supplies,Affiliate,Premium,Refunded,Cancelled,14,5161.94,3060.32,9.14
Office Supplies,Affiliate,VIP,Failed,Cancelled,9,2358.78,1481.14,2.0
Office Supplies,Affiliate,VIP,Paid,Cancelled,3,1268.69,614.0,59.61
Office Supplies,Affiliate,VIP,Paid,Delayed,13,4694.2,1917.37,114.47
Office Supplies,Affiliate,VIP,Paid,Early,8,3680.33,1954.73,104.5
Office Supplies,Affiliate,VIP,Paid,On Time,56,19129.02,9448.46,87.89
Office Supplies,Affiliate,VIP,Pending,Cancelled,1,295.9,175.35,88.18
Office Supplies,Affiliate,VIP,Pending,Delayed,2,321.96,126.06,37.96
Office Supplies,Affiliate,VIP,Pending,Early,1,902.26,480.2,25.94
Office Supplies,Affiliate,VIP,Pending,On Time,10,3609.66,1998.19,41.17
Office Supplies,Affiliate,VIP,Refunded,Cancelled,2,519.5,290.59,0.0
Office Supplies,Direct,Business,Failed,Cancelled,21,8041.11,4611.93,7.77
Office Supplies,Direct,Business,Paid,Cancelled,3,1091.73,550.12,48.27
Office Supplies,Direct,Business,Paid,Delayed,46,15972.6,8291.71,48.46
Office Supplies,Direct,Business,Paid,Early,22,6381.31,3402.2,34.41
Office Supplies,Direct,Business,Paid,On Time,211,76693.5,40117.17,56.52
Office Supplies,Direct,Business,Pending,Cancelled,8,5731.73,3173.2,77.19
Office Supplies,Direct,Business,Pending,Delayed,2,843.38,583.03,48.53
Office Supplies,Direct,Business,Pending,Early,2,339.71,160.47,25.97
Office Supplies,Direct,Business,Pending,On Time,32,11869.65,6095.73,52.69
Office Supplies,Direct,Business,Refunded,Cancelled,27,9950.19,6298.16,1.36
Office Supplies,Direct,Consumer,Failed,Cancelled,148,55856.52,32378.54,8.66
Office Supplies,Direct,Consumer,Paid,Cancelled,27,11274.29,6017.35,62.4
Office Supplies,Direct,Consumer,Paid,Delayed,200,71684.17,37435.41,59.16
Office Supplies,Direct,Consumer,Paid,Early,102,38559.44,18745.45,75.33
Office Supplies,Direct,Consumer,Paid,On Time,1143,420689.11,215442.12,63.15
Office Supplies,Direct,Consumer,Pending,Cancelled,36,10406.83,5414.77,40.02
Office Supplies,Direct,Consumer,Pending,Delayed,17,4085.05,2042.88,54.64
Office Supplies,Direct,Consumer,Pending,Early,16,5832.59,3061.99,46.52
Office Supplies,Direct,Consumer,Pending,On Time,159,58365.2,29568.16,61.11
Office Supplies,Direct,Consumer,Refunded,Cancelled,145,54940.48,31864.11,9.51
Office Supplies,Direct,Premium,Failed,Cancelled,64,27364.0,15638.45,27.55
Office Supplies,Direct,Premium,Paid,Cancelled,18,5322.09,2251.47,93.2
Office Supplies,Direct,Premium,Paid,Delayed,105,36543.4,17740.13,90.38
Office Supplies,Direct,Premium,Paid,Early,55,19153.48,9534.8,71.6
Office Supplies,Direct,Premium,Paid,On Time,537,194069.7,92088.91,93.61
Office Supplies,Direct,Premium,Pending,Cancelled,23,7192.51,3879.94,50.26
Office Supplies,Direct,Premium,Pending,Delayed,11,3537.2,1947.8,52.6
Office Supplies,Direct,Premium,Pending,Early,5,1559.67,901.91,37.27
Office Supplies,Direct,Premium,Pending,On Time,60,22387.95,11399.6,71.81
Office Supplies,Direct,Premium,Refunded,Cancelled,78,31216.91,18325.5,4.66
Office Supplies,Direct,VIP,Failed,Cancelled,25,8091.6,4647.06,17.68
Office Supplies,Direct,VIP,Paid,Cancelled,5,2374.58,1560.9,57.38
Office Supplies,Direct,VIP,Paid,Delayed,53,21220.44,10218.56,90.88
Office Supplies,Direct,VIP,Paid,Early,23,7171.97,3227.67,71.0
Office Supplies,Direct,VIP,Paid,On Time,203,71472.92,34068.03,91.45
Office Supplies,Direct,VIP,Pending,Cancelled,11,4864.05,2405.07,119.86
Office Supplies,Direct,VIP,Pending,Delayed,6,1376.56,616.43,63.62
Office Supplies,Direct,VIP,Pending,Early,4,1795.61,933.01,102.05
Office Supplies,Direct,VIP,Pending,On Time,24,8391.48,4098.6,77.12
Office Supplies,Direct,VIP,Refunded,Cancelled,23,8142.52,4740.13,1.05
Office Supplies,Email Marketing,Business,Failed,Cancelled,17,6151.37,3278.45,21.92
Office Supplies,Email Marketing,Business,Paid,Delayed,21,8292.4,4455.74,69.13
Office Supplies,Email Marketing,Business,Paid,Early,10,2440.64,1161.45,43.23
Office Supplies,Email Marketing,Business,Paid,On Time,109,38300.82,19088.76,58.57
Office Supplies,Email Marketing,Business,Pending,Cancelled,1,130.22,51.27,29.09
Office Supplies,Email Marketing,Business,Pending,Delayed,2,413.63,224.39,30.71
Office Supplies,Email Marketing,Business,Pending,Early,4,1222.02,602.59,54.09
Office Supplies,Email Marketing,Business,Pending,On Time,11,3692.86,1926.9,70.59
Office Supplies,Email Marketing,Business,Refunded,Cancelled,16,3713.33,2151.29,0.42
Office Supplies,Email Marketing,Consumer,Failed,Cancelled,87,30111.03,17020.57,21.2
Office Supplies,Email Marketing,Consumer,Paid,Cancelled,21,7305.24,4110.13,33.13
Office Supplies,Email Marketing,Consumer,Paid,Delayed,99,38303.06,20080.2,63.33
Office Supplies,Email Marketing,Consumer,Paid,Early,63,18367.04,9180.1,48.49
Office Supplies,Email Marketing,Consumer,Paid,On Time,605,219165.71,113283.3,56.83
Office Supplies,Email Marketing,Consumer,Pending,Cancelled,25,7210.39,3708.34,39.33
Office Supplies,Email Marketing,Consumer,Pending,Delayed,17,6902.89,4162.66,35.16
Office Supplies,Email Marketing,Consumer,Pending,Early,7,1688.88,866.84,21.06
Office Supplies,Email Marketing,Consumer,Pending,On Time,66,24155.12,12095.96,71.41
Office Supplies,Email Marketing,Consumer,Refunded,Cancelled,94,39281.68,23378.4,3.58
Office Supplies,Email Marketing,Premium,Failed,Cancelled,35,12200.88,6672.86,30.83
Office Supplies,Email Marketing,Premium,Paid,Cancelled,11,3779.87,2093.55,44.3
Office Supplies,Email Marketing,Premium,Paid,Delayed,56,17936.5,9541.58,68.4
Office Supplies,Email Marketing,Premium,Paid,Early,26,9621.71,3997.82,98.46
Office Supplies,Email Marketing,Premium,Paid,On Time,280,99667.16,48976.17,88.04
Office Supplies,Email Marketing,Premium,Pending,Cancelled,12,3926.07,2049.14,69.01
Office Supplies,Email Marketing,Premium,Pending,Delayed,7,3075.19,1693.79,62.96
Office Supplies,Email Marketing,Premium,Pending,Early,1,123.61,81.76,14.1
Office Supplies,Email Marketing,Premium,Pending,On Time,34,11619.84,5858.23,61.29
Office Supplies,Email Marketing,Premium,Refunded,Cancelled,32,12605.11,7730.33,0.09
Office Supplies,Email Marketing,VIP,Failed,Cancelled,22,8038.61,4588.27,20.4
Office Supplies,Email Marketing,VIP,Paid,Cancelled,2,974.55,593.72,46.57
Office Supplies,Email Marketing,VIP,Paid,Delayed,23,7562.69,3772.19,84.58
Office Supplies,Email Marketing,VIP,Paid,Early,16,3875.2,1930.56,32.48
Office Supplies,Email Marketing,VIP,Paid,On Time,114,42016.45,20285.15,88.2
Office Supplies,Email Marketing,VIP,Pending,Cancelled,3,1376.2,772.04,61.82
Office Supplies,Email Marketing,VIP,Pending,Delayed,4,1301.02,692.13,89.22
Office Supplies,Email Marketing,VIP,Pending,On Time,17,5473.11,2283.53,107.08
Office Supplies,Email Marketing,VIP,Refunded,Cancelled,8,4054.58,2546.23,30.31
Office Supplies,Facebook Ads,Business,Failed,Cancelled,25,6842.6,3731.93,5.02
Office Supplies,Facebook Ads,Business,Paid,Cancelled,5,959.41,490.01,31.85
Office Supplies,Facebook Ads,Business,Paid,Delayed,32,13936.56,7256.02,59.91
Office Supplies,Facebook Ads,Business,Paid,Early,16,4086.9,2426.82,19.06
Office Supplies,Facebook Ads,Business,Paid,On Time,169,58927.2,29142.26,67.48
Office Supplies,Facebook Ads,Business,Pending,Cancelled,4,1565.4,899.25,29.77
Office Supplies,Facebook Ads,Business,Pending,Delayed,6,1205.07,597.54,39.97
Office Supplies,Facebook Ads,Business,Pending,Early,1,329.63,165.56,241.75
Office Supplies,Facebook Ads,Business,Pending,On Time,15,6040.36,2976.46,94.53
Office Supplies,Facebook Ads,Business,Refunded,Cancelled,14,8210.1,4796.26,2.54
Office Supplies,Facebook Ads,Consumer,Failed,Cancelled,126,43898.81,25827.64,10.46
Office Supplies,Facebook Ads,Consumer,Paid,Cancelled,18,8010.93,3801.28,107.73
Office Supplies,Facebook Ads,Consumer,Paid,Delayed,181,61315.5,31018.45,57.69
Office Supplies,Facebook Ads,Consumer,Paid,Early,101,36147.91,18332.45,65.58
Office Supplies,Facebook Ads,Consumer,Paid,On Time,960,343123.93,174768.05,60.58
Office Supplies,Facebook Ads,Consumer,Pending,Cancelled,29,10733.53,5489.17,58.28
Office Supplies,Facebook Ads,Consumer,Pending,Delayed,19,7133.24,3701.97,73.12
Office Supplies,Facebook Ads,Consumer,Pending,Early,14,6698.09,3095.21,113.31
Office Supplies,Facebook Ads,Consumer,Pending,On Time,94,29699.54,15477.75,48.26
Office Supplies,Facebook Ads,Consumer,Refunded,Cancelled,107,34875.26,21271.46,3.02
Office Supplies,Facebook Ads,Premium,Failed,Cancelled,55,20785.87,11938.76,14.68
Office Supplies,Facebook Ads,Premium,Paid,Cancelled,14,4143.26,2161.53,55.3
Office Supplies,Facebook Ads,Premium,Paid,Delayed,90,28615.03,14075.06,62.5
Office Supplies,Facebook Ads,Premium,Paid,Early,56,18652.37,9587.71,68.84
Office Supplies,Facebook Ads,Premium,Paid,On Time,434,155854.02,75021.33,91.46
Office Supplies,Facebook Ads,Premium,Pending,Cancelled,16,5846.33,2249.49,140.42
Office Supplies,Facebook Ads,Premium,Pending,Delayed,5,1281.88,688.11,26.52
Office Supplies,Facebook Ads,Premium,Pending,Early,3,500.27,271.36,33.9
Office Supplies,Facebook Ads,Premium,Pending,On Time,39,11178.28,5301.56,70.58
Office Supplies,Facebook Ads,Premium,Refunded,Cancelled,53,19802.65,11819.35,0.73
Office Supplies,Facebook Ads,VIP,Failed,Cancelled,26,9032.08,4937.42,46.58
Office Supplies,Facebook Ads,VIP,Paid,Cancelled,4,1340.0,670.58,107.6
Office Supplies,Facebook Ads,VIP,Paid,Delayed,39,12643.34,6272.59,72.57
Office Supplies,Facebook Ads,VIP,Paid,Early,19,7991.49,3656.1,122.41
Office Supplies,Facebook Ads,VIP,Paid,On Time,184,67478.67,34440.29,79.0
Office Supplies,Facebook Ads,VIP,Pending,Cancelled,5,1356.5,678.99,70.67
Office Supplies,Facebook Ads,VIP,Pending,Delayed,4,1399.49,805.64,16.82
Office Supplies,Facebook Ads,VIP,Pending,Early,4,900.59,542.29,30.64
Office Supplies,Facebook Ads,VIP,Pending,On Time,16,6672.3,2815.15,137.44
Office Supplies,Facebook Ads,VIP,Refunded,Cancelled,28,12185.89,7031.59,8.8
Office Supplies,Google Ads,Business,Failed,Cancelled,21,8395.34,4965.03,27.14
Office Supplies,Google Ads,Business,Paid,Cancelled,2,1521.79,556.97,174.83
Office Supplies,Google Ads,Business,Paid,Delayed,40,10980.09,5488.97,51.66
Office Supplies,Google Ads,Business,Paid,Early,29,10616.46,5401.25,54.37
Office Supplies,Google Ads,Business,Paid,On Time,209,64854.88,31970.61,63.1
Office Supplies,Google Ads,Business,Pending,Cancelled,12,4707.97,2278.12,89.71
Office Supplies,Google Ads,Business,Pending,Delayed,5,2781.02,1402.86,64.83
Office Supplies,Google Ads,Business,Pending,Early,2,388.77,202.6,21.53
Office Supplies,Google Ads,Business,Pending,On Time,30,10796.61,5224.44,84.98
Office Supplies,Google Ads,Business,Refunded,Cancelled,29,10853.37,6251.95,1.4
Office Supplies,Google Ads,Consumer,Failed,Cancelled,173,65352.09,37266.25,21.47
Office Supplies,Google Ads,Consumer,Paid,Cancelled,31,9452.98,4663.52,56.92
Office Supplies,Google Ads,Consumer,Paid,Delayed,217,69648.32,35413.83,55.63
Office Supplies,Google Ads,Consumer,Paid,Early,138,52034.02,26021.1,65.21
Office Supplies,Google Ads,Consumer,Paid,On Time,1138,413428.76,212958.2,58.75
Office Supplies,Google Ads,Consumer,Pending,Cancelled,38,17003.43,8543.82,75.26
Office Supplies,Google Ads,Consumer,Pending,Delayed,19,5579.3,3020.61,40.75
Office Supplies,Google Ads,Consumer,Pending,Early,18,7547.6,3663.75,95.39
Office Supplies,Google Ads,Consumer,Pending,On Time,125,42072.24,21669.54,58.27
Office Supplies,Google Ads,Consumer,Refunded,Cancelled,139,50305.75,29707.39,0.48
Office Supplies,Google Ads,Premium,Failed,Cancelled,64,19702.44,11759.91,9.7
Office Supplies,Google Ads,Premium,Paid,Cancelled,10,3007.1,1591.28,65.09
Office Supplies,Google Ads,Premium,Paid,Delayed,90,27885.29,14178.32,73.14
Office Supplies,Google Ads,Premium,Paid,Early,61,19555.92,9573.27,68.76
Office Supplies,Google Ads,Premium,Paid,On Time,536,187410.25,92541.32,85.34
Office Supplies,Google Ads,Premium,Pending,Cancelled,21,9236.77,4608.1,117.1
Office Supplies,Google Ads,Premium,Pending,Delayed,16,5620.75,2831.06,71.84
Office Supplies,Google Ads,Premium,Pending,Early,10,4898.17,2468.56,92.34
Office Supplies,Google Ads,Premium,Pending,On Time,67,21694.19,10235.69,83.48
Office Supplies,Google Ads,Premium,Refunded,Cancelled,54,19166.1,11272.19,6.43
Office Supplies,Google Ads,VIP,Failed,Cancelled,37,12630.97,6913.41,22.91
Office Supplies,Google Ads,VIP,Paid,Cancelled,3,1693.31,599.37,302.49
Office Supplies,Google Ads,VIP,Paid,Delayed,41,16775.57,8488.06,76.46
Office Supplies,Google Ads,VIP,Paid,Early,28,9280.51,4702.24,71.78
Office Supplies,Google Ads,VIP,Paid,On Time,192,72591.34,35923.69,88.3
Office Supplies,Google Ads,VIP,Pending,Cancelled,12,4121.66,1293.58,161.89
Office Supplies,Google Ads,VIP,Pending,Delayed,5,2036.91,972.82,87.54
Office Supplies,Google Ads,VIP,Pending,Early,2,329.08,122.93,79.59
Office Supplies,Google Ads,VIP,Pending,On Time,28,7781.83,3653.29,71.9
Office Supplies,Google Ads,VIP,Refunded,Cancelled,26,6297.39,3627.46,2.98
Office Supplies,Instagram,Business,Failed,Cancelled,14,7435.49,3913.47,47.11
Office Supplies,Instagram,Business,Paid,Cancelled,5,1152.32,603.55,48.07
Office Supplies,Instagram,Business,Paid,Delayed,33,10546.7,5485.5,54.81
Office Supplies,Instagram,Business,Paid,Early,21,7739.33,3827.29,78.74
Office Supplies,Instagram,Business,Paid,On Time,149,52680.65,28002.34,52.78
Office Supplies,Instagram,Business,Pending,Cancelled,5,1632.33,878.83,34.92
Office Supplies,Instagram,Business,Pending,Delayed,1,236.95,120.53,12.25
Office Supplies,Instagram,Business,Pending,Early,2,405.42,177.31,129.38
Office Supplies,Instagram,Business,Pending,On Time,21,8619.5,4362.32,102.47
Office Supplies,Instagram,Business,Refunded,Cancelled,22,6459.87,3590.48,7.77
Office Supplies,Instagram,Consumer,Failed,Cancelled,121,47410.44,27029.0,12.83
Office Supplies,Instagram,Consumer,Paid,Cancelled,18,5004.22,2680.34,34.04
Office Supplies,Instagram,Consumer,Paid,Delayed,150,54635.04,27124.59,72.17
Office Supplies,Instagram,Consumer,Paid,Early,77,26426.31,13776.05,49.43
Office Supplies,Instagram,Consumer,Paid,On Time,756,272724.09,140417.98,60.77
Office Supplies,Instagram,Consumer,Pending,Cancelled,34,11541.0,6153.15,56.46
Office Supplies,Instagram,Consumer,Pending,Delayed,20,8105.81,3713.45,82.65
Office Supplies,Instagram,Consumer,Pending,Early,9,3469.1,1720.72,78.75
Office Supplies,Instagram,Consumer,Pending,On Time,95,33259.81,17830.41,60.95
Office Supplies,Instagram,Consumer,Refunded,Cancelled,84,29645.5,17183.92,8.39
Office Supplies,Instagram,Premium,Failed,Cancelled,52,19698.4,11022.87,10.65
Office Supplies,Instagram,Premium,Paid,Cancelled,6,2403.58,1144.95,116.38
Office Supplies,Instagram,Premium,Paid,Delayed,61,19786.58,9551.89,65.94
Office Supplies,Instagram,Premium,Paid,Early,47,15316.22,7705.01,67.36
Office Supplies,Instagram,Premium,Paid,On Time,382,127159.64,63450.18,75.78
Office Supplies,Instagram,Premium,Pending,Cancelled,12,4054.45,2346.34,51.03
Office Supplies,Instagram,Premium,Pending,Delayed,5,1803.84,771.01,217.29
Office Supplies,Instagram,Premium,Pending,Early,6,3012.04,1324.31,201.3
Office Supplies,Instagram,Premium,Pending,On Time,45,19721.95,9386.01,100.14
Office Supplies,Instagram,Premium,Refunded,Cancelled,41,13875.83,8097.77,6.06
Office Supplies,Instagram,VIP,Failed,Cancelled,20,8927.32,5128.83,10.22
Office Supplies,Instagram,VIP,Paid,Cancelled,1,183.43,108.07,32.98
Office Supplies,Instagram,VIP,Paid,Delayed,16,7122.61,3860.75,69.35
Office Supplies,Instagram,VIP,Paid,Early,16,4225.81,2319.12,26.39
Office Supplies,Instagram,VIP,Paid,On Time,125,46686.92,22561.89,90.07
Office Supplies,Instagram,VIP,Pending,Cancelled,8,2681.21,1330.96,79.1
Office Supplies,Instagram,VIP,Pending,Delayed,5,2892.07,1545.15,115.5
Office Supplies,Instagram,VIP,Pending,Early,4,1625.06,950.07,9.7
Office Supplies,Instagram,VIP,Pending,On Time,22,8965.48,4274.55,92.07
Office Supplies,Instagram,VIP,Refunded,Cancelled,14,4421.86,2613.75,2.04
Office Supplies,Organic Search,Business,Failed,Cancelled,40,14056.37,7796.94,25.4
Office Supplies,Organic Search,Business,Paid,Cancelled,5,893.37,474.67,21.52
Office Supplies,Organic Search,Business,Paid,Delayed,54,15588.88,7805.03,47.91
Office Supplies,Organic Search,Business,Paid,Early,25,7626.66,3680.75,58.52
Office Supplies,Organic Search,Business,Paid,On Time,283,101222.56,51483.26,59.29
Office Supplies,Organic Search,Business,Pending,Cancelled,11,5684.66,2905.43,76.0
Office Supplies,Organic Search,Business,Pending,Delayed,6,1443.27,640.4,45.04
Office Supplies,Organic Search,Business,Pending,On Time,24,9153.74,4456.52,54.4
Office Supplies,Organic Search,Business,Refunded,Cancelled,33,12418.05,7439.94,0.93
Office Supplies,Organic Search,Consumer,Failed,Cancelled,209,73348.2,42369.2,15.17
Office Supplies,Organic Search,Consumer,Paid,Cancelled,45,18167.19,9062.41,77.0
Office Supplies,Organic Search,Consumer,Paid,Delayed,331,118611.82,62020.11,59.89
Office Supplies,Organic Search,Consumer,Paid,Early,181,70907.28,36793.48,68.2
Office Supplies,Organic Search,Consumer,Paid,On Time,1622,584969.36,302167.89,59.03
Office Supplies,Organic Search,Consumer,Pending,Cancelled,54,20588.84,9838.8,78.11
Office Supplies,Organic Search,Consumer,Pending,Delayed,36,13481.97,7420.23,57.68
Office Supplies,Organic Search,Consumer,Pending,Early,23,8086.04,4318.74,42.92
Office Supplies,Organic Search,Consumer,Pending,On Time,193,67720.39,34762.18,52.15
Office Supplies,Organic Search,Consumer,Refunded,Cancelled,179,68978.13,41379.61,3.52
Office Supplies,Organic Search,Premium,Failed,Cancelled,90,28458.65,16394.28,23.06
Office Supplies,Organic Search,Premium,Paid,Cancelled,20,7594.32,3765.7,65.3
Office Supplies,Organic Search,Premium,Paid,Delayed,143,45208.37,22119.08,73.54
Office Supplies,Organic Search,Premium,Paid,Early,91,30226.05,15471.76,71.52
Office Supplies,Organic Search,Premium,Paid,On Time,694,234030.33,115093.6,79.95
Office Supplies,Organic Search,Premium,Pending,Cancelled,23,9311.33,3974.49,116.31
Office Supplies,Organic Search,Premium,Pending,Delayed,14,3846.98,1779.01,91.83
Office Supplies,Organic Search,Premium,Pending,Early,6,1549.14,718.57,62.66
Office Supplies,Organic Search,Premium,Pending,On Time,77,22763.1,10720.36,78.15
Office Supplies,Organic Search,Premium,Refunded,Cancelled,94,36325.56,21557.89,6.93
Office Supplies,Organic Search,VIP,Failed,Cancelled,42,15229.34,8832.04,3.93
Office Supplies,Organic Search,VIP,Paid,Cancelled,5,1886.82,1013.45,60.72
Office Supplies,Organic Search,VIP,Paid,Delayed,56,22222.45,11031.19,92.23
Office Supplies,Organic Search,VIP,Paid,Early,40,14981.54,7335.9,77.88
Office Supplies,Organic Search,VIP,Paid,On Time,273,97021.24,47419.07,84.07
Office Supplies,Organic Search,VIP,Pending,Cancelled,12,6269.82,3027.99,76.99
Office Supplies,Organic Search,VIP,Pending,Delayed,7,2223.73,972.44,66.3
Office Supplies,Organic Search,VIP,Pending,Early,3,1265.62,793.35,9.66
Office Supplies,Organic Search,VIP,Pending,On Time,31,12736.68,6114.03,80.03
Office Supplies,Organic Search,VIP,Refunded,Cancelled,26,9062.75,5574.94,6.18
Office Supplies,Referral,Business,Failed,Cancelled,15,5042.48,2562.17,54.0
Office Supplies,Referral,Business,Paid,Cancelled,1,657.78,334.72,86.03
Office Supplies,Referral,Business,Paid,Delayed,29,10672.54,5530.22,71.79
Office Supplies,Referral,Business,Paid,Early,11,4931.49,2499.82,76.85
Office Supplies,Referral,Business,Paid,On Time,94,36374.95,19353.24,53.73
Office Supplies,Referral,Business,Pending,Cancelled,5,1820.3,891.13,60.8
Office Supplies,Referral,Business,Pending,Delayed,2,1094.77,647.19,19.58
Office Supplies,Referral,Business,Pending,On Time,6,2358.84,1153.07,33.06
Office Supplies,Referral,Business,Refunded,Cancelled,16,4382.28,2624.6,0.0
Office Supplies,Referral,Consumer,Failed,Cancelled,93,35641.83,20609.61,22.31
Office Supplies,Referral,Consumer,Paid,Cancelled,15,3878.66,1856.09,65.28
Office Supplies,Referral,Consumer,Paid,Delayed,130,40940.91,20541.78,52.3
Office Supplies,Referral,Consumer,Paid,Early,64,20827.13,11138.71,54.09
Office Supplies,Referral,Consumer,Paid,On Time,587,202974.1,102832.1,61.27
Office Supplies,Referral,Consumer,Pending,Cancelled,28,7929.57,4129.68,51.25
Office Supplies,Referral,Consumer,Pending,Delayed,11,3317.97,1537.3,64.65
Office Supplies,Referral,Consumer,Pending,Early,5,2614.13,1353.66,67.99
Office Supplies,Referral,Consumer,Pending,On Time,57,19979.7,9643.49,79.09
Office Supplies,Referral,Consumer,Refunded,Cancelled,70,32369.35,18941.2,14.0
Office Supplies,Referral,Premium,Failed,Cancelled,33,10177.68,5982.45,5.85
Office Supplies,Referral,Premium,Paid,Cancelled,6,986.34,518.92,24.55
Office Supplies,Referral,Premium,Paid,Delayed,55,20878.7,10482.62,90.8
Office Supplies,Referral,Premium,Paid,Early,33,11547.37,5512.15,86.96
Office Supplies,Referral,Premium,Paid,On Time,265,95225.32,47710.87,81.41
Office Supplies,Referral,Premium,Pending,Cancelled,7,2108.4,1038.16,75.82
Office Supplies,Referral,Premium,Pending,Delayed,4,642.91,319.47,52.84
Office Supplies,Referral,Premium,Pending,Early,3,2217.42,1174.76,79.73
Office Supplies,Referral,Premium,Pending,On Time,33,12047.86,6059.28,74.77
Office Supplies,Referral,Premium,Refunded,Cancelled,28,8271.04,4982.13,3.63
Office Supplies,Referral,VIP,Failed,Cancelled,20,9152.28,5648.73,23.35
Office Supplies,Referral,VIP,Paid,Cancelled,5,2278.39,1134.87,51.48
Office Supplies,Referral,VIP,Paid,Delayed,24,8875.76,4220.77,93.6
Office Supplies,Referral,VIP,Paid,Early,12,4055.65,1895.33,68.66
Office Supplies,Referral,VIP,Paid,On Time,129,46618.56,23686.92,69.34
Office Supplies,Referral,VIP,Pending,Cancelled,5,1102.58,495.02,27.75
Office Supplies,Referral,VIP,Pending,Delayed,3,457.06,153.33,81.6
Office Supplies,Referral,VIP,Pending,Early,1,775.41,68.9,617.03
Office Supplies,Referral,VIP,Pending,On Time,11,4387.55,2343.71,73.13
Office Supplies,Referral,VIP,Refunded,Cancelled,22,10040.95,5967.97,0.0
Office Supplies,TikTok,Business,Failed,Cancelled,12,5134.89,3053.16,18.31
Office Supplies,TikTok,Business,Paid,Cancelled,2,742.05,383.5,72.1
Office Supplies,TikTok,Business,Paid,Delayed,10,4968.49,2994.62,29.51
Office Supplies,TikTok,Business,Paid,Early,7,3217.93,1630.47,83.36
Office Supplies,TikTok,Business,Paid,On Time,45,13964.8,7321.65,36.71
Office Supplies,TikTok,Business,Pending,Cancelled,1,360.04,165.56,22.18
Office Supplies,TikTok,Business,Pending,On Time,5,1724.77,890.59,52.1
Office Supplies,TikTok,Business,Refunded,Cancelled,5,1974.25,1166.38,0.0
Office Supplies,TikTok,Consumer,Failed,Cancelled,43,15618.02,8833.17,21.0
Office Supplies,TikTok,Consumer,Paid,Cancelled,5,1402.16,658.45,43.76
Office Supplies,TikTok,Consumer,Paid,Delayed,48,16801.42,8628.18,52.03
Office Supplies,TikTok,Consumer,Paid,Early,24,9792.7,4510.07,89.65
Office Supplies,TikTok,Consumer,Paid,On Time,326,116116.02,58759.93,63.62
Office Supplies,TikTok,Consumer,Pending,Cancelled,13,3449.82,1744.46,45.09
Office Supplies,TikTok,Consumer,Pending,Delayed,6,1622.0,979.56,17.4
Office Supplies,TikTok,Consumer,Pending,Early,4,1305.25,738.39,21.95
Office Supplies,TikTok,Consumer,Pending,On Time,23,4731.64,2352.72,34.31
Office Supplies,TikTok,Consumer,Refunded,Cancelled,35,13651.8,8358.48,0.95
Office Supplies,TikTok,Premium,Failed,Cancelled,19,7552.0,4356.25,9.6
Office Supplies,TikTok,Premium,Paid,Cancelled,5,1098.44,661.29,42.35
Office Supplies,TikTok,Premium,Paid,Delayed,21,7294.24,2993.33,108.55
Office Supplies,TikTok,Premium,Paid,Early,14,7125.16,3586.49,61.93
Office Supplies,TikTok,Premium,Paid,On Time,150,49373.0,23514.96,88.27
Office Supplies,TikTok,Premium,Pending,Cancelled,4,1303.46,723.85,30.99
Office Supplies,TikTok,Premium,Pending,Delayed,1,179.3,98.54,21.53
Office Supplies,TikTok,Premium,Pending,Early,1,759.24,231.15,298.01
Office Supplies,TikTok,Premium,Pending,On Time,17,5989.86,2873.72,80.12
Office Supplies,TikTok,Premium,Refunded,Cancelled,15,8243.31,4644.04,0.0
Office Supplies,TikTok,VIP,Failed,Cancelled,7,2272.51,1283.44,35.68
Office Supplies,TikTok,VIP,Paid,Cancelled,3,1475.94,741.97,132.71
Office Supplies,TikTok,VIP,Paid,Delayed,11,5925.21,3049.66,115.09
Office Supplies,TikTok,VIP,Paid,Early,4,1826.67,820.38,163.14
Office Supplies,TikTok,VIP,Paid,On Time,60,24462.79,12561.87,85.77
Office Supplies,TikTok,VIP,Pending,Cancelled,1,326.69,153.43,11.89
Office Supplies,TikTok,VIP,Pending,Delayed,3,1855.16,840.95,192.34
Office Supplies,TikTok,VIP,Pending,Early,2,566.92,322.02,46.06
Office Supplies,TikTok,VIP,Pending,On Time,5,1413.02,762.72,24.68
Office Supplies,TikTok,VIP,Refunded,Cancelled,8,3835.33,2345.87,7.47
Office Supplies,YouTube,Business,Failed,Cancelled,3,602.68,386.35,0.0
Office Supplies,YouTube,Business,Paid,Delayed,9,2279.36,1096.37,58.68
Office Supplies,YouTube,Business,Paid,Early,5,1774.44,960.57,47.97
Office Supplies,YouTube,Business,Paid,On Time,34,9871.73,5740.22,31.92
Office Supplies,YouTube,Business,Pending,Cancelled,2,562.38,321.54,47.63
Office Supplies,YouTube,Business,Pending,On Time,5,914.05,491.47,25.28
Office Supplies,YouTube,Business,Refunded,Cancelled,5,1252.27,755.2,0.0
Office Supplies,YouTube,Consumer,Failed,Cancelled,33,12949.82,8006.43,11.01
Office Supplies,YouTube,Consumer,Paid,Cancelled,8,3491.14,1653.14,56.67
Office Supplies,YouTube,Consumer,Paid,Delayed,57,18815.62,9594.74,55.23
Office Supplies,YouTube,Consumer,Paid,Early,31,10646.57,4951.18,86.39
Office Supplies,YouTube,Consumer,Paid,On Time,205,74995.62,38610.83,62.76
Office Supplies,YouTube,Consumer,Pending,Cancelled,9,2567.7,1263.44,31.12
Office Supplies,YouTube,Consumer,Pending,Delayed,3,917.18,525.26,21.93
Office Supplies,YouTube,Consumer,Pending,Early,4,1761.56,860.23,33.2
Office Supplies,YouTube,Consumer,Pending,On Time,28,8353.55,4192.32,47.66
Office Supplies,YouTube,Consumer,Refunded,Cancelled,28,10401.2,6259.61,1.46
Office Supplies,YouTube,Premium,Failed,Cancelled,11,2792.61,1676.5,5.35
Office Supplies,YouTube,Premium,Paid,Cancelled,3,1771.05,736.29,150.06
Office Supplies,YouTube,Premium,Paid,Delayed,16,6564.43,3431.73,63.16
Office Supplies,YouTube,Premium,Paid,Early,10,2574.43,1341.69,27.65
Office Supplies,YouTube,Premium,Paid,On Time,109,43610.62,21257.33,90.03
Office Supplies,YouTube,Premium,Pending,Cancelled,1,476.25,244.99,73.5
Office Supplies,YouTube,Premium,Pending,Delayed,2,1069.3,618.98,38.26
Office Supplies,YouTube,Premium,Pending,Early,2,485.82,257.18,34.3
Office Supplies,YouTube,Premium,Pending,On Time,9,2987.67,1372.46,81.31
Office Supplies,YouTube,Premium,Refunded,Cancelled,12,3289.24,1851.93,8.46
Office Supplies,YouTube,VIP,Failed,Cancelled,8,2877.31,1493.38,82.12
Office Supplies,YouTube,VIP,Paid,Delayed,11,5077.51,2556.85,97.42
Office Supplies,YouTube,VIP,Paid,Early,4,1043.55,531.4,18.32
Office Supplies,YouTube,VIP,Paid,On Time,48,15616.94,7132.97,97.32
Office Supplies,YouTube,VIP,Pending,Cancelled,1,22.97,8.66,3.07
Office Supplies,YouTube,VIP,Pending,Delayed,3,645.64,350.64,20.72
Office Supplies,YouTube,VIP,Pending,On Time,4,1687.54,865.77,78.64
Office Supplies,YouTube,VIP,Refunded,Cancelled,2,615.16,352.95,0.0
Pet Supplies,Affiliate,Business,Failed,Cancelled,8,2992.02,1854.53,4.69
Pet Supplies,Affiliate,Business,Paid,Cancelled,2,551.97,260.3,15.26
Pet Supplies,Affiliate,Business,Paid,Delayed,13,4038.87,2116.23,28.36
Pet Supplies,Affiliate,Business,Paid,Early,7,2738.66,1350.26,70.07
Pet Supplies,Affiliate,Business,Paid,On Time,71,21741.6,10528.05,56.75
Pet Supplies,Affiliate,Business,Pending,Cancelled,2,882.4,454.97,68.84
Pet Supplies,Affiliate,Business,Pending,Early,2,531.9,326.68,42.3
Pet Supplies,Affiliate,Business,Pending,On Time,12,3058.61,1258.11,78.53
Pet Supplies,Affiliate,Business,Refunded,Cancelled,6,1348.92,790.88,3.33
Pet Supplies,Affiliate,Consumer,Failed,Cancelled,56,16156.13,9163.35,14.73
Pet Supplies,Affiliate,Consumer,Paid,Cancelled,10,3581.88,1840.91,29.44
Pet Supplies,Affiliate,Consumer,Paid,Delayed,84,22523.74,11821.16,46.79
Pet Supplies,Affiliate,Consumer,Paid,Early,36,9474.93,4574.51,63.09
Pet Supplies,Affiliate,Consumer,Paid,On Time,343,99030.55,50953.95,46.6
Pet Supplies,Affiliate,Consumer,Pending,Cancelled,19,4280.48,2198.11,38.31
Pet Supplies,Affiliate,Consumer,Pending,Delayed,6,837.64,453.19,15.24
Pet Supplies,Affiliate,Consumer,Pending,Early,3,333.94,190.85,11.24
Pet Supplies,Affiliate,Consumer,Pending,On Time,44,12852.88,6235.78,59.05
Pet Supplies,Affiliate,Consumer,Refunded,Cancelled,40,13817.45,8388.78,2.03
Pet Supplies,Affiliate,Premium,Failed,Cancelled,23,7495.13,4170.4,24.51
Pet Supplies,Affiliate,Premium,Paid,Cancelled,7,1586.11,544.46,116.22
Pet Supplies,Affiliate,Premium,Paid,Delayed,25,6039.62,2873.17,58.62
Pet Supplies,Affiliate,Premium,Paid,Early,13,3567.58,1759.83,45.13
Pet Supplies,Affiliate,Premium,Paid,On Time,175,42440.63,19958.56,60.86
Pet Supplies,Affiliate,Premium,Pending,Cancelled,5,1546.96,702.26,88.73
Pet Supplies,Affiliate,Premium,Pending,Early,2,562.36,303.73,68.08
Pet Supplies,Affiliate,Premium,Pending,On Time,13,4449.73,2267.58,93.24
Pet Supplies,Affiliate,Premium,Refunded,Cancelled,19,5652.18,3342.35,0.0
Pet Supplies,Affiliate,VIP,Failed,Cancelled,10,3761.83,2249.16,1.32
Pet Supplies,Affiliate,VIP,Paid,Cancelled,2,759.41,408.15,59.92
Pet Supplies,Affiliate,VIP,Paid,Delayed,10,3486.51,1614.09,135.59
Pet Supplies,Affiliate,VIP,Paid,Early,2,571.54,343.56,75.71
Pet Supplies,Affiliate,VIP,Paid,On Time,72,19367.77,8756.2,72.54
Pet Supplies,Affiliate,VIP,Pending,Cancelled,2,369.5,143.86,32.56
Pet Supplies,Affiliate,VIP,Pending,Delayed,3,530.49,272.91,28.67
Pet Supplies,Affiliate,VIP,Pending,Early,1,78.18,38.67,6.15
Pet Supplies,Affiliate,VIP,Pending,On Time,9,2168.09,1105.79,43.7
Pet Supplies,Affiliate,VIP,Refunded,Cancelled,2,386.99,252.4,0.0
Pet Supplies,Direct,Business,Failed,Cancelled,23,7080.78,3853.44,25.13
Pet Supplies,Direct,Business,Paid,Cancelled,4,1464.89,914.79,53.24
Pet Supplies,Direct,Business,Paid,Delayed,30,8101.49,4380.55,37.29
Pet Supplies,Direct,Business,Paid,Early,27,9007.76,4686.0,53.43
Pet Supplies,Direct,Business,Paid,On Time,201,59273.69,30635.14,47.06
Pet Supplies,Direct,Business,Pending,Cancelled,5,1482.18,743.41,76.25
Pet Supplies,Direct,Business,Pending,Delayed,2,637.71,343.29,26.58
Pet Supplies,Direct,Business,Pending,Early,5,1186.46,630.91,50.64
Pet Supplies,Direct,Business,Pending,On Time,21,5283.82,2350.12,61.23
Pet Supplies,Direct,Business,Refunded,Cancelled,24,7397.03,4271.48,0.33
Pet Supplies,Direct,Consumer,Failed,Cancelled,146,41273.57,23182.12,10.85
Pet Supplies,Direct,Consumer,Paid,Cancelled,30,7225.18,3698.34,36.4
Pet Supplies,Direct,Consumer,Paid,Delayed,193,55501.0,28519.27,47.01
Pet Supplies,Direct,Consumer,Paid,Early,112,26838.98,12998.75,52.91
Pet Supplies,Direct,Consumer,Paid,On Time,1001,282237.67,142957.59,45.95
Pet Supplies,Direct,Consumer,Pending,Cancelled,39,10414.31,4845.75,75.31
Pet Supplies,Direct,Consumer,Pending,Delayed,12,2846.64,1464.3,28.69
Pet Supplies,Direct,Consumer,Pending,Early,11,4447.45,2380.27,22.2
Pet Supplies,Direct,Consumer,Pending,On Time,127,37377.57,18828.61,48.41
Pet Supplies,Direct,Consumer,Refunded,Cancelled,130,38424.04,22297.85,3.44
Pet Supplies,Direct,Premium,Failed,Cancelled,58,18814.68,10011.93,23.72
Pet Supplies,Direct,Premium,Paid,Cancelled,17,6053.4,3043.87,79.28
Pet Supplies,Direct,Premium,Paid,Delayed,106,27434.76,13284.26,63.8
Pet Supplies,Direct,Premium,Paid,Early,59,16811.88,8085.0,54.27
Pet Supplies,Direct,Premium,Paid,On Time,488,127894.46,60120.19,64.13
Pet Supplies,Direct,Premium,Pending,Cancelled,16,4814.2,2509.62,49.49
Pet Supplies,Direct,Premium,Pending,Delayed,6,1248.58,657.68,30.46
Pet Supplies,Direct,Premium,Pending,Early,8,2067.01,889.5,91.08
Pet Supplies,Direct,Premium,Pending,On Time,44,10276.91,4507.16,66.8
Pet Supplies,Direct,Premium,Refunded,Cancelled,75,20915.27,12155.62,4.96
Pet Supplies,Direct,VIP,Failed,Cancelled,21,5074.5,2953.53,3.68
Pet Supplies,Direct,VIP,Paid,Cancelled,7,1477.56,874.69,28.03
Pet Supplies,Direct,VIP,Paid,Delayed,43,10323.31,5397.75,38.14
Pet Supplies,Direct,VIP,Paid,Early,24,5999.44,3368.38,45.67
Pet Supplies,Direct,VIP,Paid,On Time,184,51131.28,24495.38,61.45
Pet Supplies,Direct,VIP,Pending,Cancelled,9,1883.0,812.33,87.31
Pet Supplies,Direct,VIP,Pending,Delayed,2,184.12,65.07,18.23
Pet Supplies,Direct,VIP,Pending,Early,1,694.83,232.2,295.51
Pet Supplies,Direct,VIP,Pending,On Time,24,9139.59,4526.14,71.61
Pet Supplies,Direct,VIP,Refunded,Cancelled,26,6216.21,3645.5,0.33
Pet Supplies,Email Marketing,Business,Failed,Cancelled,16,3219.56,1795.4,13.38
Pet Supplies,Email Marketing,Business,Paid,Cancelled,4,1325.24,736.25,83.1
Pet Supplies,Email Marketing,Business,Paid,Delayed,15,4056.27,2278.12,45.2
Pet Supplies,Email Marketing,Business,Paid,Early,14,3090.04,1679.75,22.91
Pet Supplies,Email Marketing,Business,Paid,On Time,117,36840.16,18050.16,63.55
Pet Supplies,Email Marketing,Business,Pending,Cancelled,1,129.2,39.47,22.47
Pet Supplies,Email Marketing,Business,Pending,Delayed,4,803.27,525.73,12.95
Pet Supplies,Email Marketing,Business,Pending,Early,1,234.54,104.95,37.1
Pet Supplies,Email Marketing,Business,Pending,On Time,14,4188.53,2191.87,41.13
Pet Supplies,Email Marketing,Business,Refunded,Cancelled,13,4261.44,2374.4,8.73
Pet Supplies,Email Marketing,Consumer,Failed,Cancelled,71,21085.34,12246.05,12.25
Pet Supplies,Email Marketing,Consumer,Paid,Cancelled,9,1967.76,972.54,33.6
Pet Supplies,Email Marketing,Consumer,Paid,Delayed,100,26535.74,13107.22,49.0
Pet Supplies,Email Marketing,Consumer,Paid,Early,71,18874.28,10028.84,29.89
Pet Supplies,Email Marketing,Consumer,Paid,On Time,588,161806.53,82174.55,46.62
Pet Supplies,Email Marketing,Consumer,Pending,Cancelled,24,5604.75,2861.14,34.32
Pet Supplies,Email Marketing,Consumer,Pending,Delayed,12,3396.25,1773.74,52.78
Pet Supplies,Email Marketing,Consumer,Pending,Early,14,3302.14,1664.44,18.86
Pet Supplies,Email Marketing,Consumer,Pending,On Time,73,20283.71,10313.95,50.43
Pet Supplies,Email Marketing,Consumer,Refunded,Cancelled,61,19384.11,11267.06,0.75
Pet Supplies,Email Marketing,Premium,Failed,Cancelled,28,9360.92,5061.99,20.4
Pet Supplies,Email Marketing,Premium,Paid,Cancelled,7,2492.76,1098.05,86.82
Pet Supplies,Email Marketing,Premium,Paid,Delayed,61,16585.39,7335.85,72.93
Pet Supplies,Email Marketing,Premium,Paid,Early,22,6303.18,2882.69,71.12
Pet Supplies,Email Marketing,Premium,Paid,On Time,286,76216.04,36292.15,63.35
Pet Supplies,Email Marketing,Premium,Pending,Cancelled,9,2477.14,1351.75,35.59
Pet Supplies,Email Marketing,Premium,Pending,Delayed,8,2450.62,1233.62,83.16
Pet Supplies,Email Marketing,Premium,Pending,Early,1,846.16,348.18,99.79
Pet Supplies,Email Marketing,Premium,Pending,On Time,33,7478.82,3288.79,74.05
Pet Supplies,Email Marketing,Premium,Refunded,Cancelled,29,7273.84,4219.87,7.98
Pet Supplies,Email Marketing,VIP,Failed,Cancelled,15,5033.07,2832.09,41.98
Pet Supplies,Email Marketing,VIP,Paid,Cancelled,3,607.12,244.0,78.92
Pet Supplies,Email Marketing,VIP,Paid,Delayed,12,2713.54,1278.51,59.84
Pet Supplies,Email Marketing,VIP,Paid,Early,12,2270.7,1034.42,46.46
Pet Supplies,Email Marketing,VIP,Paid,On Time,113,32343.08,16505.51,65.3
Pet Supplies,Email Marketing,VIP,Pending,Cancelled,2,118.6,63.25,13.18
Pet Supplies,Email Marketing,VIP,Pending,Delayed,4,1366.56,716.82,66.26
Pet Supplies,Email Marketing,VIP,Pending,On Time,18,5855.78,2751.35,68.76
Pet Supplies,Email Marketing,VIP,Refunded,Cancelled,14,5192.79,3210.92,0.0
Pet Supplies,Facebook Ads,Business,Failed,Cancelled,22,9358.64,5424.84,11.95
Pet Supplies,Facebook Ads,Business,Paid,Cancelled,5,1101.36,698.87,16.11
Pet Supplies,Facebook Ads,Business,Paid,Delayed,38,13458.86,7000.53,54.12
Pet Supplies,Facebook Ads,Business,Paid,Early,17,4193.23,1869.01,38.68
Pet Supplies,Facebook Ads,Business,Paid,On Time,149,40613.72,21063.43,44.19
Pet Supplies,Facebook Ads,Business,Pending,Cancelled,6,1953.6,992.3,34.54
Pet Supplies,Facebook Ads,Business,Pending,Delayed,2,342.21,172.29,22.03
Pet Supplies,Facebook Ads,Business,Pending,Early,1,761.9,424.57,24.54
Pet Supplies,Facebook Ads,Business,Pending,On Time,14,6699.77,3147.43,109.85
Pet Supplies,Facebook Ads,Business,Refunded,Cancelled,18,4236.06,2368.51,0.98
Pet Supplies,Facebook Ads,Consumer,Failed,Cancelled,107,29926.83,17155.74,8.48
Pet Supplies,Facebook Ads,Consumer,Paid,Cancelled,24,7397.92,3608.01,52.63
Pet Supplies,Facebook Ads,Consumer,Paid,Delayed,170,52466.88,27795.55,44.47
Pet Supplies,Facebook Ads,Consumer,Paid,Early,113,31510.03,16149.11,46.95
Pet Supplies,Facebook Ads,Consumer,Paid,On Time,880,239644.65,121098.5,47.31
Pet Supplies,Facebook Ads,Consumer,Pending,Cancelled,33,8584.04,4103.48,41.62
Pet Supplies,Facebook Ads,Consumer,Pending,Delayed,21,5201.17,2714.03,44.63
Pet Supplies,Facebook Ads,Consumer,Pending,Early,11,2097.86,994.97,43.89
Pet Supplies,Facebook Ads,Consumer,Pending,On Time,88,23129.43,11665.5,41.89
Pet Supplies,Facebook Ads,Consumer,Refunded,Cancelled,120,33769.97,18991.55,1.21
Pet Supplies,Facebook Ads,Premium,Failed,Cancelled,45,14234.87,8559.27,7.39
Pet Supplies,Facebook Ads,Premium,Paid,Cancelled,12,4597.72,2448.9,55.97
Pet Supplies,Facebook Ads,Premium,Paid,Delayed,75,24561.84,12535.99,60.76
Pet Supplies,Facebook Ads,Premium,Paid,Early,46,12167.08,5766.41,65.62
Pet Supplies,Facebook Ads,Premium,Paid,On Time,402,104667.56,48463.95,72.64
Pet Supplies,Facebook Ads,Premium,Pending,Cancelled,13,3384.73,1674.6,56.83
Pet Supplies,Facebook Ads,Premium,Pending,Delayed,5,516.82,200.61,24.12
Pet Supplies,Facebook Ads,Premium,Pending,Early,3,744.03,399.4,44.28
Pet Supplies,Facebook Ads,Premium,Pending,On Time,66,15979.66,7290.42,62.76
Pet Supplies,Facebook Ads,Premium,Refunded,Cancelled,35,10567.0,6258.13,0.19
Pet Supplies,Facebook Ads,VIP,Failed,Cancelled,21,5386.4,3271.45,3.15
Pet Supplies,Facebook Ads,VIP,Paid,Cancelled,4,1241.24,536.24,133.47
Pet Supplies,Facebook Ads,VIP,Paid,Delayed,41,9426.87,4223.75,66.23
Pet Supplies,Facebook Ads,VIP,Paid,Early,15,3460.5,1642.54,51.17
Pet Supplies,Facebook Ads,VIP,Paid,On Time,178,47830.79,23275.38,58.88
Pet Supplies,Facebook Ads,VIP,Pending,Cancelled,5,1317.93,691.77,52.7
Pet Supplies,Facebook Ads,VIP,Pending,Delayed,2,868.31,416.21,53.48
Pet Supplies,Facebook Ads,VIP,Pending,Early,3,774.43,346.55,60.08
Pet Supplies,Facebook Ads,VIP,Pending,On Time,11,2125.01,1069.45,51.92
Pet Supplies,Facebook Ads,VIP,Refunded,Cancelled,29,7909.12,4465.72,3.37
Pet Supplies,Google Ads,Business,Failed,Cancelled,28,8595.5,4751.5,16.84
Pet Supplies,Google Ads,Business,Paid,Cancelled,5,1236.72,564.88,45.36
Pet Supplies,Google Ads,Business,Paid,Delayed,30,8069.35,4222.4,35.09
Pet Supplies,Google Ads,Business,Paid,Early,24,5907.72,2892.42,43.63
Pet Supplies,Google Ads,Business,Paid,On Time,171,44347.84,22198.24,46.44
Pet Supplies,Google Ads,Business,Pending,Cancelled,8,2563.2,1233.86,68.05
Pet Supplies,Google Ads,Business,Pending,Delayed,4,820.74,389.78,29.67
Pet Supplies,Google Ads,Business,Pending,Early,2,704.63,393.68,9.09
Pet Supplies,Google Ads,Business,Pending,On Time,21,3955.66,2165.32,27.11
Pet Supplies,Google Ads,Business,Refunded,Cancelled,26,5484.82,3164.61,1.12
Pet Supplies,Google Ads,Consumer,Failed,Cancelled,142,45183.33,25811.7,15.63
Pet Supplies,Google Ads,Consumer,Paid,Cancelled,25,8133.89,3902.43,70.71
Pet Supplies,Google Ads,Consumer,Paid,Delayed,230,66905.03,34501.36,43.51
Pet Supplies,Google Ads,Consumer,Paid,Early,113,35372.1,18079.94,55.48
Pet Supplies,Google Ads,Consumer,Paid,On Time,1081,300572.44,150087.84,48.2
Pet Supplies,Google Ads,Consumer,Pending,Cancelled,31,7463.06,3657.82,49.89
Pet Supplies,Google Ads,Consumer,Pending,Delayed,20,6858.39,3152.16,61.28
Pet Supplies,Google Ads,Consumer,Pending,Early,18,4804.94,2480.57,37.68
Pet Supplies,Google Ads,Consumer,Pending,On Time,112,28867.89,14395.33,53.49
Pet Supplies,Google Ads,Consumer,Refunded,Cancelled,139,36590.67,21348.97,4.36
Pet Supplies,Google Ads,Premium,Failed,Cancelled,60,22056.1,12575.62,25.75
Pet Supplies,Google Ads,Premium,Paid,Cancelled,10,2217.79,1190.89,28.13
Pet Supplies,Google Ads,Premium,Paid,Delayed,96,24297.63,11016.66,69.8
Pet Supplies,Google Ads,Premium,Paid,Early,53,16876.54,8435.58,68.23
Pet Supplies,Google Ads,Premium,Paid,On Time,468,125137.12,61536.32,60.31
Pet Supplies,Google Ads,Premium,Pending,Cancelled,15,4217.81,2200.81,38.15
Pet Supplies,Google Ads,Premium,Pending,Delayed,7,1687.5,847.48,34.2
Pet Supplies,Google Ads,Premium,Pending,Early,9,2536.16,1332.53,59.97
Pet Supplies,Google Ads,Premium,Pending,On Time,57,16649.16,8176.81,54.4
Pet Supplies,Google Ads,Premium,Refunded,Cancelled,44,12611.43,7462.39,1.98
Pet Supplies,Google Ads,VIP,Failed,Cancelled,29,11614.85,6178.37,44.15
Pet Supplies,Google Ads,VIP,Paid,Cancelled,1,124.91,57.15,30.86
Pet Supplies,Google Ads,VIP,Paid,Delayed,37,9247.32,4072.77,63.8
Pet Supplies,Google Ads,VIP,Paid,Early,13,3669.02,1682.16,80.61
Pet Supplies,Google Ads,VIP,Paid,On Time,184,48953.82,23567.43,56.24
Pet Supplies,Google Ads,VIP,Pending,Cancelled,7,1270.93,661.76,39.82
Pet Supplies,Google Ads,VIP,Pending,Delayed,4,659.94,393.66,26.77
Pet Supplies,Google Ads,VIP,Pending,Early,1,422.56,277.0,85.45
Pet Supplies,Google Ads,VIP,Pending,On Time,25,5182.32,2694.22,43.06
Pet Supplies,Google Ads,VIP,Refunded,Cancelled,26,7016.28,4090.06,2.94
Pet Supplies,Instagram,Business,Failed,Cancelled,22,5549.32,2903.71,5.23
Pet Supplies,Instagram,Business,Paid,Cancelled,6,1619.1,607.26,84.1
Pet Supplies,Instagram,Business,Paid,Delayed,30,7874.21,4125.72,41.2
Pet Supplies,Instagram,Business,Paid,Early,18,6727.28,3376.4,59.62
Pet Supplies,Instagram,Business,Paid,On Time,130,34796.57,17353.0,52.52
Pet Supplies,Instagram,Business,Pending,Cancelled,6,2040.75,923.88,54.52
Pet Supplies,Instagram,Business,Pending,Delayed,5,1071.91,568.41,60.33
Pet Supplies,Instagram,Business,Pending,Early,1,482.43,312.14,69.28
Pet Supplies,Instagram,Business,Pending,On Time,15,4036.21,2276.12,15.93
Pet Supplies,Instagram,Business,Refunded,Cancelled,9,2674.93,1560.8,0.0
Pet Supplies,Instagram,Consumer,Failed,Cancelled,99,31657.92,17605.88,16.64
Pet Supplies,Instagram,Consumer,Paid,Cancelled,18,7038.63,3703.15,88.96
Pet Supplies,Instagram,Consumer,Paid,Delayed,136,33947.36,17432.94,36.04
Pet Supplies,Instagram,Consumer,Paid,Early,82,24073.21,12377.82,43.25
Pet Supplies,Instagram,Consumer,Paid,On Time,700,196056.11,96272.73,54.05
Pet Supplies,Instagram,Consumer,Pending,Cancelled,24,7187.92,3563.87,64.5
Pet Supplies,Instagram,Consumer,Pending,Delayed,15,3337.36,1598.32,51.13
Pet Supplies,Instagram,Consumer,Pending,Early,7,2467.77,1273.97,54.21
Pet Supplies,Instagram,Consumer,Pending,On Time,66,18532.06,9331.01,40.65
Pet Supplies,Instagram,Consumer,Refunded,Cancelled,87,26939.4,15720.46,4.96
Pet Supplies,Instagram,Premium,Failed,Cancelled,36,8751.49,4915.05,12.63
Pet Supplies,Instagram,Premium,Paid,Cancelled,8,2509.93,1258.09,115.65
Pet Supplies,Instagram,Premium,Paid,Delayed,76,20202.65,9975.66,66.63
Pet Supplies,Instagram,Premium,Paid,Early,41,10245.46,5314.52,48.77
Pet Supplies,Instagram,Premium,Paid,On Time,323,84932.22,40114.51,66.33
Pet Supplies,Instagram,Premium,Pending,Cancelled,8,1631.1,654.88,61.7
Pet Supplies,Instagram,Premium,Pending,Delayed,4,458.93,233.87,7.47
Pet Supplies,Instagram,Premium,Pending,Early,3,408.33,178.02,14.22
Pet Supplies,Instagram,Premium,Pending,On Time,52,15416.38,8320.88,46.35
Pet Supplies,Instagram,Premium,Refunded,Cancelled,35,12392.11,7210.79,11.45
Pet Supplies,Instagram,VIP,Failed,Cancelled,23,7143.96,4008.85,9.92
Pet Supplies,Instagram,VIP,Paid,Cancelled,2,103.91,63.35,4.43
Pet Supplies,Instagram,VIP,Paid,Delayed,17,4737.96,1850.37,102.13
Pet Supplies,Instagram,VIP,Paid,Early,18,4176.87,2024.31,48.87
Pet Supplies,Instagram,VIP,Paid,On Time,122,33350.78,15989.43,60.58
Pet Supplies,Instagram,VIP,Pending,Cancelled,6,1463.52,784.19,58.44
Pet Supplies,Instagram,VIP,Pending,Delayed,4,1469.14,747.48,93.9
Pet Supplies,Instagram,VIP,Pending,Early,2,521.23,292.29,22.68
Pet Supplies,Instagram,VIP,Pending,On Time,14,3139.89,1579.97,50.47
Pet Supplies,Instagram,VIP,Refunded,Cancelled,18,5583.82,3080.88,11.75
Pet Supplies,Organic Search,Business,Failed,Cancelled,39,11526.41,6501.5,14.39
Pet Supplies,Organic Search,Business,Paid,Cancelled,5,1315.93,721.09,52.45
Pet Supplies,Organic Search,Business,Paid,Delayed,54,15518.13,7545.69,46.45
Pet Supplies,Organic Search,Business,Paid,Early,25,5020.07,2725.89,25.68
Pet Supplies,Organic Search,Business,Paid,On Time,257,70280.02,35186.51,49.85
Pet Supplies,Organic Search,Business,Pending,Cancelled,7,1931.95,945.64,36.7
Pet Supplies,Organic Search,Business,Pending,Delayed,7,2705.23,1556.53,20.47
Pet Supplies,Organic Search,Business,Pending,Early,4,531.32,203.36,23.77
Pet Supplies,Organic Search,Business,Pending,On Time,25,6847.24,3407.82,35.02
Pet Supplies,Organic Search,Business,Refunded,Cancelled,33,6984.26,3948.98,2.18
Pet Supplies,Organic Search,Consumer,Failed,Cancelled,218,67349.36,38530.69,10.75
Pet Supplies,Organic Search,Consumer,Paid,Cancelled,34,9677.78,4804.3,40.46
Pet Supplies,Organic Search,Consumer,Paid,Delayed,265,73588.61,37439.88,51.68
Pet Supplies,Organic Search,Consumer,Paid,Early,189,60466.94,30398.98,59.26
Pet Supplies,Organic Search,Consumer,Paid,On Time,1477,412744.14,205973.57,48.66
Pet Supplies,Organic Search,Consumer,Pending,Cancelled,53,15237.49,7564.51,58.78
Pet Supplies,Organic Search,Consumer,Pending,Delayed,32,10365.42,5011.2,70.55
Pet Supplies,Organic Search,Consumer,Pending,Early,19,5434.34,2522.8,45.46
Pet Supplies,Organic Search,Consumer,Pending,On Time,146,40615.5,20748.35,52.46
Pet Supplies,Organic Search,Consumer,Refunded,Cancelled,178,49258.94,28597.85,5.22
Pet Supplies,Organic Search,Premium,Failed,Cancelled,105,34310.24,19852.98,16.69
Pet Supplies,Organic Search,Premium,Paid,Cancelled,15,4071.82,1918.25,51.4
Pet Supplies,Organic Search,Premium,Paid,Delayed,142,39246.75,17496.86,75.23
Pet Supplies,Organic Search,Premium,Paid,Early,77,17731.41,8561.46,60.73
Pet Supplies,Organic Search,Premium,Paid,On Time,680,182486.18,88206.2,62.7
Pet Supplies,Organic Search,Premium,Pending,Cancelled,15,3381.84,1614.54,43.0
Pet Supplies,Organic Search,Premium,Pending,Delayed,22,6791.89,3173.74,75.08
Pet Supplies,Organic Search,Premium,Pending,Early,11,3095.89,1417.99,68.92
Pet Supplies,Organic Search,Premium,Pending,On Time,56,18183.28,8754.03,66.72
Pet Supplies,Organic Search,Premium,Refunded,Cancelled,87,25622.22,14872.19,4.8
Pet Supplies,Organic Search,VIP,Failed,Cancelled,27,7570.08,3987.54,20.09
Pet Supplies,Organic Search,VIP,Paid,Cancelled,4,1226.22,608.34,43.82
Pet Supplies,Organic Search,VIP,Paid,Delayed,48,10895.93,5414.38,55.51
Pet Supplies,Organic Search,VIP,Paid,Early,37,9740.12,4840.28,60.56
Pet Supplies,Organic Search,VIP,Paid,On Time,272,71708.95,34443.92,61.37
Pet Supplies,Organic Search,VIP,Pending,Cancelled,11,2489.2,1326.96,23.92
Pet Supplies,Organic Search,VIP,Pending,Delayed,2,357.79,185.92,24.8
Pet Supplies,Organic Search,VIP,Pending,Early,3,1585.48,867.58,96.84
Pet Supplies,Organic Search,VIP,Pending,On Time,20,6531.1,3267.28,41.83
Pet Supplies,Organic Search,VIP,Refunded,Cancelled,30,11103.99,6978.29,3.65
Pet Supplies,Referral,Business,Failed,Cancelled,17,5538.29,3341.5,12.1
Pet Supplies,Referral,Business,Paid,Cancelled,3,783.88,419.23,35.74
Pet Supplies,Referral,Business,Paid,Delayed,21,5745.31,3046.12,48.44
Pet Supplies,Referral,Business,Paid,Early,22,4779.06,2072.01,40.71
Pet Supplies,Referral,Business,Paid,On Time,95,26049.03,13051.82,56.01
Pet Supplies,Referral,Business,Pending,Cancelled,4,1343.17,616.18,39.43
Pet Supplies,Referral,Business,Pending,Delayed,3,325.43,177.56,20.76
Pet Supplies,Referral,Business,Pending,On Time,11,3094.66,1541.21,69.39
Pet Supplies,Referral,Business,Refunded,Cancelled,16,5656.99,3386.1,0.0
Pet Supplies,Referral,Consumer,Failed,Cancelled,76,22811.38,13641.58,2.86
Pet Supplies,Referral,Consumer,Paid,Cancelled,11,2196.91,1018.79,51.26
Pet Supplies,Referral,Consumer,Paid,Delayed,98,22893.52,11715.25,35.31
Pet Supplies,Referral,Consumer,Paid,Early,62,18061.56,9836.38,50.21
Pet Supplies,Referral,Consumer,Paid,On Time,558,150327.68,76597.9,44.14
Pet Supplies,Referral,Consumer,Pending,Cancelled,26,8090.9,4242.79,46.96
Pet Supplies,Referral,Consumer,Pending,Delayed,12,3239.95,1689.67,55.3
Pet Supplies,Referral,Consumer,Pending,Early,6,3739.91,1930.33,82.47
Pet Supplies,Referral,Consumer,Pending,On Time,69,22397.23,11126.25,65.54
Pet Supplies,Referral,Consumer,Refunded,Cancelled,67,18467.73,10271.77,4.43
Pet Supplies,Referral,Premium,Failed,Cancelled,39,9816.76,5588.99,7.74
Pet Supplies,Referral,Premium,Paid,Cancelled,6,1708.27,821.27,18.27
Pet Supplies,Referral,Premium,Paid,Delayed,51,16029.36,7855.84,75.7
Pet Supplies,Referral,Premium,Paid,Early,29,7631.19,3525.43,56.51
Pet Supplies,Referral,Premium,Paid,On Time,230,63343.6,30157.51,72.63
Pet Supplies,Referral,Premium,Pending,Cancelled,8,2792.76,1164.43,114.28
Pet Supplies,Referral,Premium,Pending,Delayed,3,724.89,361.61,43.78
Pet Supplies,Referral,Premium,Pending,Early,3,258.91,137.12,17.44
Pet Supplies,Referral,Premium,Pending,On Time,35,9623.61,4453.58,83.95
Pet Supplies,Referral,Premium,Refunded,Cancelled,27,7606.18,4098.24,3.97
Pet Supplies,Referral,VIP,Failed,Cancelled,23,5565.07,3203.24,7.35
Pet Supplies,Referral,VIP,Paid,Cancelled,3,1214.01,590.75,76.84
Pet Supplies,Referral,VIP,Paid,Delayed,27,6585.24,3215.59,66.67
Pet Supplies,Referral,VIP,Paid,Early,7,1221.03,577.04,65.35
Pet Supplies,Referral,VIP,Paid,On Time,119,30899.16,13289.41,80.59
Pet Supplies,Referral,VIP,Pending,Cancelled,4,506.75,262.68,19.06
Pet Supplies,Referral,VIP,Pending,Delayed,3,1101.03,486.37,54.26
Pet Supplies,Referral,VIP,Pending,Early,2,654.71,322.31,54.5
Pet Supplies,Referral,VIP,Pending,On Time,12,3302.73,1477.35,104.06
Pet Supplies,Referral,VIP,Refunded,Cancelled,12,2609.64,1601.08,1.14
Pet Supplies,TikTok,Business,Failed,Cancelled,5,1684.6,1049.52,0.0
Pet Supplies,TikTok,Business,Paid,Cancelled,2,411.73,208.19,36.97
Pet Supplies,TikTok,Business,Paid,Delayed,6,1421.62,695.6,22.72
Pet Supplies,TikTok,Business,Paid,Early,7,2147.54,1205.16,29.93
Pet Supplies,TikTok,Business,Paid,On Time,40,11135.66,5477.13,49.41
Pet Supplies,TikTok,Business,Pending,Delayed,2,323.9,137.58,15.63
Pet Supplies,TikTok,Business,Pending,On Time,4,886.79,436.44,33.84
Pet Supplies,TikTok,Business,Refunded,Cancelled,7,1891.16,967.73,0.0
Pet Supplies,TikTok,Consumer,Failed,Cancelled,34,9191.26,5333.53,7.9
Pet Supplies,TikTok,Consumer,Paid,Cancelled,9,3270.96,1897.05,81.41
Pet Supplies,TikTok,Consumer,Paid,Delayed,56,16323.23,8575.16,56.98
Pet Supplies,TikTok,Consumer,Paid,Early,31,6500.22,3381.85,33.73
Pet Supplies,TikTok,Consumer,Paid,On Time,283,86530.75,43938.23,54.31
Pet Supplies,TikTok,Consumer,Pending,Cancelled,11,3017.01,1314.73,52.11
Pet Supplies,TikTok,Consumer,Pending,Delayed,2,209.56,128.17,5.03
Pet Supplies,TikTok,Consumer,Pending,Early,3,614.45,209.6,55.82
Pet Supplies,TikTok,Consumer,Pending,On Time,34,9151.07,4871.27,43.54
Pet Supplies,TikTok,Consumer,Refunded,Cancelled,28,10100.97,6040.13,2.85
Pet Supplies,TikTok,Premium,Failed,Cancelled,15,3030.32,1749.48,13.66
Pet Supplies,TikTok,Premium,Paid,Cancelled,2,550.28,305.66,16.37
Pet Supplies,TikTok,Premium,Paid,Delayed,22,5121.38,2639.24,53.49
Pet Supplies,TikTok,Premium,Paid,Early,16,3646.48,1629.82,83.6
Pet Supplies,TikTok,Premium,Paid,On Time,129,40653.39,19849.0,71.16
Pet Supplies,TikTok,Premium,Pending,Cancelled,4,1123.82,490.4,79.61
Pet Supplies,TikTok,Premium,Pending,Delayed,1,463.18,231.38,35.27
Pet Supplies,TikTok,Premium,Pending,Early,4,732.24,388.68,47.27
Pet Supplies,TikTok,Premium,Pending,On Time,15,3934.77,1991.52,68.48
Pet Supplies,TikTok,Premium,Refunded,Cancelled,16,2661.84,1547.23,0.97
Pet Supplies,TikTok,VIP,Failed,Cancelled,4,2299.19,1351.3,14.01
Pet Supplies,TikTok,VIP,Paid,Delayed,7,1740.3,995.91,59.6
Pet Supplies,TikTok,VIP,Paid,Early,7,1609.47,848.28,51.91
Pet Supplies,TikTok,VIP,Paid,On Time,50,16418.3,8056.27,53.25
Pet Supplies,TikTok,VIP,Pending,Cancelled,1,205.48,92.53,37.03
Pet Supplies,TikTok,VIP,Pending,On Time,4,769.89,421.25,27.87
Pet Supplies,TikTok,VIP,Refunded,Cancelled,6,2105.61,1209.05,16.22
Pet Supplies,YouTube,Business,Failed,Cancelled,5,1829.28,1067.87,0.0
Pet Supplies,YouTube,Business,Paid,Cancelled,2,579.86,266.11,27.18
Pet Supplies,YouTube,Business,Paid,Delayed,3,273.83,147.52,14.88
Pet Supplies,YouTube,Business,Paid,Early,5,1286.53,616.72,59.98
Pet Supplies,YouTube,Business,Paid,On Time,35,10863.71,5665.45,48.55
Pet Supplies,YouTube,Business,Pending,Early,1,103.88,68.61,0.36
Pet Supplies,YouTube,Business,Pending,On Time,2,690.34,393.14,59.0
Pet Supplies,YouTube,Business,Refunded,Cancelled,6,1785.63,1027.49,4.1
Pet Supplies,YouTube,Consumer,Failed,Cancelled,29,9406.78,5362.92,24.89
Pet Supplies,YouTube,Consumer,Paid,Cancelled,6,2169.04,984.74,90.54
Pet Supplies,YouTube,Consumer,Paid,Delayed,47,12339.64,6016.95,44.96
Pet Supplies,YouTube,Consumer,Paid,Early,22,8259.49,4506.46,28.47
Pet Supplies,YouTube,Consumer,Paid,On Time,197,54682.16,27678.53,42.11
Pet Supplies,YouTube,Consumer,Pending,Cancelled,8,2798.02,1640.98,33.81
Pet Supplies,YouTube,Consumer,Pending,Delayed,4,433.06,234.72,18.98
Pet Supplies,YouTube,Consumer,Pending,Early,2,429.36,240.43,20.43
Pet Supplies,YouTube,Consumer,Pending,On Time,18,5251.51,2590.56,51.53
Pet Supplies,YouTube,Consumer,Refunded,Cancelled,25,8454.37,5118.02,1.64
Pet Supplies,YouTube,Premium,Failed,Cancelled,18,6655.64,3730.03,39.56
Pet Supplies,YouTube,Premium,Paid,Cancelled,3,1658.0,908.09,53.63
Pet Supplies,YouTube,Premium,Paid,Delayed,20,5501.99,2689.3,48.12
Pet Supplies,YouTube,Premium,Paid,Early,16,4594.39,2073.12,91.52
Pet Supplies,YouTube,Premium,Paid,On Time,88,23212.22,11386.64,64.16
Pet Supplies,YouTube,Premium,Pending,Cancelled,1,662.01,385.95,39.2
Pet Supplies,YouTube,Premium,Pending,Delayed,4,843.29,420.21,64.03
Pet Supplies,YouTube,Premium,Pending,Early,1,227.84,117.32,28.46
Pet Supplies,YouTube,Premium,Pending,On Time,9,1479.75,771.27,27.29
Pet Supplies,YouTube,Premium,Refunded,Cancelled,12,4407.47,2551.52,0.0
Pet Supplies,YouTube,VIP,Failed,Cancelled,7,1580.28,935.3,15.02
Pet Supplies,YouTube,VIP,Paid,Delayed,7,1665.5,827.42,20.64
Pet Supplies,YouTube,VIP,Paid,Early,3,982.15,441.96,45.92
Pet Supplies,YouTube,VIP,Paid,On Time,53,14602.41,7148.32,57.23
Pet Supplies,YouTube,VIP,Pending,Cancelled,2,468.97,180.71,112.42
Pet Supplies,YouTube,VIP,Pending,Delayed,4,865.9,403.41,61.73
Pet Supplies,YouTube,VIP,Pending,Early,1,134.89,59.22,16.69
Pet Supplies,YouTube,VIP,Pending,On Time,2,554.31,205.65,105.83
Pet Supplies,YouTube,VIP,Refunded,Cancelled,1,576.2,393.37,0.0
Sports & Outdoors,Affiliate,Business,Failed,Cancelled,12,5683.27,3127.52,52.45
Sports & Outdoors,Affiliate,Business,Paid,Cancelled,4,3297.15,750.96,299.01
Sports & Outdoors,Affiliate,Business,Paid,Delayed,17,8928.88,4338.85,66.06
Sports & Outdoors,Affiliate,Business,Paid,Early,10,7657.72,3593.86,117.99
Sports & Outdoors,Affiliate,Business,Paid,On Time,73,41342.75,18388.3,98.57
Sports & Outdoors,Affiliate,Business,Pending,Cancelled,2,765.92,375.48,42.79
Sports & Outdoors,Affiliate,Business,Pending,Delayed,3,1300.93,607.48,43.61
Sports & Outdoors,Affiliate,Business,Pending,Early,1,1428.76,581.89,88.46
Sports & Outdoors,Affiliate,Business,Pending,On Time,12,6478.12,3376.01,88.2
Sports & Outdoors,Affiliate,Business,Refunded,Cancelled,6,3286.48,1658.5,4.69
Sports & Outdoors,Affiliate,Consumer,Failed,Cancelled,52,27305.1,14971.18,17.26
Sports & Outdoors,Affiliate,Consumer,Paid,Cancelled,10,5755.45,3184.07,57.82
Sports & Outdoors,Affiliate,Consumer,Paid,Delayed,85,54292.65,24916.81,93.29
Sports & Outdoors,Affiliate,Consumer,Paid,Early,41,21900.26,9965.2,85.76
Sports & Outdoors,Affiliate,Consumer,Paid,On Time,454,268473.47,122225.12,100.99
Sports & Outdoors,Affiliate,Consumer,Pending,Cancelled,18,7815.85,3457.25,93.84
Sports & Outdoors,Affiliate,Consumer,Pending,Delayed,6,3642.74,1715.96,85.23
Sports & Outdoors,Affiliate,Consumer,Pending,Early,7,4380.86,2491.33,41.74
Sports & Outdoors,Affiliate,Consumer,Pending,On Time,67,38135.56,17728.67,99.07
Sports & Outdoors,Affiliate,Consumer,Refunded,Cancelled,54,29752.07,15771.27,17.18
Sports & Outdoors,Affiliate,Premium,Failed,Cancelled,43,25414.58,13842.83,36.14
Sports & Outdoors,Affiliate,Premium,Paid,Cancelled,3,3116.73,1533.12,144.66
Sports & Outdoors,Affiliate,Premium,Paid,Delayed,33,15596.19,6339.47,162.37
Sports & Outdoors,Affiliate,Premium,Paid,Early,24,12673.01,5143.54,113.13
Sports & Outdoors,Affiliate,Premium,Paid,On Time,192,99105.95,41928.32,129.44
Sports & Outdoors,Affiliate,Premium,Pending,Cancelled,10,6259.65,2624.27,111.46
Sports & Outdoors,Affiliate,Premium,Pending,Delayed,1,133.01,74.0,0.16
Sports & Outdoors,Affiliate,Premium,Pending,Early,2,1551.02,863.91,73.64
Sports & Outdoors,Affiliate,Premium,Pending,On Time,16,9227.24,4493.32,111.86
Sports & Outdoors,Affiliate,Premium,Refunded,Cancelled,26,17753.12,9811.4,9.72
Sports & Outdoors,Affiliate,VIP,Failed,Cancelled,11,5327.9,2065.88,101.2
Sports & Outdoors,Affiliate,VIP,Paid,Delayed,20,14970.31,6873.02,146.55
Sports & Outdoors,Affiliate,VIP,Paid,Early,11,6037.31,2724.81,176.56
Sports & Outdoors,Affiliate,VIP,Paid,On Time,82,43019.88,18164.51,121.9
Sports & Outdoors,Affiliate,VIP,Pending,Delayed,3,1511.85,546.19,125.82
Sports & Outdoors,Affiliate,VIP,Pending,Early,4,2652.82,1111.17,81.86
Sports & Outdoors,Affiliate,VIP,Pending,On Time,11,6522.86,2447.69,175.07
Sports & Outdoors,Affiliate,VIP,Refunded,Cancelled,5,3302.93,1758.64,0.0
Sports & Outdoors,Direct,Business,Failed,Cancelled,18,11675.84,6274.21,39.47
Sports & Outdoors,Direct,Business,Paid,Cancelled,7,2528.97,1294.23,50.11
Sports & Outdoors,Direct,Business,Paid,Delayed,54,30180.21,15234.99,69.76
Sports & Outdoors,Direct,Business,Paid,Early,24,12223.41,5764.14,54.8
Sports & Outdoors,Direct,Business,Paid,On Time,253,144809.48,69201.45,92.4
Sports & Outdoors,Direct,Business,Pending,Cancelled,11,6600.48,2652.78,189.67
Sports & Outdoors,Direct,Business,Pending,Delayed,7,2589.2,1193.45,54.04
Sports & Outdoors,Direct,Business,Pending,Early,2,1196.82,495.02,88.62
Sports & Outdoors,Direct,Business,Pending,On Time,20,9940.3,4410.61,62.86
Sports & Outdoors,Direct,Business,Refunded,Cancelled,30,16679.47,9388.7,5.76
Sports & Outdoors,Direct,Consumer,Failed,Cancelled,157,94643.36,49007.19,37.22
Sports & Outdoors,Direct,Consumer,Paid,Cancelled,35,24529.94,10545.94,118.82
Sports & Outdoors,Direct,Consumer,Paid,Delayed,248,135259.0,64097.87,80.88
Sports & Outdoors,Direct,Consumer,Paid,Early,141,75808.04,35654.78,87.05
Sports & Outdoors,Direct,Consumer,Paid,On Time,1316,749181.69,349286.29,94.12
Sports & Outdoors,Direct,Consumer,Pending,Cancelled,45,27597.72,13161.92,78.16
Sports & Outdoors,Direct,Consumer,Pending,Delayed,19,11695.59,4702.93,118.82
Sports & Outdoors,Direct,Consumer,Pending,Early,20,7117.09,3223.19,57.36
Sports & Outdoors,Direct,Consumer,Pending,On Time,156,88369.61,41002.58,99.24
Sports & Outdoors,Direct,Consumer,Refunded,Cancelled,157,96105.53,51261.03,13.75
Sports & Outdoors,Direct,Premium,Failed,Cancelled,70,45859.34,22979.02,54.52
Sports & Outdoors,Direct,Premium,Paid,Cancelled,16,9104.63,4004.64,147.29
Sports & Outdoors,Direct,Premium,Paid,Delayed,94,53354.97,22452.91,148.84
Sports & Outdoors,Direct,Premium,Paid,Early,54,30945.9,12660.12,155.67
Sports & Outdoors,Direct,Premium,Paid,On Time,587,322504.67,136378.51,135.25
Sports & Outdoors,Direct,Premium,Pending,Cancelled,23,12133.17,5647.88,101.7
Sports & Outdoors,Direct,Premium,Pending,Delayed,17,8469.23,4016.7,101.79
Sports & Outdoors,Direct,Premium,Pending,Early,4,3786.0,1645.43,93.69
Sports & Outdoors,Direct,Premium,Pending,On Time,59,41689.81,19177.1,115.3
Sports & Outdoors,Direct,Premium,Refunded,Cancelled,89,54617.52,30847.39,9.27
Sports & Outdoors,Direct,VIP,Failed,Cancelled,29,18377.71,10179.95,13.25
Sports & Outdoors,Direct,VIP,Paid,Cancelled,9,6632.24,2248.43,142.46
Sports & Outdoors,Direct,VIP,Paid,Delayed,48,21862.9,9086.71,104.87
Sports & Outdoors,Direct,VIP,Paid,Early,24,12478.92,4728.1,97.27
Sports & Outdoors,Direct,VIP,Paid,On Time,247,147285.9,64346.23,127.1
Sports & Outdoors,Direct,VIP,Pending,Cancelled,7,2808.27,1613.93,58.7
Sports & Outdoors,Direct,VIP,Pending,Delayed,2,872.4,387.3,188.42
Sports & Outdoors,Direct,VIP,Pending,Early,2,1292.94,472.18,349.82
Sports & Outdoors,Direct,VIP,Pending,On Time,20,12856.82,5366.96,144.82
Sports & Outdoors,Direct,VIP,Refunded,Cancelled,33,25340.37,14458.58,14.34
Sports & Outdoors,Email Marketing,Business,Failed,Cancelled,21,17826.47,9026.88,48.85
Sports & Outdoors,Email Marketing,Business,Paid,Cancelled,6,2799.4,1320.91,51.98
Sports & Outdoors,Email Marketing,Business,Paid,Delayed,24,10050.83,4013.39,79.0
Sports & Outdoors,Email Marketing,Business,Paid,Early,15,10920.49,5053.21,89.91
Sports & Outdoors,Email Marketing,Business,Paid,On Time,130,77227.97,34295.26,106.63
Sports & Outdoors,Email Marketing,Business,Pending,Cancelled,1,355.68,128.13,77.42
Sports & Outdoors,Email Marketing,Business,Pending,Delayed,2,589.11,227.76,36.02
Sports & Outdoors,Email Marketing,Business,Pending,Early,1,211.39,95.43,14.46
Sports & Outdoors,Email Marketing,Business,Pending,On Time,8,3591.56,1637.64,66.05
Sports & Outdoors,Email Marketing,Business,Refunded,Cancelled,12,7261.99,3686.69,0.0
Sports & Outdoors,Email Marketing,Consumer,Failed,Cancelled,95,52401.37,26649.75,25.86
Sports & Outdoors,Email Marketing,Consumer,Paid,Cancelled,16,11179.85,4527.34,136.76
Sports & Outdoors,Email Marketing,Consumer,Paid,Delayed,125,70288.92,33245.77,90.82
Sports & Outdoors,Email Marketing,Consumer,Paid,Early,79,41568.19,19510.21,97.45
Sports & Outdoors,Email Marketing,Consumer,Paid,On Time,680,372636.99,170236.34,99.53
Sports & Outdoors,Email Marketing,Consumer,Pending,Cancelled,29,19359.24,9485.56,124.45
Sports & Outdoors,Email Marketing,Consumer,Pending,Delayed,13,6233.23,2541.69,115.0
Sports & Outdoors,Email Marketing,Consumer,Pending,Early,9,3772.28,1499.96,89.95
Sports & Outdoors,Email Marketing,Consumer,Pending,On Time,71,39512.89,16655.57,109.19
Sports & Outdoors,Email Marketing,Consumer,Refunded,Cancelled,87,50737.56,27191.1,3.06
Sports & Outdoors,Email Marketing,Premium,Failed,Cancelled,42,22090.27,11402.02,38.36
Sports & Outdoors,Email Marketing,Premium,Paid,Cancelled,12,5484.71,2698.22,94.24
Sports & Outdoors,Email Marketing,Premium,Paid,Delayed,70,38197.23,15930.0,113.27
Sports & Outdoors,Email Marketing,Premium,Paid,Early,44,20458.15,8786.62,87.5
Sports & Outdoors,Email Marketing,Premium,Paid,On Time,360,207440.51,91283.94,126.75
Sports & Outdoors,Email Marketing,Premium,Pending,Cancelled,11,6535.86,3307.04,113.84
Sports & Outdoors,Email Marketing,Premium,Pending,Delayed,4,2971.55,1412.2,214.02
Sports & Outdoors,Email Marketing,Premium,Pending,Early,1,219.14,95.38,29.78
Sports & Outdoors,Email Marketing,Premium,Pending,On Time,43,25090.28,10056.51,146.21
Sports & Outdoors,Email Marketing,Premium,Refunded,Cancelled,39,26462.22,14606.2,6.67
Sports & Outdoors,Email Marketing,VIP,Failed,Cancelled,15,9269.63,4700.9,20.22
Sports & Outdoors,Email Marketing,VIP,Paid,Cancelled,5,3594.45,1939.22,91.17
Sports & Outdoors,Email Marketing,VIP,Paid,Delayed,22,10675.81,4527.18,123.65
Sports & Outdoors,Email Marketing,VIP,Paid,Early,16,7596.41,3708.03,61.86
Sports & Outdoors,Email Marketing,VIP,Paid,On Time,137,69534.78,27737.56,139.53
Sports & Outdoors,Email Marketing,VIP,Pending,Cancelled,1,316.78,168.33,10.61
Sports & Outdoors,Email Marketing,VIP,Pending,Delayed,6,2831.86,1147.93,198.48
Sports & Outdoors,Email Marketing,VIP,Pending,Early,1,450.49,-92.76,627.94
Sports & Outdoors,Email Marketing,VIP,Pending,On Time,10,6199.95,2988.06,111.15
Sports & Outdoors,Email Marketing,VIP,Refunded,Cancelled,14,6315.36,3640.98,0.0
Sports & Outdoors,Facebook Ads,Business,Failed,Cancelled,31,15930.51,8484.61,22.48
Sports & Outdoors,Facebook Ads,Business,Paid,Cancelled,5,2790.28,1007.5,194.91
Sports & Outdoors,Facebook Ads,Business,Paid,Delayed,38,23287.56,10866.82,87.91
Sports & Outdoors,Facebook Ads,Business,Paid,Early,26,13316.83,5894.96,105.14
Sports & Outdoors,Facebook Ads,Business,Paid,On Time,184,108697.97,50839.94,93.89
Sports & Outdoors,Facebook Ads,Business,Pending,Cancelled,5,2577.8,1063.4,108.86
Sports & Outdoors,Facebook Ads,Business,Pending,Delayed,6,2616.56,1132.53,85.99
Sports & Outdoors,Facebook Ads,Business,Pending,Early,2,1556.62,715.98,20.31
Sports & Outdoors,Facebook Ads,Business,Pending,On Time,17,6294.33,3309.09,30.01
Sports & Outdoors,Facebook Ads,Business,Refunded,Cancelled,23,12732.03,7244.07,0.27
Sports & Outdoors,Facebook Ads,Consumer,Failed,Cancelled,142,93847.35,49374.99,35.68
Sports & Outdoors,Facebook Ads,Consumer,Paid,Cancelled,21,12487.17,6535.12,100.34
Sports & Outdoors,Facebook Ads,Consumer,Paid,Delayed,172,99557.92,46401.28,92.05
Sports & Outdoors,Facebook Ads,Consumer,Paid,Early,132,78595.91,37076.1,85.08
Sports & Outdoors,Facebook Ads,Consumer,Paid,On Time,995,550452.72,250653.15,95.91
Sports & Outdoors,Facebook Ads,Consumer,Pending,Cancelled,35,19268.01,8522.94,86.53
Sports & Outdoors,Facebook Ads,Consumer,Pending,Delayed,24,14464.33,6377.81,93.45
Sports & Outdoors,Facebook Ads,Consumer,Pending,Early,13,6363.75,2594.0,97.28
Sports & Outdoors,Facebook Ads,Consumer,Pending,On Time,111,59959.88,27553.36,89.15
Sports & Outdoors,Facebook Ads,Consumer,Refunded,Cancelled,127,80659.74,43936.51,7.95
Sports & Outdoors,Facebook Ads,Premium,Failed,Cancelled,63,42563.73,22911.89,34.25
Sports & Outdoors,Facebook Ads,Premium,Paid,Cancelled,13,4689.41,2164.1,55.15
Sports & Outdoors,Facebook Ads,Premium,Paid,Delayed,89,52393.78,22771.83,127.4
Sports & Outdoors,Facebook Ads,Premium,Paid,Early,62,32127.03,13347.36,120.99
Sports & Outdoors,Facebook Ads,Premium,Paid,On Time,477,279748.16,117656.37,127.2
Sports & Outdoors,Facebook Ads,Premium,Pending,Cancelled,14,6874.6,2028.68,143.46
Sports & Outdoors,Facebook Ads,Premium,Pending,Delayed,6,3776.54,1479.33,188.52
Sports & Outdoors,Facebook Ads,Premium,Pending,Early,3,2266.68,1162.57,123.4
Sports & Outdoors,Facebook Ads,Premium,Pending,On Time,53,25877.86,10658.7,153.44
Sports & Outdoors,Facebook Ads,Premium,Refunded,Cancelled,67,33880.11,17954.27,3.23
Sports & Outdoors,Facebook Ads,VIP,Failed,Cancelled,24,13980.74,6964.66,31.91
Sports & Outdoors,Facebook Ads,VIP,Paid,Cancelled,3,4149.17,2227.48,251.12
Sports & Outdoors,Facebook Ads,VIP,Paid,Delayed,47,22851.04,9215.65,126.03
Sports & Outdoors,Facebook Ads,VIP,Paid,Early,15,8371.43,3650.67,130.67
Sports & Outdoors,Facebook Ads,VIP,Paid,On Time,179,103480.29,42114.42,136.64
Sports & Outdoors,Facebook Ads,VIP,Pending,Cancelled,9,2992.89,780.94,117.81
Sports & Outdoors,Facebook Ads,VIP,Pending,Delayed,3,2080.26,941.38,195.34
Sports & Outdoors,Facebook Ads,VIP,Pending,Early,6,2833.01,1273.23,118.39
Sports & Outdoors,Facebook Ads,VIP,Pending,On Time,18,11477.55,4212.15,197.48
Sports & Outdoors,Facebook Ads,VIP,Refunded,Cancelled,28,15938.69,8214.8,9.87
Sports & Outdoors,Google Ads,Business,Failed,Cancelled,38,25304.9,14030.0,26.03
Sports & Outdoors,Google Ads,Business,Paid,Cancelled,5,2663.54,1054.4,159.62
Sports & Outdoors,Google Ads,Business,Paid,Delayed,35,20506.79,10164.76,90.7
Sports & Outdoors,Google Ads,Business,Paid,Early,29,17293.98,9075.34,71.8
Sports & Outdoors,Google Ads,Business,Paid,On Time,254,138964.87,61910.07,103.09
Sports & Outdoors,Google Ads,Business,Pending,Cancelled,6,3717.35,1687.41,137.28
Sports & Outdoors,Google Ads,Business,Pending,Delayed,2,1027.36,493.22,30.2
Sports & Outdoors,Google Ads,Business,Pending,Early,3,2429.56,1174.79,107.69
Sports & Outdoors,Google Ads,Business,Pending,On Time,24,13062.95,6340.74,84.01
Sports & Outdoors,Google Ads,Business,Refunded,Cancelled,30,16045.16,8927.22,2.03
Sports & Outdoors,Google Ads,Consumer,Failed,Cancelled,162,99033.47,51540.69,31.46
Sports & Outdoors,Google Ads,Consumer,Paid,Cancelled,41,28663.47,12670.24,121.55
Sports & Outdoors,Google Ads,Consumer,Paid,Delayed,271,138970.77,63837.26,86.13
Sports & Outdoors,Google Ads,Consumer,Paid,Early,159,87105.33,38475.24,100.41
Sports & Outdoors,Google Ads,Consumer,Paid,On Time,1262,720865.3,325112.72,94.5
Sports & Outdoors,Google Ads,Consumer,Pending,Cancelled,35,18854.86,8636.83,77.34
Sports & Outdoors,Google Ads,Consumer,Pending,Delayed,24,13005.09,5573.18,115.58
Sports & Outdoors,Google Ads,Consumer,Pending,Early,17,11823.38,4932.65,146.67
Sports & Outdoors,Google Ads,Consumer,Pending,On Time,134,70590.24,31825.75,95.62
Sports & Outdoors,Google Ads,Consumer,Refunded,Cancelled,154,92474.32,52514.45,1.62
Sports & Outdoors,Google Ads,Premium,Failed,Cancelled,86,50569.53,26928.39,29.94
Sports & Outdoors,Google Ads,Premium,Paid,Cancelled,13,7728.03,3420.71,104.84
Sports & Outdoors,Google Ads,Premium,Paid,Delayed,119,70795.46,30742.19,131.37
Sports & Outdoors,Google Ads,Premium,Paid,Early,65,30100.84,13471.71,93.26
Sports & Outdoors,Google Ads,Premium,Paid,On Time,589,306545.37,129529.42,118.91
Sports & Outdoors,Google Ads,Premium,Pending,Cancelled,17,10299.46,4807.96,123.25
Sports & Outdoors,Google Ads,Premium,Pending,Delayed,18,9371.93,4477.52,80.2
Sports & Outdoors,Google Ads,Premium,Pending,Early,9,4847.31,2104.97,121.43
Sports & Outdoors,Google Ads,Premium,Pending,On Time,84,47910.65,19311.39,150.36
Sports & Outdoors,Google Ads,Premium,Refunded,Cancelled,67,39042.8,21659.07,4.76
Sports & Outdoors,Google Ads,VIP,Failed,Cancelled,34,21617.35,11001.91,29.6
Sports & Outdoors,Google Ads,VIP,Paid,Cancelled,4,2221.26,968.62,48.19
Sports & Outdoors,Google Ads,VIP,Paid,Delayed,38,21955.51,8930.07,159.29
Sports & Outdoors,Google Ads,VIP,Paid,Early,24,16305.81,7904.64,93.4
Sports & Outdoors,Google Ads,VIP,Paid,On Time,227,118004.35,49712.24,124.2
Sports & Outdoors,Google Ads,VIP,Pending,Cancelled,6,1780.91,903.15,41.62
Sports & Outdoors,Google Ads,VIP,Pending,Delayed,3,3514.36,1306.8,313.48
Sports & Outdoors,Google Ads,VIP,Pending,Early,4,3052.55,1337.86,109.13
Sports & Outdoors,Google Ads,VIP,Pending,On Time,29,13520.26,5725.58,83.8
Sports & Outdoors,Google Ads,VIP,Refunded,Cancelled,27,20118.21,11096.39,1.77
Sports & Outdoors,Instagram,Business,Failed,Cancelled,30,19830.99,11143.73,16.86
Sports & Outdoors,Instagram,Business,Paid,Cancelled,4,1780.18,996.11,21.17
Sports & Outdoors,Instagram,Business,Paid,Delayed,37,21820.51,7938.31,152.04
Sports & Outdoors,Instagram,Business,Paid,Early,13,9846.9,4509.83,155.36
Sports & Outdoors,Instagram,Business,Paid,On Time,137,76261.09,34685.22,88.23
Sports & Outdoors,Instagram,Business,Pending,Cancelled,10,3841.83,1565.09,68.67
Sports & Outdoors,Instagram,Business,Pending,Delayed,6,2945.73,1416.63,121.71
Sports & Outdoors,Instagram,Business,Pending,Early,3,2312.09,1172.19,68.86
Sports & Outdoors,Instagram,Business,Pending,On Time,23,15442.14,7948.45,88.52
Sports & Outdoors,Instagram,Business,Refunded,Cancelled,13,8934.0,4800.35,3.65
Sports & Outdoors,Instagram,Consumer,Failed,Cancelled,117,73489.17,38099.48,22.23
Sports & Outdoors,Instagram,Consumer,Paid,Cancelled,20,15189.16,6490.51,168.13
Sports & Outdoors,Instagram,Consumer,Paid,Delayed,169,89622.2,41477.45,76.63
Sports & Outdoors,Instagram,Consumer,Paid,Early,92,45518.98,21188.74,70.83
Sports & Outdoors,Instagram,Consumer,Paid,On Time,900,528289.45,238673.77,100.92
Sports & Outdoors,Instagram,Consumer,Pending,Cancelled,26,15810.61,7193.17,87.68
Sports & Outdoors,Instagram,Consumer,Pending,Delayed,14,9165.12,4570.78,77.42
Sports & Outdoors,Instagram,Consumer,Pending,Early,12,5928.42,2808.01,67.85
Sports & Outdoors,Instagram,Consumer,Pending,On Time,97,53104.46,24233.01,97.42
Sports & Outdoors,Instagram,Consumer,Refunded,Cancelled,93,51271.08,26985.11,13.58
Sports & Outdoors,Instagram,Premium,Failed,Cancelled,48,29155.96,15789.23,15.97
Sports & Outdoors,Instagram,Premium,Paid,Cancelled,6,2889.42,1222.89,152.57
Sports & Outdoors,Instagram,Premium,Paid,Delayed,96,50698.59,20698.51,142.1
Sports & Outdoors,Instagram,Premium,Paid,Early,38,20191.16,9109.68,105.72
Sports & Outdoors,Instagram,Premium,Paid,On Time,400,230778.7,96146.56,148.04
Sports & Outdoors,Instagram,Premium,Pending,Cancelled,7,4859.64,2690.02,89.36
Sports & Outdoors,Instagram,Premium,Pending,Delayed,9,5113.36,2263.99,68.11
Sports & Outdoors,Instagram,Premium,Pending,Early,7,2560.29,597.02,141.71
Sports & Outdoors,Instagram,Premium,Pending,On Time,43,21101.74,8872.63,136.11
Sports & Outdoors,Instagram,Premium,Refunded,Cancelled,54,35077.4,19713.04,1.55
Sports & Outdoors,Instagram,VIP,Failed,Cancelled,26,13785.53,7011.02,20.19
Sports & Outdoors,Instagram,VIP,Paid,Cancelled,4,2710.73,816.08,270.34
Sports & Outdoors,Instagram,VIP,Paid,Delayed,28,16314.07,6432.76,156.95
Sports & Outdoors,Instagram,VIP,Paid,Early,19,11594.48,5392.16,94.15
Sports & Outdoors,Instagram,VIP,Paid,On Time,157,90062.91,37726.25,131.58
Sports & Outdoors,Instagram,VIP,Pending,Cancelled,9,4543.21,2016.95,82.59
Sports & Outdoors,Instagram,VIP,Pending,Delayed,6,2413.62,1226.78,45.05
Sports & Outdoors,Instagram,VIP,Pending,Early,1,1052.15,271.94,146.84
Sports & Outdoors,Instagram,VIP,Pending,On Time,22,12191.08,5127.13,132.05
Sports & Outdoors,Instagram,VIP,Refunded,Cancelled,15,7586.01,4375.6,0.0
Sports & Outdoors,Organic Search,Business,Failed,Cancelled,36,19885.18,10821.47,8.87
Sports & Outdoors,Organic Search,Business,Paid,Cancelled,9,4496.32,2018.1,72.24
Sports & Outdoors,Organic Search,Business,Paid,Delayed,72,42277.22,18433.15,117.33
Sports & Outdoors,Organic Search,Business,Paid,Early,35,16786.77,7907.53,62.32
Sports & Outdoors,Organic Search,Business,Paid,On Time,342,192940.58,85937.26,103.59
Sports & Outdoors,Organic Search,Business,Pending,Cancelled,9,4069.53,1735.05,72.36
Sports & Outdoors,Organic Search,Business,Pending,Delayed,7,5011.7,2545.8,38.99
Sports & Outdoors,Organic Search,Business,Pending,Early,3,1106.01,487.64,33.02
Sports & Outdoors,Organic Search,Business,Pending,On Time,24,17006.27,8522.01,116.72
Sports & Outdoors,Organic Search,Business,Refunded,Cancelled,40,23727.38,13063.47,10.73
Sports & Outdoors,Organic Search,Consumer,Failed,Cancelled,232,138164.02,72863.32,24.05
Sports & Outdoors,Organic Search,Consumer,Paid,Cancelled,35,17089.61,7541.85,80.64
Sports & Outdoors,Organic Search,Consumer,Paid,Delayed,346,198288.73,88686.7,106.64
Sports & Outdoors,Organic Search,Consumer,Paid,Early,188,101449.54,44093.25,102.42
Sports & Outdoors,Organic Search,Consumer,Paid,On Time,1666,929683.62,420941.65,96.92
Sports & Outdoors,Organic Search,Consumer,Pending,Cancelled,51,25748.76,11628.9,81.97
Sports & Outdoors,Organic Search,Consumer,Pending,Delayed,31,14523.12,6825.78,65.39
Sports & Outdoors,Organic Search,Consumer,Pending,Early,27,13905.94,6423.8,82.78
Sports & Outdoors,Organic Search,Consumer,Pending,On Time,188,105803.51,49865.63,86.62
Sports & Outdoors,Organic Search,Consumer,Refunded,Cancelled,204,125138.37,66847.6,12.18
Sports & Outdoors,Organic Search,Premium,Failed,Cancelled,101,57025.34,29960.17,25.82
Sports & Outdoors,Organic Search,Premium,Paid,Cancelled,21,10648.58,4132.97,143.34
Sports & Outdoors,Organic Search,Premium,Paid,Delayed,167,86599.62,36071.61,134.28
Sports & Outdoors,Organic Search,Premium,Paid,Early,94,48332.72,21891.74,99.82
Sports & Outdoors,Organic Search,Premium,Paid,On Time,756,408391.71,172611.09,131.87
Sports & Outdoors,Organic Search,Premium,Pending,Cancelled,25,17404.25,7848.71,175.32
Sports & Outdoors,Organic Search,Premium,Pending,Delayed,12,5213.98,2116.21,104.62
Sports & Outdoors,Organic Search,Premium,Pending,Early,12,4394.03,1827.46,98.65
Sports & Outdoors,Organic Search,Premium,Pending,On Time,83,40492.8,18754.9,101.25
Sports & Outdoors,Organic Search,Premium,Refunded,Cancelled,89,56566.18,29849.55,7.82
Sports & Outdoors,Organic Search,VIP,Failed,Cancelled,40,23927.39,13709.31,7.32
Sports & Outdoors,Organic Search,VIP,Paid,Cancelled,3,1511.2,868.06,76.18
Sports & Outdoors,Organic Search,VIP,Paid,Delayed,65,38563.66,16960.76,151.39
Sports & Outdoors,Organic Search,VIP,Paid,Early,31,21814.78,9185.91,138.46
Sports & Outdoors,Organic Search,VIP,Paid,On Time,317,185938.93,83032.75,133.15
Sports & Outdoors,Organic Search,VIP,Pending,Cancelled,15,12131.93,5851.21,144.75
Sports & Outdoors,Organic Search,VIP,Pending,Delayed,6,3579.85,1554.06,169.32
Sports & Outdoors,Organic Search,VIP,Pending,On Time,32,18859.73,8700.06,95.84
Sports & Outdoors,Organic Search,VIP,Refunded,Cancelled,44,25663.1,13851.37,5.4
Sports & Outdoors,Referral,Business,Failed,Cancelled,19,13116.36,6741.73,32.79
Sports & Outdoors,Referral,Business,Paid,Cancelled,1,235.03,91.12,11.98
Sports & Outdoors,Referral,Business,Paid,Delayed,19,10524.01,5296.73,56.42
Sports & Outdoors,Referral,Business,Paid,Early,20,14801.67,7134.27,96.42
Sports & Outdoors,Referral,Business,Paid,On Time,115,62812.57,29593.22,91.53
Sports & Outdoors,Referral,Business,Pending,Cancelled,4,3581.88,1620.17,264.82
Sports & Outdoors,Referral,Business,Pending,Delayed,2,588.94,192.94,238.57
Sports & Outdoors,Referral,Business,Pending,On Time,19,7742.42,3608.67,72.01
Sports & Outdoors,Referral,Business,Refunded,Cancelled,9,4796.44,2782.2,0.0
Sports & Outdoors,Referral,Consumer,Failed,Cancelled,76,43126.56,22203.44,38.12
Sports & Outdoors,Referral,Consumer,Paid,Cancelled,14,8005.19,4160.53,47.23
Sports & Outdoors,Referral,Consumer,Paid,Delayed,141,82308.93,35776.75,119.12
Sports & Outdoors,Referral,Consumer,Paid,Early,79,43733.29,19226.47,91.71
Sports & Outdoors,Referral,Consumer,Paid,On Time,694,380560.21,174016.92,86.41
Sports & Outdoors,Referral,Consumer,Pending,Cancelled,27,14385.54,6666.39,65.55
Sports & Outdoors,Referral,Consumer,Pending,Delayed,17,7603.82,3833.72,55.68
Sports & Outdoors,Referral,Consumer,Pending,Early,12,9332.36,4527.25,74.05
Sports & Outdoors,Referral,Consumer,Pending,On Time,81,43924.05,20196.37,97.72
Sports & Outdoors,Referral,Consumer,Refunded,Cancelled,82,56792.32,31417.24,8.53
Sports & Outdoors,Referral,Premium,Failed,Cancelled,46,23709.13,12849.44,6.6
Sports & Outdoors,Referral,Premium,Paid,Cancelled,4,1391.22,496.13,81.15
Sports & Outdoors,Referral,Premium,Paid,Delayed,40,25936.57,10745.74,157.26
Sports & Outdoors,Referral,Premium,Paid,Early,45,22991.0,9964.39,100.96
Sports & Outdoors,Referral,Premium,Paid,On Time,309,175259.73,73854.74,137.4
Sports & Outdoors,Referral,Premium,Pending,Cancelled,8,5249.18,2505.93,132.64
Sports & Outdoors,Referral,Premium,Pending,Delayed,6,3587.87,1316.17,172.02
Sports & Outdoors,Referral,Premium,Pending,Early,6,2533.35,1409.7,36.16
Sports & Outdoors,Referral,Premium,Pending,On Time,36,19337.5,7448.55,142.08
Sports & Outdoors,Referral,Premium,Refunded,Cancelled,27,18578.12,10813.62,0.56
Sports & Outdoors,Referral,VIP,Failed,Cancelled,23,15480.64,8722.95,47.38
Sports & Outdoors,Referral,VIP,Paid,Cancelled,3,1893.11,891.76,49.36
Sports & Outdoors,Referral,VIP,Paid,Delayed,32,18190.69,6646.16,155.36
Sports & Outdoors,Referral,VIP,Paid,Early,20,13501.86,5938.36,170.49
Sports & Outdoors,Referral,VIP,Paid,On Time,139,86345.18,35107.62,148.06
Sports & Outdoors,Referral,VIP,Pending,Cancelled,4,1061.8,603.56,43.3
Sports & Outdoors,Referral,VIP,Pending,Delayed,4,3652.05,1690.85,230.19
Sports & Outdoors,Referral,VIP,Pending,Early,2,243.88,11.01,107.74
Sports & Outdoors,Referral,VIP,Pending,On Time,15,10987.15,5043.13,137.95
Sports & Outdoors,Referral,VIP,Refunded,Cancelled,14,9267.33,5370.53,6.12
Sports & Outdoors,TikTok,Business,Failed,Cancelled,8,3155.61,1690.81,31.76
Sports & Outdoors,TikTok,Business,Paid,Cancelled,2,591.08,274.99,34.18
Sports & Outdoors,TikTok,Business,Paid,Delayed,10,8678.88,4329.09,112.78
Sports & Outdoors,TikTok,Business,Paid,Early,5,5050.28,2597.03,163.49
Sports & Outdoors,TikTok,Business,Paid,On Time,56,35559.65,17017.53,97.35
Sports & Outdoors,TikTok,Business,Pending,Cancelled,1,604.13,270.62,78.16
Sports & Outdoors,TikTok,Business,Pending,Delayed,2,757.6,433.25,4.49
Sports & Outdoors,TikTok,Business,Pending,On Time,8,4440.06,2202.38,103.12
Sports & Outdoors,TikTok,Business,Refunded,Cancelled,10,4643.8,2591.48,2.17
Sports & Outdoors,TikTok,Consumer,Failed,Cancelled,45,27823.2,14590.04,31.02
Sports & Outdoors,TikTok,Consumer,Paid,Cancelled,7,1777.29,801.36,37.3
Sports & Outdoors,TikTok,Consumer,Paid,Delayed,62,37238.06,18037.07,74.73
Sports & Outdoors,TikTok,Consumer,Paid,Early,35,22155.67,11298.53,83.54
Sports & Outdoors,TikTok,Consumer,Paid,On Time,351,191194.01,87947.2,101.5
Sports & Outdoors,TikTok,Consumer,Pending,Cancelled,13,4706.87,2083.85,62.45
Sports & Outdoors,TikTok,Consumer,Pending,Delayed,9,5456.04,2441.87,129.21
Sports & Outdoors,TikTok,Consumer,Pending,Early,6,1862.76,885.68,17.37
Sports & Outdoors,TikTok,Consumer,Pending,On Time,33,15924.7,6948.1,88.65
Sports & Outdoors,TikTok,Consumer,Refunded,Cancelled,49,26390.93,14376.89,1.76
Sports & Outdoors,TikTok,Premium,Failed,Cancelled,20,14178.96,7339.85,57.38
Sports & Outdoors,TikTok,Premium,Paid,Cancelled,3,1260.86,700.67,28.87
Sports & Outdoors,TikTok,Premium,Paid,Delayed,32,20475.32,9891.69,128.24
Sports & Outdoors,TikTok,Premium,Paid,Early,19,10059.09,3703.42,148.87
Sports & Outdoors,TikTok,Premium,Paid,On Time,159,95767.82,40296.44,148.65
Sports & Outdoors,TikTok,Premium,Pending,Cancelled,5,2497.98,757.39,208.96
Sports & Outdoors,TikTok,Premium,Pending,Delayed,2,2195.51,930.6,425.5
Sports & Outdoors,TikTok,Premium,Pending,Early,3,1628.78,230.62,327.87
Sports & Outdoors,TikTok,Premium,Pending,On Time,24,11360.7,3487.4,148.33
Sports & Outdoors,TikTok,Premium,Refunded,Cancelled,27,11745.93,6328.42,6.51
Sports & Outdoors,TikTok,VIP,Failed,Cancelled,8,4264.71,2312.66,79.68
Sports & Outdoors,TikTok,VIP,Paid,Cancelled,1,62.07,21.33,0.09
Sports & Outdoors,TikTok,VIP,Paid,Delayed,13,5391.43,1729.72,168.74
Sports & Outdoors,TikTok,VIP,Paid,Early,5,1684.66,693.13,63.09
Sports & Outdoors,TikTok,VIP,Paid,On Time,51,26549.37,12077.01,115.09
Sports & Outdoors,TikTok,VIP,Pending,Early,1,190.89,72.83,21.34
Sports & Outdoors,TikTok,VIP,Pending,On Time,7,3346.75,1242.16,139.29
Sports & Outdoors,TikTok,VIP,Refunded,Cancelled,5,3164.79,1573.06,0.0
Sports & Outdoors,YouTube,Business,Failed,Cancelled,3,2326.14,1527.68,0.0
Sports & Outdoors,YouTube,Business,Paid,Delayed,10,6792.78,2977.18,143.82
Sports & Outdoors,YouTube,Business,Paid,Early,7,6946.84,3156.43,167.47
Sports & Outdoors,YouTube,Business,Paid,On Time,45,25766.72,10794.24,134.08
Sports & Outdoors,YouTube,Business,Pending,Cancelled,1,173.55,80.52,13.38
Sports & Outdoors,YouTube,Business,Pending,Early,1,132.27,60.97,2.27
Sports & Outdoors,YouTube,Business,Pending,On Time,3,2981.72,1701.46,46.36
Sports & Outdoors,YouTube,Business,Refunded,Cancelled,7,4119.07,2083.59,0.0
Sports & Outdoors,YouTube,Consumer,Failed,Cancelled,33,26130.75,14247.42,23.6
Sports & Outdoors,YouTube,Consumer,Paid,Cancelled,9,3185.24,1047.5,110.8
Sports & Outdoors,YouTube,Consumer,Paid,Delayed,45,31411.71,15292.11,110.97
Sports & Outdoors,YouTube,Consumer,Paid,Early,31,20541.96,8674.47,161.49
Sports & Outdoors,YouTube,Consumer,Paid,On Time,257,148992.85,67798.51,105.77
Sports & Outdoors,YouTube,Consumer,Pending,Cancelled,9,4842.46,1876.46,192.36
Sports & Outdoors,YouTube,Consumer,Pending,Delayed,9,4317.07,1768.22,94.65
Sports & Outdoors,YouTube,Consumer,Pending,Early,1,2108.3,856.23,355.8
Sports & Outdoors,YouTube,Consumer,Pending,On Time,22,9032.61,3829.09,67.83
Sports & Outdoors,YouTube,Consumer,Refunded,Cancelled,38,25998.38,14209.77,6.42
Sports & Outdoors,YouTube,Premium,Failed,Cancelled,12,8368.38,4263.01,25.65
Sports & Outdoors,YouTube,Premium,Paid,Cancelled,4,4143.84,2123.41,67.54
Sports & Outdoors,YouTube,Premium,Paid,Delayed,22,11966.56,4838.79,119.26
Sports & Outdoors,YouTube,Premium,Paid,Early,16,12871.4,5408.17,166.05
Sports & Outdoors,YouTube,Premium,Paid,On Time,112,66729.62,28316.4,122.83
Sports & Outdoors,YouTube,Premium,Pending,Cancelled,2,1092.25,630.45,94.0
Sports & Outdoors,YouTube,Premium,Pending,Delayed,4,1545.88,712.97,72.82
Sports & Outdoors,YouTube,Premium,Pending,Early,1,1284.12,629.42,550.49
Sports & Outdoors,YouTube,Premium,Pending,On Time,17,8591.92,4430.56,83.75
Sports & Outdoors,YouTube,Premium,Refunded,Cancelled,18,10441.23,5981.13,0.0
Sports & Outdoors,YouTube,VIP,Failed,Cancelled,4,3188.17,1803.87,83.88
Sports & Outdoors,YouTube,VIP,Paid,Delayed,14,9181.83,3427.69,195.48
Sports & Outdoors,YouTube,VIP,Paid,Early,3,976.35,471.0,28.25
Sports & Outdoors,YouTube,VIP,Paid,On Time,50,28731.98,12408.26,126.73
Sports & Outdoors,YouTube,VIP,Pending,Cancelled,2,592.39,251.74,29.81
Sports & Outdoors,YouTube,VIP,Pending,Delayed,2,518.35,187.58,51.3
Sports & Outdoors,YouTube,VIP,Refunded,Cancelled,8,3990.63,2256.82,0.0
Toys & Games,Affiliate,Business,Failed,Cancelled,6,1498.72,888.54,2.26
Toys & Games,Affiliate,Business,Paid,Cancelled,3,961.49,483.57,101.78
Toys & Games,Affiliate,Business,Paid,Delayed,10,2861.46,1427.61,41.83
Toys & Games,Affiliate,Business,Paid,Early,4,770.45,378.39,73.62
Toys & Games,Affiliate,Business,Paid,On Time,66,16662.35,8605.42,44.5
Toys & Games,Affiliate,Business,Pending,Cancelled,2,508.91,220.35,81.07
Toys & Games,Affiliate,Business,Pending,Early,2,339.27,203.37,17.38
Toys & Games,Affiliate,Business,Pending,On Time,4,415.6,160.11,31.05
Toys & Games,Affiliate,Business,Refunded,Cancelled,8,2414.69,1383.88,0.0
Toys & Games,Affiliate,Consumer,Failed,Cancelled,38,9653.17,5446.92,4.42
Toys & Games,Affiliate,Consumer,Paid,Cancelled,7,614.04,345.47,17.43
Toys & Games,Affiliate,Consumer,Paid,Delayed,70,13779.24,6349.47,40.75
Toys & Games,Affiliate,Consumer,Paid,Early,45,9930.9,4728.01,45.96
Toys & Games,Affiliate,Consumer,Paid,On Time,377,88158.26,45449.35,42.72
Toys & Games,Affiliate,Consumer,Pending,Cancelled,12,2590.24,1286.94,34.42
Toys & Games,Affiliate,Consumer,Pending,Delayed,5,808.88,347.1,31.36
Toys & Games,Affiliate,Consumer,Pending,Early,3,715.14,425.69,13.79
Toys & Games,Affiliate,Consumer,Pending,On Time,34,8173.82,4097.04,34.36
Toys & Games,Affiliate,Consumer,Refunded,Cancelled,38,10174.5,5855.52,2.11
Toys & Games,Affiliate,Premium,Failed,Cancelled,19,4665.24,2675.79,1.1
Toys & Games,Affiliate,Premium,Paid,Cancelled,4,767.01,371.47,74.03
Toys & Games,Affiliate,Premium,Paid,Delayed,34,7141.11,3271.43,60.57
Toys & Games,Affiliate,Premium,Paid,Early,25,5482.42,2227.09,69.53
Toys & Games,Affiliate,Premium,Paid,On Time,177,41766.36,21656.22,42.09
Toys & Games,Affiliate,Premium,Pending,Cancelled,4,1477.39,837.66,44.87
Toys & Games,Affiliate,Premium,Pending,Delayed,4,477.45,225.18,24.14
Toys & Games,Affiliate,Premium,Pending,Early,1,34.08,14.0,6.62
Toys & Games,Affiliate,Premium,Pending,On Time,20,3470.15,1793.87,39.17
Toys & Games,Affiliate,Premium,Refunded,Cancelled,18,4294.86,2569.11,0.4
Toys & Games,Affiliate,VIP,Failed,Cancelled,11,2448.2,1318.99,8.94
Toys & Games,Affiliate,VIP,Paid,Cancelled,4,743.82,409.79,47.36
Toys & Games,Affiliate,VIP,Paid,Delayed,14,4017.61,1874.7,59.67
Toys & Games,Affiliate,VIP,Paid,Early,10,1917.13,986.38,32.77
Toys & Games,Affiliate,VIP,Paid,On Time,69,18598.18,8950.53,52.47
Toys & Games,Affiliate,VIP,Pending,Cancelled,1,634.8,341.38,80.64
Toys & Games,Affiliate,VIP,Pending,Delayed,1,463.91,251.18,106.15
Toys & Games,Affiliate,VIP,Pending,On Time,5,1268.31,607.18,30.89
Toys & Games,Affiliate,VIP,Refunded,Cancelled,9,2379.9,1352.75,0.0
Toys & Games,Direct,Business,Failed,Cancelled,28,8014.02,4759.06,1.78
Toys & Games,Direct,Business,Paid,Cancelled,6,1358.02,712.51,30.08
Toys & Games,Direct,Business,Paid,Delayed,40,9082.09,4674.79,33.34
Toys & Games,Direct,Business,Paid,Early,32,6659.47,3231.33,39.33
Toys & Games,Direct,Business,Paid,On Time,182,40719.97,20875.76,38.71
Toys & Games,Direct,Business,Pending,Cancelled,7,954.58,505.43,14.49
Toys & Games,Direct,Business,Pending,Delayed,2,407.79,253.96,3.25
Toys & Games,Direct,Business,Pending,Early,2,115.61,59.82,2.9
Toys & Games,Direct,Business,Pending,On Time,21,4615.34,2283.81,43.58
Toys & Games,Direct,Business,Refunded,Cancelled,23,4835.02,2810.43,0.37
Toys & Games,Direct,Consumer,Failed,Cancelled,142,33133.4,18787.34,8.94
Toys & Games,Direct,Consumer,Paid,Cancelled,31,7527.38,3880.52,42.24
Toys & Games,Direct,Consumer,Paid,Delayed,227,50108.38,25652.14,40.08
Toys & Games,Direct,Consumer,Paid,Early,117,27367.82,14153.92,37.07
Toys & Games,Direct,Consumer,Paid,On Time,1097,240473.58,122639.35,36.84
Toys & Games,Direct,Consumer,Pending,Cancelled,39,9577.8,4616.65,49.06
Toys & Games,Direct,Consumer,Pending,Delayed,12,2838.73,1433.18,29.3
Toys & Games,Direct,Consumer,Pending,Early,20,4812.53,2420.43,51.5
Toys & Games,Direct,Consumer,Pending,On Time,120,28799.35,15112.14,32.98
Toys & Games,Direct,Consumer,Refunded,Cancelled,138,37684.8,22057.21,5.09
Toys & Games,Direct,Premium,Failed,Cancelled,74,17725.4,10195.8,9.97
Toys & Games,Direct,Premium,Paid,Cancelled,16,3315.13,1483.75,56.82
Toys & Games,Direct,Premium,Paid,Delayed,102,21141.21,10024.57,56.71
Toys & Games,Direct,Premium,Paid,Early,58,12783.68,6215.44,45.04
Toys & Games,Direct,Premium,Paid,On Time,502,101291.15,48356.78,49.75
Toys & Games,Direct,Premium,Pending,Cancelled,21,3140.06,1500.34,45.64
Toys & Games,Direct,Premium,Pending,Delayed,10,1645.27,916.72,40.87
Toys & Games,Direct,Premium,Pending,Early,10,2058.41,1113.1,29.81
Toys & Games,Direct,Premium,Pending,On Time,53,12606.91,5722.6,67.85
Toys & Games,Direct,Premium,Refunded,Cancelled,65,16418.37,9723.84,7.46
Toys & Games,Direct,VIP,Failed,Cancelled,24,6711.65,4198.6,11.82
Toys & Games,Direct,VIP,Paid,Cancelled,8,1627.14,718.26,53.2
Toys & Games,Direct,VIP,Paid,Delayed,36,8045.3,3877.58,54.02
Toys & Games,Direct,VIP,Paid,Early,27,6632.38,3218.93,55.46
Toys & Games,Direct,VIP,Paid,On Time,217,47452.31,23362.18,52.68
Toys & Games,Direct,VIP,Pending,Cancelled,5,830.98,330.81,73.68
Toys & Games,Direct,VIP,Pending,Delayed,4,539.0,276.06,13.41
Toys & Games,Direct,VIP,Pending,Early,2,682.08,323.46,58.98
Toys & Games,Direct,VIP,Pending,On Time,18,4099.87,2022.12,30.39
Toys & Games,Direct,VIP,Refunded,Cancelled,32,9285.32,5612.3,0.05
Toys & Games,Email Marketing,Business,Failed,Cancelled,19,5707.49,3262.0,14.8
Toys & Games,Email Marketing,Business,Paid,Cancelled,1,168.08,106.64,15.45
Toys & Games,Email Marketing,Business,Paid,Delayed,20,5799.37,2958.77,55.8
Toys & Games,Email Marketing,Business,Paid,Early,17,2870.25,1314.82,50.77
Toys & Games,Email Marketing,Business,Paid,On Time,123,28223.38,14112.48,41.24
Toys & Games,Email Marketing,Business,Pending,Cancelled,4,615.55,316.07,33.63
Toys & Games,Email Marketing,Business,Pending,Delayed,3,584.93,324.7,10.59
Toys & Games,Email Marketing,Business,Pending,Early,1,67.31,27.69,5.72
Toys & Games,Email Marketing,Business,Pending,On Time,16,2706.33,1400.65,32.22
Toys & Games,Email Marketing,Business,Refunded,Cancelled,9,2215.21,1336.84,1.61
Toys & Games,Email Marketing,Consumer,Failed,Cancelled,82,17160.04,9756.6,5.43
Toys & Games,Email Marketing,Consumer,Paid,Cancelled,14,2686.31,1364.28,25.54
Toys & Games,Email Marketing,Consumer,Paid,Delayed,108,24555.36,12147.66,40.42
Toys & Games,Email Marketing,Consumer,Paid,Early,68,17698.15,8863.31,51.17
Toys & Games,Email Marketing,Consumer,Paid,On Time,660,165199.73,85341.29,39.33
Toys & Games,Email Marketing,Consumer,Pending,Cancelled,20,2746.99,1516.51,21.21
Toys & Games,Email Marketing,Consumer,Pending,Delayed,6,1293.97,677.83,16.5
Toys & Games,Email Marketing,Consumer,Pending,Early,6,838.79,389.54,16.1
Toys & Games,Email Marketing,Consumer,Pending,On Time,55,13811.06,7283.94,39.81
Toys & Games,Email Marketing,Consumer,Refunded,Cancelled,68,12453.03,7213.1,0.79
Toys & Games,Email Marketing,Premium,Failed,Cancelled,27,5901.63,3424.15,20.31
Toys & Games,Email Marketing,Premium,Paid,Cancelled,6,2402.01,1210.74,58.12
Toys & Games,Email Marketing,Premium,Paid,Delayed,52,14480.7,7244.18,57.01
Toys & Games,Email Marketing,Premium,Paid,Early,27,6438.89,2998.38,57.7
Toys & Games,Email Marketing,Premium,Paid,On Time,279,62421.26,30684.48,48.83
Toys & Games,Email Marketing,Premium,Pending,Cancelled,14,3584.02,1635.76,75.0
Toys & Games,Email Marketing,Premium,Pending,Delayed,9,1349.26,565.32,48.58
Toys & Games,Email Marketing,Premium,Pending,Early,3,414.01,221.73,26.71
Toys & Games,Email Marketing,Premium,Pending,On Time,44,9349.94,4734.0,51.24
Toys & Games,Email Marketing,Premium,Refunded,Cancelled,34,6539.57,3804.11,3.74
Toys & Games,Email Marketing,VIP,Failed,Cancelled,17,2845.48,1534.95,4.58
Toys & Games,Email Marketing,VIP,Paid,Cancelled,4,825.14,237.3,154.26
Toys & Games,Email Marketing,VIP,Paid,Delayed,13,3394.76,1620.4,57.18
Toys & Games,Email Marketing,VIP,Paid,Early,12,2947.22,1598.61,40.29
Toys & Games,Email Marketing,VIP,Paid,On Time,116,26168.1,12391.18,55.93
Toys & Games,Email Marketing,VIP,Pending,Cancelled,3,799.89,377.85,82.74
Toys & Games,Email Marketing,VIP,Pending,Delayed,8,1595.8,660.88,87.68
Toys & Games,Email Marketing,VIP,Pending,On Time,15,3525.49,1763.31,73.93
Toys & Games,Email Marketing,VIP,Refunded,Cancelled,14,2605.87,1479.37,0.0
Toys & Games,Facebook Ads,Business,Failed,Cancelled,28,9932.18,5562.98,20.46
Toys & Games,Facebook Ads,Business,Paid,Cancelled,7,1208.78,642.41,23.32
Toys & Games,Facebook Ads,Business,Paid,Delayed,35,7634.8,3634.93,41.75
Toys & Games,Facebook Ads,Business,Paid,Early,17,3281.9,1721.52,22.67
Toys & Games,Facebook Ads,Business,Paid,On Time,158,35347.15,17803.69,38.79
Toys & Games,Facebook Ads,Business,Pending,Cancelled,9,1547.95,870.03,28.1
Toys & Games,Facebook Ads,Business,Pending,Delayed,2,279.08,172.89,7.18
Toys & Games,Facebook Ads,Business,Pending,Early,2,462.09,175.94,65.69
Toys & Games,Facebook Ads,Business,Pending,On Time,12,2763.68,1560.85,24.07
Toys & Games,Facebook Ads,Business,Refunded,Cancelled,29,6266.73,3541.03,2.98
Toys & Games,Facebook Ads,Consumer,Failed,Cancelled,121,26658.39,15216.37,7.87
Toys & Games,Facebook Ads,Consumer,Paid,Cancelled,28,5358.89,2449.4,51.21
Toys & Games,Facebook Ads,Consumer,Paid,Delayed,159,35376.35,17494.82,39.52
Toys & Games,Facebook Ads,Consumer,Paid,Early,85,17845.32,8326.3,50.0
Toys & Games,Facebook Ads,Consumer,Paid,On Time,891,207213.38,104851.34,40.46
Toys & Games,Facebook Ads,Consumer,Pending,Cancelled,35,9348.31,4743.44,55.9
Toys & Games,Facebook Ads,Consumer,Pending,Delayed,22,6780.56,3403.77,45.9
Toys & Games,Facebook Ads,Consumer,Pending,Early,15,2321.03,1131.23,22.84
Toys & Games,Facebook Ads,Consumer,Pending,On Time,97,20974.97,10762.74,32.82
Toys & Games,Facebook Ads,Consumer,Refunded,Cancelled,111,25813.31,14900.85,4.43
Toys & Games,Facebook Ads,Premium,Failed,Cancelled,61,12680.55,7060.81,12.87
Toys & Games,Facebook Ads,Premium,Paid,Cancelled,15,2549.11,1227.46,55.38
Toys & Games,Facebook Ads,Premium,Paid,Delayed,85,19666.25,9280.13,58.5
Toys & Games,Facebook Ads,Premium,Paid,Early,58,11028.5,5145.69,51.41
Toys & Games,Facebook Ads,Premium,Paid,On Time,399,87421.4,41160.99,55.1
Toys & Games,Facebook Ads,Premium,Pending,Cancelled,19,4725.46,2121.24,64.21
Toys & Games,Facebook Ads,Premium,Pending,Delayed,8,2147.85,1007.31,53.8
Toys & Games,Facebook Ads,Premium,Pending,Early,3,945.82,548.67,39.29
Toys & Games,Facebook Ads,Premium,Pending,On Time,49,9549.97,5240.82,37.97
Toys & Games,Facebook Ads,Premium,Refunded,Cancelled,54,14055.08,8209.49,5.44
Toys & Games,Facebook Ads,VIP,Failed,Cancelled,21,4633.21,2754.3,5.4
Toys & Games,Facebook Ads,VIP,Paid,Cancelled,4,1778.98,856.14,215.61
Toys & Games,Facebook Ads,VIP,Paid,Delayed,24,5060.4,2529.43,40.47
Toys & Games,Facebook Ads,VIP,Paid,Early,21,6079.33,3121.81,42.9
Toys & Games,Facebook Ads,VIP,Paid,On Time,169,34744.63,17075.09,44.46
Toys & Games,Facebook Ads,VIP,Pending,Cancelled,7,1279.82,637.17,43.13
Toys & Games,Facebook Ads,VIP,Pending,Delayed,6,1156.72,462.97,64.43
Toys & Games,Facebook Ads,VIP,Pending,Early,4,1281.73,733.4,57.47
Toys & Games,Facebook Ads,VIP,Pending,On Time,17,2949.21,1261.17,53.3
Toys & Games,Facebook Ads,VIP,Refunded,Cancelled,20,3468.11,1998.75,0.0
Toys & Games,Google Ads,Business,Failed,Cancelled,24,4947.88,2477.78,27.77
Toys & Games,Google Ads,Business,Paid,Cancelled,6,648.42,269.73,32.02
Toys & Games,Google Ads,Business,Paid,Delayed,25,3005.28,1561.5,19.31
Toys & Games,Google Ads,Business,Paid,Early,21,4767.91,2420.25,35.5
Toys & Games,Google Ads,Business,Paid,On Time,197,42753.17,21545.79,38.26
Toys & Games,Google Ads,Business,Pending,Cancelled,6,865.63,368.19,35.34
Toys & Games,Google Ads,Business,Pending,Delayed,5,1379.58,711.32,55.83
Toys & Games,Google Ads,Business,Pending,Early,2,239.18,110.88,27.56
Toys & Games,Google Ads,Business,Pending,On Time,20,4004.17,2075.49,35.86
Toys & Games,Google Ads,Business,Refunded,Cancelled,26,6715.83,3853.26,10.56
Toys & Games,Google Ads,Consumer,Failed,Cancelled,170,39019.89,22168.93,9.59
Toys & Games,Google Ads,Consumer,Paid,Cancelled,43,9869.12,5270.41,30.4
Toys & Games,Google Ads,Consumer,Paid,Delayed,224,50265.86,25229.14,34.13
Toys & Games,Google Ads,Consumer,Paid,Early,115,26080.32,13277.81,39.57
Toys & Games,Google Ads,Consumer,Paid,On Time,1135,253258.46,127403.67,36.55
Toys & Games,Google Ads,Consumer,Pending,Cancelled,37,5762.74,2872.93,25.49
Toys & Games,Google Ads,Consumer,Pending,Delayed,27,6998.75,3467.36,45.81
Toys & Games,Google Ads,Consumer,Pending,Early,11,2093.4,941.35,51.2
Toys & Games,Google Ads,Consumer,Pending,On Time,125,29615.88,15165.88,38.79
Toys & Games,Google Ads,Consumer,Refunded,Cancelled,137,39220.95,23025.87,1.37
Toys & Games,Google Ads,Premium,Failed,Cancelled,64,16307.17,9172.01,9.64
Toys & Games,Google Ads,Premium,Paid,Cancelled,13,3188.43,1386.84,84.14
Toys & Games,Google Ads,Premium,Paid,Delayed,95,20291.27,9727.59,61.79
Toys & Games,Google Ads,Premium,Paid,Early,51,12195.4,5907.86,57.11
Toys & Games,Google Ads,Premium,Paid,On Time,532,123765.02,60779.32,53.99
Toys & Games,Google Ads,Premium,Pending,Cancelled,19,3919.49,1875.22,45.63
Toys & Games,Google Ads,Premium,Pending,Delayed,4,446.75,249.45,19.41
Toys & Games,Google Ads,Premium,Pending,Early,6,959.02,452.66,30.37
Toys & Games,Google Ads,Premium,Pending,On Time,68,17028.04,8286.28,55.77
Toys & Games,Google Ads,Premium,Refunded,Cancelled,55,11471.28,6677.18,7.35
Toys & Games,Google Ads,VIP,Failed,Cancelled,34,8298.22,4393.29,36.16
Toys & Games,Google Ads,VIP,Paid,Cancelled,3,1153.71,395.91,192.72
Toys & Games,Google Ads,VIP,Paid,Delayed,45,7688.53,4094.32,32.35
Toys & Games,Google Ads,VIP,Paid,Early,27,5769.6,2794.58,59.42
Toys & Games,Google Ads,VIP,Paid,On Time,205,48650.92,24528.24,50.45
Toys & Games,Google Ads,VIP,Pending,Cancelled,4,1430.94,716.48,84.97
Toys & Games,Google Ads,VIP,Pending,Delayed,2,1214.59,628.54,81.32
Toys & Games,Google Ads,VIP,Pending,Early,4,1294.83,722.56,71.2
Toys & Games,Google Ads,VIP,Pending,On Time,24,6739.02,2681.87,90.91
Toys & Games,Google Ads,VIP,Refunded,Cancelled,19,3789.8,2265.22,0.52
Toys & Games,Instagram,Business,Failed,Cancelled,29,7497.9,4172.33,9.62
Toys & Games,Instagram,Business,Paid,Cancelled,2,210.76,87.07,17.38
Toys & Games,Instagram,Business,Paid,Delayed,25,5924.33,3044.99,30.62
Toys & Games,Instagram,Business,Paid,Early,11,3122.41,1713.04,40.7
Toys & Games,Instagram,Business,Paid,On Time,118,29632.09,14854.39,43.48
Toys & Games,Instagram,Business,Pending,Cancelled,9,1307.03,659.16,21.82
Toys & Games,Instagram,Business,Pending,Delayed,3,510.07,138.51,77.58
Toys & Games,Instagram,Business,Pending,Early,3,613.48,336.14,23.69
Toys & Games,Instagram,Business,Pending,On Time,11,2142.37,1084.29,38.52
Toys & Games,Instagram,Business,Refunded,Cancelled,11,2252.85,1353.18,0.0
Toys & Games,Instagram,Consumer,Failed,Cancelled,105,23127.36,13072.83,9.66
Toys & Games,Instagram,Consumer,Paid,Cancelled,20,4731.74,2456.04,30.42
Toys & Games,Instagram,Consumer,Paid,Delayed,161,35987.64,18404.44,35.72
Toys & Games,Instagram,Consumer,Paid,Early,88,18690.92,9172.96,35.14
Toys & Games,Instagram,Consumer,Paid,On Time,743,171949.77,87211.11,39.12
Toys & Games,Instagram,Consumer,Pending,Cancelled,26,4618.95,2410.57,26.07
Toys & Games,Instagram,Consumer,Pending,Delayed,14,3620.4,1771.92,57.76
Toys & Games,Instagram,Consumer,Pending,Early,7,1179.87,621.24,13.01
Toys & Games,Instagram,Consumer,Pending,On Time,80,16956.01,8664.51,31.21
Toys & Games,Instagram,Consumer,Refunded,Cancelled,66,17087.22,10375.31,2.26
Toys & Games,Instagram,Premium,Failed,Cancelled,44,9927.46,5513.27,21.29
Toys & Games,Instagram,Premium,Paid,Cancelled,10,1829.6,677.6,56.91
Toys & Games,Instagram,Premium,Paid,Delayed,82,17889.23,9082.53,47.14
Toys & Games,Instagram,Premium,Paid,Early,31,6297.0,3239.37,40.73
Toys & Games,Instagram,Premium,Paid,On Time,352,73113.84,35486.71,53.39
Toys & Games,Instagram,Premium,Pending,Cancelled,6,1609.43,744.93,62.89
Toys & Games,Instagram,Premium,Pending,Delayed,6,1457.29,533.49,69.3
Toys & Games,Instagram,Premium,Pending,Early,6,1428.03,725.41,29.75
Toys & Games,Instagram,Premium,Pending,On Time,46,11063.96,5014.92,77.08
Toys & Games,Instagram,Premium,Refunded,Cancelled,46,11944.5,6881.14,6.38
Toys & Games,Instagram,VIP,Failed,Cancelled,19,4425.54,2632.8,16.66
Toys & Games,Instagram,VIP,Paid,Cancelled,3,709.44,241.36,87.17
Toys & Games,Instagram,VIP,Paid,Delayed,18,4180.98,2193.44,35.44
Toys & Games,Instagram,VIP,Paid,Early,16,2623.81,1171.36,40.99
Toys & Games,Instagram,VIP,Paid,On Time,139,29506.81,14243.71,52.55
Toys & Games,Instagram,VIP,Pending,Cancelled,4,403.24,200.1,24.91
Toys & Games,Instagram,VIP,Pending,Delayed,5,664.21,366.42,25.24
Toys & Games,Instagram,VIP,Pending,On Time,11,3232.3,1616.37,57.85
Toys & Games,Instagram,VIP,Refunded,Cancelled,16,4790.2,2927.5,0.0
Toys & Games,Organic Search,Business,Failed,Cancelled,27,6856.37,3909.46,4.09
Toys & Games,Organic Search,Business,Paid,Cancelled,3,1033.49,566.99,80.36
Toys & Games,Organic Search,Business,Paid,Delayed,54,9313.49,4764.45,33.08
Toys & Games,Organic Search,Business,Paid,Early,29,6973.02,3527.21,45.59
Toys & Games,Organic Search,Business,Paid,On Time,290,62419.5,31344.4,34.86
Toys & Games,Organic Search,Business,Pending,Cancelled,5,1403.62,746.84,43.71
Toys & Games,Organic Search,Business,Pending,Delayed,4,1450.74,804.16,23.79
Toys & Games,Organic Search,Business,Pending,Early,5,1756.97,850.79,56.8
Toys & Games,Organic Search,Business,Pending,On Time,27,5716.99,2970.02,32.34
Toys & Games,Organic Search,Business,Refunded,Cancelled,33,7631.29,4147.99,5.8
Toys & Games,Organic Search,Consumer,Failed,Cancelled,166,35943.94,20340.03,10.05
Toys & Games,Organic Search,Consumer,Paid,Cancelled,39,8068.31,3859.4,39.77
Toys & Games,Organic Search,Consumer,Paid,Delayed,307,63407.9,31699.58,37.41
Toys & Games,Organic Search,Consumer,Paid,Early,185,42021.06,21755.84,31.79
Toys & Games,Organic Search,Consumer,Paid,On Time,1536,355630.07,182240.93,38.61
Toys & Games,Organic Search,Consumer,Pending,Cancelled,61,10754.58,5309.24,31.21
Toys & Games,Organic Search,Consumer,Pending,Delayed,39,7281.01,3824.83,29.95
Toys & Games,Organic Search,Consumer,Pending,Early,19,4331.26,1900.19,56.31
Toys & Games,Organic Search,Consumer,Pending,On Time,178,43420.17,22888.87,33.7
Toys & Games,Organic Search,Consumer,Refunded,Cancelled,178,40182.27,23283.06,1.66
Toys & Games,Organic Search,Premium,Failed,Cancelled,102,25703.66,15190.24,6.29
Toys & Games,Organic Search,Premium,Paid,Cancelled,14,3538.59,1789.7,35.68
Toys & Games,Organic Search,Premium,Paid,Delayed,136,26565.37,12824.46,48.74
Toys & Games,Organic Search,Premium,Paid,Early,60,12236.19,5830.03,47.2
Toys & Games,Organic Search,Premium,Paid,On Time,651,145208.98,70195.1,53.84
Toys & Games,Organic Search,Premium,Pending,Cancelled,19,4291.88,2328.19,20.3
Toys & Games,Organic Search,Premium,Pending,Delayed,21,5365.55,2594.48,60.94
Toys & Games,Organic Search,Premium,Pending,Early,11,2038.77,1009.14,33.8
Toys & Games,Organic Search,Premium,Pending,On Time,71,14536.43,6827.75,58.62
Toys & Games,Organic Search,Premium,Refunded,Cancelled,83,21431.55,12554.1,8.94
Toys & Games,Organic Search,VIP,Failed,Cancelled,33,8110.42,4949.51,3.06
Toys & Games,Organic Search,VIP,Paid,Cancelled,3,793.87,433.26,48.57
Toys & Games,Organic Search,VIP,Paid,Delayed,54,14169.96,6539.43,73.76
Toys & Games,Organic Search,VIP,Paid,Early,36,7653.25,3636.69,44.67
Toys & Games,Organic Search,VIP,Paid,On Time,312,65594.02,33110.04,41.77
Toys & Games,Organic Search,VIP,Pending,Cancelled,11,1980.58,890.43,64.16
Toys & Games,Organic Search,VIP,Pending,Delayed,7,1508.36,749.88,69.53
Toys & Games,Organic Search,VIP,Pending,Early,2,343.77,62.68,86.89
Toys & Games,Organic Search,VIP,Pending,On Time,28,6346.62,3335.09,53.93
Toys & Games,Organic Search,VIP,Refunded,Cancelled,34,7596.79,4447.01,0.44
Toys & Games,Referral,Business,Failed,Cancelled,16,3821.52,1992.68,19.28
Toys & Games,Referral,Business,Paid,Delayed,28,4860.12,2273.17,29.81
Toys & Games,Referral,Business,Paid,Early,17,3564.48,1900.76,29.16
Toys & Games,Referral,Business,Paid,On Time,118,26214.95,13593.99,39.18
Toys & Games,Referral,Business,Pending,Cancelled,3,1096.68,678.53,18.58
Toys & Games,Referral,Business,Pending,Delayed,4,472.68,248.3,12.83
Toys & Games,Referral,Business,Pending,On Time,13,2399.64,1116.36,31.77
Toys & Games,Referral,Business,Refunded,Cancelled,14,2662.89,1497.45,1.83
Toys & Games,Referral,Consumer,Failed,Cancelled,89,21192.37,12154.56,6.18
Toys & Games,Referral,Consumer,Paid,Cancelled,12,2264.88,1099.17,36.98
Toys & Games,Referral,Consumer,Paid,Delayed,114,25960.97,12786.37,44.48
Toys & Games,Referral,Consumer,Paid,Early,68,15314.39,7766.14,34.33
Toys & Games,Referral,Consumer,Paid,On Time,661,151149.01,78542.45,34.81
Toys & Games,Referral,Consumer,Pending,Cancelled,24,5344.95,2848.26,30.74
Toys & Games,Referral,Consumer,Pending,Delayed,13,2044.42,1112.45,21.78
Toys & Games,Referral,Consumer,Pending,Early,6,961.05,509.65,14.65
Toys & Games,Referral,Consumer,Pending,On Time,71,14940.74,7479.15,38.39
Toys & Games,Referral,Consumer,Refunded,Cancelled,68,18819.42,11171.87,2.21
Toys & Games,Referral,Premium,Failed,Cancelled,63,13462.08,7862.96,11.55
Toys & Games,Referral,Premium,Paid,Cancelled,3,359.69,182.32,17.91
Toys & Games,Referral,Premium,Paid,Delayed,44,8861.23,4393.62,45.98
Toys & Games,Referral,Premium,Paid,Early,35,8738.77,4294.98,58.38
Toys & Games,Referral,Premium,Paid,On Time,292,59026.57,29170.08,45.92
Toys & Games,Referral,Premium,Pending,Cancelled,7,1556.29,936.49,25.72
Toys & Games,Referral,Premium,Pending,Delayed,5,1201.26,725.32,15.48
Toys & Games,Referral,Premium,Pending,Early,4,396.2,213.98,8.15
Toys & Games,Referral,Premium,Pending,On Time,26,5696.62,3123.54,47.62
Toys & Games,Referral,Premium,Refunded,Cancelled,28,8747.65,5013.09,15.41
Toys & Games,Referral,VIP,Failed,Cancelled,11,2121.74,1169.0,0.35
Toys & Games,Referral,VIP,Paid,Cancelled,1,178.5,94.3,12.68
Toys & Games,Referral,VIP,Paid,Delayed,25,5277.87,2605.07,49.64
Toys & Games,Referral,VIP,Paid,Early,15,2878.98,1393.57,59.55
Toys & Games,Referral,VIP,Paid,On Time,119,26190.77,13329.62,45.71
Toys & Games,Referral,VIP,Pending,Cancelled,2,96.1,48.12,3.59
Toys & Games,Referral,VIP,Pending,Delayed,2,238.35,106.46,31.6
Toys & Games,Referral,VIP,Pending,On Time,10,1841.07,987.94,31.83
Toys & Games,Referral,VIP,Refunded,Cancelled,10,2358.22,1397.96,1.21
Toys & Games,TikTok,Business,Failed,Cancelled,7,1388.6,784.78,0.0
Toys & Games,TikTok,Business,Paid,Delayed,11,1855.39,832.16,35.88
Toys & Games,TikTok,Business,Paid,Early,10,2990.13,1424.99,50.11
Toys & Games,TikTok,Business,Paid,On Time,53,12988.35,6687.81,41.27
Toys & Games,TikTok,Business,Pending,Cancelled,2,216.55,111.88,5.18
Toys & Games,TikTok,Business,Pending,On Time,3,756.32,381.91,32.25
Toys & Games,TikTok,Business,Refunded,Cancelled,6,1695.19,924.58,0.0
Toys & Games,TikTok,Consumer,Failed,Cancelled,40,9981.57,5835.48,9.24
Toys & Games,TikTok,Consumer,Paid,Cancelled,10,1581.73,834.23,19.47
Toys & Games,TikTok,Consumer,Paid,Delayed,53,11886.76,6002.69,45.82
Toys & Games,TikTok,Consumer,Paid,Early,36,9333.0,4291.04,63.57
Toys & Games,TikTok,Consumer,Paid,On Time,292,62360.37,31062.51,35.49
Toys & Games,TikTok,Consumer,Pending,Cancelled,10,1752.47,910.8,27.16
Toys & Games,TikTok,Consumer,Pending,Delayed,5,598.63,274.4,24.55
Toys & Games,TikTok,Consumer,Pending,Early,2,314.67,167.33,23.44
Toys & Games,TikTok,Consumer,Pending,On Time,29,5645.33,2840.65,25.37
Toys & Games,TikTok,Consumer,Refunded,Cancelled,27,7852.86,4791.21,4.88
Toys & Games,TikTok,Premium,Failed,Cancelled,19,4657.9,2731.88,7.25
Toys & Games,TikTok,Premium,Paid,Cancelled,1,183.09,99.29,10.3
Toys & Games,TikTok,Premium,Paid,Delayed,26,4448.97,2066.29,38.57
Toys & Games,TikTok,Premium,Paid,Early,16,3443.66,1686.12,49.25
Toys & Games,TikTok,Premium,Paid,On Time,158,35090.22,15626.89,67.54
Toys & Games,TikTok,Premium,Pending,Cancelled,5,1258.23,572.35,68.05
Toys & Games,TikTok,Premium,Pending,Delayed,3,1041.24,580.0,29.0
Toys & Games,TikTok,Premium,Pending,Early,2,309.39,184.59,9.19
Toys & Games,TikTok,Premium,Pending,On Time,12,2270.39,1226.23,26.64
Toys & Games,TikTok,Premium,Refunded,Cancelled,17,3620.23,2067.09,17.93
Toys & Games,TikTok,VIP,Failed,Cancelled,7,1598.15,781.61,47.72
Toys & Games,TikTok,VIP,Paid,Delayed,7,1423.4,758.29,17.88
Toys & Games,TikTok,VIP,Paid,Early,9,1976.55,929.66,52.34
Toys & Games,TikTok,VIP,Paid,On Time,48,9742.25,4889.53,40.46
Toys & Games,TikTok,VIP,Pending,Cancelled,1,148.51,60.36,39.52
Toys & Games,TikTok,VIP,Pending,Delayed,1,186.65,126.44,3.5
Toys & Games,TikTok,VIP,Pending,Early,1,120.68,52.73,28.72
Toys & Games,TikTok,VIP,Pending,On Time,7,1587.59,612.53,71.77
Toys & Games,TikTok,VIP,Refunded,Cancelled,6,818.74,475.61,0.0
Toys & Games,YouTube,Business,Failed,Cancelled,2,166.84,102.19,0.0
Toys & Games,YouTube,Business,Paid,Cancelled,4,558.62,252.24,17.11
Toys & Games,YouTube,Business,Paid,Delayed,6,822.31,431.29,13.85
Toys & Games,YouTube,Business,Paid,Early,6,1794.64,1001.99,17.57
Toys & Games,YouTube,Business,Paid,On Time,48,9934.92,5157.31,34.02
Toys & Games,YouTube,Business,Pending,Cancelled,1,112.74,47.64,18.67
Toys & Games,YouTube,Business,Pending,Early,2,498.68,191.27,41.55
Toys & Games,YouTube,Business,Pending,On Time,4,1797.24,963.02,138.02
Toys & Games,YouTube,Business,Refunded,Cancelled,4,645.92,374.61,0.0
Toys & Games,YouTube,Consumer,Failed,Cancelled,25,5098.34,2801.65,12.15
Toys & Games,YouTube,Consumer,Paid,Cancelled,5,968.12,337.6,68.51
Toys & Games,YouTube,Consumer,Paid,Delayed,51,10841.88,5580.99,36.34
Toys & Games,YouTube,Consumer,Paid,Early,19,4431.92,1995.86,67.99
Toys & Games,YouTube,Consumer,Paid,On Time,243,60307.17,30427.6,42.34
Toys & Games,YouTube,Consumer,Pending,Cancelled,10,2126.45,1179.69,10.88
Toys & Games,YouTube,Consumer,Pending,Delayed,5,1594.43,666.72,124.31
Toys & Games,YouTube,Consumer,Pending,Early,2,500.98,246.77,55.8
Toys & Games,YouTube,Consumer,Pending,On Time,28,6158.68,3207.35,39.42
Toys & Games,YouTube,Consumer,Refunded,Cancelled,33,7436.13,4383.75,0.69
Toys & Games,YouTube,Premium,Failed,Cancelled,6,1696.08,989.94,21.17
Toys & Games,YouTube,Premium,Paid,Cancelled,5,1078.7,500.85,51.76
Toys & Games,YouTube,Premium,Paid,Delayed,19,3987.48,1822.2,54.59
Toys & Games,YouTube,Premium,Paid,Early,8,3266.86,1409.1,106.47
Toys & Games,YouTube,Premium,Paid,On Time,96,20855.36,9923.56,56.84
Toys & Games,YouTube,Premium,Pending,Cancelled,3,1174.04,500.59,62.9
Toys & Games,YouTube,Premium,Pending,Delayed,3,210.84,103.93,15.73
Toys & Games,YouTube,Premium,Pending,On Time,14,3165.41,1629.09,38.82
Toys & Games,YouTube,Premium,Refunded,Cancelled,15,3728.98,2307.39,0.0
Toys & Games,YouTube,VIP,Failed,Cancelled,2,492.89,274.98,0.0
Toys & Games,YouTube,VIP,Paid,Cancelled,1,103.12,36.87,99.4
Toys & Games,YouTube,VIP,Paid,Delayed,6,1020.9,320.5,71.22
Toys & Games,YouTube,VIP,Paid,Early,5,825.11,417.51,50.14
Toys & Games,YouTube,VIP,Paid,On Time,40,8861.65,4216.56,49.77
Toys & Games,YouTube,VIP,Pending,Cancelled,2,784.64,175.97,275.92
Toys & Games,YouTube,VIP,Pending,On Time,4,983.96,390.09,104.18
Toys & Games,YouTube,VIP,Refunded,Cancelled,2,418.22,255.88,0.0
